image_id,p_180
test_00000,0.017878
test_00001,0.999999
test_00002,0.999980
test_00003,0.017567
test_00004,0.997956
test_00005,0.421676
test_00006,0.966944
test_00007,0.999625
test_00008,0.812555
test_00009,0.001333
test_00010,0.999997
test_00011,0.000000
test_00012,0.107883
test_00013,0.999995
test_00014,0.834487
test_00015,0.936311
test_00016,1.000000
test_00017,0.000001
test_00018,0.291548
test_00019,0.000013
test_00020,0.000002
test_00021,0.000000
test_00022,0.745810
test_00023,0.002337
test_00024,0.010674
test_00025,1.000000
test_00026,1.000000
test_00027,0.615564
test_00028,0.979075
test_00029,0.998205
test_00030,0.000000
test_00031,0.992295
test_00032,0.696991
test_00033,0.999657
test_00034,0.907839
test_00035,0.999992
test_00036,0.010097
test_00037,0.001947
test_00038,0.005559
test_00039,0.014785
test_00040,0.006860
test_00041,0.782802
test_00042,0.745242
test_00043,0.000558
test_00044,0.402963
test_00045,0.994787
test_00046,0.000026
test_00047,0.978018
test_00048,0.640411
test_00049,0.995445
test_00050,0.997589
test_00051,0.025318
test_00052,0.000000
test_00053,0.815960
test_00054,0.005037
test_00055,0.965786
test_00056,0.000000
test_00057,0.959977
test_00058,0.061812
test_00059,0.019128
test_00060,0.857480
test_00061,0.145375
test_00062,0.000131
test_00063,0.017587
test_00064,0.001552
test_00065,0.999999
test_00066,0.672074
test_00067,0.000316
test_00068,0.000003
test_00069,0.265738
test_00070,0.979610
test_00071,0.950001
test_00072,0.743568
test_00073,0.993256
test_00074,0.874208
test_00075,0.989477
test_00076,0.000526
test_00077,0.999953
test_00078,0.978949
test_00079,0.262471
test_00080,0.009306
test_00081,1.000000
test_00082,0.527034
test_00083,0.000553
test_00084,0.999997
test_00085,0.999936
test_00086,1.000000
test_00087,0.999972
test_00088,0.000001
test_00089,0.952923
test_00090,0.057596
test_00091,0.000000
test_00092,0.996940
test_00093,0.000356
test_00094,0.995559
test_00095,0.960089
test_00096,0.062313
test_00097,0.059010
test_00098,0.000000
test_00099,0.000000
test_00100,0.000133
test_00101,0.011745
test_00102,0.000000
test_00103,1.000000
test_00104,0.984056
test_00105,0.000000
test_00106,0.098016
test_00107,0.625605
test_00108,0.001154
test_00109,0.000004
test_00110,0.992812
test_00111,0.283397
test_00112,0.998062
test_00113,0.000000
test_00114,0.999324
test_00115,0.171314
test_00116,0.000807
test_00117,0.983004
test_00118,1.000000
test_00119,0.269844
test_00120,0.002196
test_00121,0.999997
test_00122,0.999620
test_00123,0.883830
test_00124,0.097876
test_00125,0.208355
test_00126,0.000253
test_00127,0.999997
test_00128,0.003443
test_00129,0.000602
test_00130,0.999924
test_00131,0.000000
test_00132,0.996323
test_00133,0.986302
test_00134,0.000009
test_00135,0.164904
test_00136,0.000000
test_00137,0.978581
test_00138,0.938517
test_00139,0.000006
test_00140,0.998076
test_00141,0.000073
test_00142,0.999237
test_00143,0.928586
test_00144,0.022486
test_00145,0.001027
test_00146,0.000000
test_00147,0.998826
test_00148,0.999997
test_00149,0.899815
test_00150,0.008653
test_00151,1.000000
test_00152,0.007812
test_00153,0.031781
test_00154,0.239014
test_00155,1.000000
test_00156,0.999196
test_00157,0.000911
test_00158,0.999999
test_00159,0.999997
test_00160,0.999984
test_00161,0.124417
test_00162,0.359693
test_00163,0.932540
test_00164,0.113540
test_00165,0.997447
test_00166,0.395453
test_00167,0.317786
test_00168,0.000061
test_00169,0.000000
test_00170,0.997790
test_00171,0.726279
test_00172,0.995694
test_00173,0.004975
test_00174,0.000000
test_00175,0.999997
test_00176,0.942004
test_00177,0.037584
test_00178,0.000029
test_00179,0.947120
test_00180,0.000544
test_00181,0.993252
test_00182,0.999744
test_00183,0.999999
test_00184,0.998027
test_00185,0.977904
test_00186,0.000059
test_00187,1.000000
test_00188,0.999995
test_00189,0.999691
test_00190,0.000016
test_00191,0.989126
test_00192,0.000000
test_00193,0.940768
test_00194,0.000000
test_00195,0.000000
test_00196,0.096790
test_00197,0.936700
test_00198,0.044852
test_00199,0.999380
test_00200,0.999999
test_00201,0.999995
test_00202,0.999995
test_00203,0.996415
test_00204,0.980270
test_00205,0.000009
test_00206,0.000002
test_00207,0.000144
test_00208,0.017040
test_00209,0.000237
test_00210,0.183266
test_00211,0.999989
test_00212,0.989606
test_00213,0.986803
test_00214,0.999994
test_00215,0.000009
test_00216,0.000161
test_00217,0.002633
test_00218,0.003576
test_00219,0.986766
test_00220,0.999998
test_00221,0.999862
test_00222,0.008430
test_00223,0.999627
test_00224,0.476767
test_00225,0.940261
test_00226,0.001373
test_00227,0.000024
test_00228,0.999753
test_00229,0.001804
test_00230,0.000001
test_00231,0.999883
test_00232,0.840752
test_00233,0.980950
test_00234,0.090091
test_00235,0.998188
test_00236,0.000772
test_00237,0.000000
test_00238,0.999991
test_00239,0.049116
test_00240,0.000050
test_00241,0.000002
test_00242,0.006367
test_00243,0.999962
test_00244,1.000000
test_00245,0.600579
test_00246,0.000152
test_00247,0.999969
test_00248,0.992482
test_00249,0.991504
test_00250,0.999275
test_00251,0.000002
test_00252,0.031267
test_00253,1.000000
test_00254,0.000003
test_00255,0.000001
test_00256,0.001222
test_00257,0.000000
test_00258,0.208580
test_00259,0.101730
test_00260,0.000003
test_00261,0.544169
test_00262,0.999905
test_00263,0.053832
test_00264,0.999998
test_00265,0.537703
test_00266,0.000044
test_00267,0.554170
test_00268,0.000088
test_00269,0.999990
test_00270,0.869815
test_00271,0.151884
test_00272,0.999774
test_00273,0.000110
test_00274,0.478634
test_00275,0.000001
test_00276,0.088220
test_00277,1.000000
test_00278,0.000247
test_00279,0.686042
test_00280,0.996607
test_00281,0.913308
test_00282,0.729705
test_00283,0.634058
test_00284,0.504771
test_00285,0.000359
test_00286,0.000003
test_00287,0.998392
test_00288,0.972784
test_00289,1.000000
test_00290,0.990287
test_00291,0.999984
test_00292,0.977254
test_00293,0.000018
test_00294,0.996413
test_00295,0.999996
test_00296,0.244421
test_00297,0.972867
test_00298,0.286310
test_00299,1.000000
test_00300,0.000000
test_00301,0.999979
test_00302,0.000008
test_00303,0.034425
test_00304,0.197669
test_00305,0.838847
test_00306,1.000000
test_00307,0.000030
test_00308,0.000468
test_00309,0.391381
test_00310,0.987454
test_00311,0.904131
test_00312,0.000036
test_00313,1.000000
test_00314,0.000001
test_00315,0.489218
test_00316,0.999829
test_00317,0.000000
test_00318,0.985396
test_00319,0.999999
test_00320,0.999978
test_00321,0.228540
test_00322,0.994825
test_00323,0.997318
test_00324,0.012883
test_00325,0.998119
test_00326,0.019628
test_00327,0.640735
test_00328,0.021818
test_00329,0.999893
test_00330,0.999997
test_00331,1.000000
test_00332,0.997320
test_00333,0.999999
test_00334,1.000000
test_00335,0.658667
test_00336,0.000183
test_00337,0.282597
test_00338,0.001015
test_00339,0.603383
test_00340,0.114859
test_00341,0.000018
test_00342,0.999935
test_00343,0.839229
test_00344,0.999807
test_00345,0.942922
test_00346,0.000008
test_00347,0.011555
test_00348,0.989242
test_00349,0.000304
test_00350,0.776782
test_00351,0.215957
test_00352,0.998713
test_00353,0.999734
test_00354,0.020696
test_00355,0.976584
test_00356,0.065405
test_00357,0.000000
test_00358,0.983214
test_00359,1.000000
test_00360,0.962073
test_00361,0.999998
test_00362,0.360947
test_00363,1.000000
test_00364,0.999652
test_00365,0.870647
test_00366,1.000000
test_00367,0.000281
test_00368,0.006494
test_00369,1.000000
test_00370,0.000062
test_00371,0.002056
test_00372,1.000000
test_00373,0.042566
test_00374,1.000000
test_00375,0.999369
test_00376,0.000000
test_00377,0.000021
test_00378,0.989395
test_00379,0.000000
test_00380,0.004054
test_00381,0.979297
test_00382,0.072251
test_00383,0.002407
test_00384,0.999994
test_00385,0.004475
test_00386,0.996232
test_00387,0.999978
test_00388,0.496934
test_00389,1.000000
test_00390,0.998790
test_00391,0.001027
test_00392,0.588091
test_00393,0.963943
test_00394,0.000030
test_00395,0.090574
test_00396,0.003099
test_00397,0.998186
test_00398,0.001544
test_00399,0.721332
test_00400,0.999994
test_00401,0.988142
test_00402,0.964530
test_00403,0.000123
test_00404,0.000017
test_00405,0.994147
test_00406,0.648519
test_00407,0.000000
test_00408,0.999576
test_00409,0.719574
test_00410,0.002015
test_00411,0.002617
test_00412,0.000000
test_00413,0.100786
test_00414,0.513280
test_00415,0.855613
test_00416,0.000000
test_00417,0.000000
test_00418,0.648826
test_00419,0.999999
test_00420,0.000000
test_00421,0.998794
test_00422,0.999987
test_00423,0.000001
test_00424,0.002471
test_00425,0.000148
test_00426,0.913345
test_00427,0.000000
test_00428,0.002291
test_00429,1.000000
test_00430,1.000000
test_00431,0.999977
test_00432,0.757283
test_00433,0.002095
test_00434,0.048499
test_00435,0.034086
test_00436,0.999634
test_00437,0.090031
test_00438,0.999999
test_00439,0.818387
test_00440,0.601521
test_00441,0.000990
test_00442,0.955721
test_00443,0.905433
test_00444,1.000000
test_00445,0.004360
test_00446,0.000000
test_00447,0.000038
test_00448,0.999998
test_00449,0.005203
test_00450,0.000001
test_00451,0.964795
test_00452,0.663180
test_00453,0.035034
test_00454,0.815103
test_00455,0.993801
test_00456,0.999680
test_00457,0.000011
test_00458,0.999978
test_00459,0.965573
test_00460,0.008502
test_00461,1.000000
test_00462,0.089291
test_00463,0.995992
test_00464,0.000000
test_00465,0.113525
test_00466,0.999997
test_00467,0.524060
test_00468,0.968767
test_00469,0.000016
test_00470,0.469016
test_00471,0.043922
test_00472,0.000849
test_00473,0.038504
test_00474,0.000003
test_00475,0.000005
test_00476,0.260733
test_00477,0.006310
test_00478,0.000000
test_00479,0.998938
test_00480,0.999909
test_00481,0.000438
test_00482,0.014333
test_00483,0.999799
test_00484,0.000000
test_00485,0.007565
test_00486,0.001027
test_00487,0.926605
test_00488,0.094710
test_00489,1.000000
test_00490,0.999827
test_00491,0.429731
test_00492,0.035491
test_00493,0.999764
test_00494,0.961864
test_00495,0.999889
test_00496,0.648588
test_00497,0.999997
test_00498,0.615209
test_00499,0.000000
test_00500,1.000000
test_00501,0.000229
test_00502,0.758253
test_00503,0.001972
test_00504,0.999999
test_00505,0.552363
test_00506,0.999709
test_00507,0.000004
test_00508,0.996365
test_00509,0.046795
test_00510,0.977687
test_00511,0.711935
test_00512,0.983492
test_00513,0.999980
test_00514,0.000000
test_00515,0.103132
test_00516,0.000011
test_00517,0.009261
test_00518,0.052635
test_00519,0.999868
test_00520,0.008423
test_00521,1.000000
test_00522,0.837894
test_00523,0.000000
test_00524,0.914287
test_00525,0.885812
test_00526,0.028560
test_00527,0.000076
test_00528,0.001201
test_00529,0.999988
test_00530,0.000397
test_00531,0.597491
test_00532,0.053060
test_00533,0.000016
test_00534,0.999991
test_00535,0.038879
test_00536,0.000001
test_00537,0.000405
test_00538,0.995922
test_00539,0.022996
test_00540,0.937056
test_00541,0.027098
test_00542,0.032330
test_00543,0.999997
test_00544,1.000000
test_00545,0.004782
test_00546,0.004755
test_00547,0.999999
test_00548,0.000009
test_00549,0.405254
test_00550,0.004338
test_00551,0.000019
test_00552,0.000138
test_00553,0.768479
test_00554,0.120574
test_00555,0.333853
test_00556,0.978246
test_00557,0.997321
test_00558,0.235209
test_00559,0.000104
test_00560,0.923767
test_00561,0.002036
test_00562,0.385877
test_00563,0.000194
test_00564,0.990143
test_00565,0.999917
test_00566,0.000004
test_00567,0.946050
test_00568,0.000003
test_00569,0.256545
test_00570,0.006227
test_00571,0.059749
test_00572,0.000000
test_00573,0.000211
test_00574,0.001322
test_00575,0.268219
test_00576,0.870959
test_00577,0.048433
test_00578,0.000041
test_00579,0.916728
test_00580,0.999916
test_00581,0.999999
test_00582,0.097857
test_00583,0.904462
test_00584,0.000000
test_00585,0.000013
test_00586,0.999051
test_00587,0.999508
test_00588,0.005474
test_00589,0.000000
test_00590,0.000030
test_00591,0.000009
test_00592,0.000000
test_00593,0.336309
test_00594,0.993117
test_00595,0.636516
test_00596,0.215824
test_00597,0.020418
test_00598,0.999917
test_00599,0.000016
test_00600,0.553092
test_00601,0.999024
test_00602,0.667192
test_00603,0.106433
test_00604,0.687850
test_00605,0.932802
test_00606,0.988848
test_00607,0.047307
test_00608,0.007928
test_00609,0.000000
test_00610,0.999222
test_00611,0.387709
test_00612,0.127205
test_00613,0.005482
test_00614,0.557804
test_00615,1.000000
test_00616,0.004484
test_00617,0.953543
test_00618,0.000096
test_00619,0.999999
test_00620,0.998889
test_00621,0.348235
test_00622,0.997492
test_00623,0.776331
test_00624,0.000007
test_00625,0.026519
test_00626,0.657274
test_00627,0.024004
test_00628,0.001731
test_00629,0.210736
test_00630,0.999999
test_00631,0.950834
test_00632,0.986760
test_00633,0.983610
test_00634,1.000000
test_00635,0.000000
test_00636,0.040979
test_00637,0.228470
test_00638,0.000023
test_00639,0.993880
test_00640,0.037075
test_00641,0.999947
test_00642,0.309992
test_00643,0.000000
test_00644,0.998004
test_00645,0.999994
test_00646,0.000018
test_00647,0.549663
test_00648,0.969080
test_00649,0.588164
test_00650,0.000000
test_00651,0.071999
test_00652,0.000050
test_00653,1.000000
test_00654,0.988923
test_00655,0.972756
test_00656,0.000074
test_00657,0.285640
test_00658,0.997381
test_00659,0.039049
test_00660,0.085585
test_00661,0.000002
test_00662,0.000722
test_00663,0.395647
test_00664,0.000109
test_00665,0.021987
test_00666,0.953423
test_00667,0.266858
test_00668,0.000168
test_00669,0.476909
test_00670,0.240221
test_00671,0.999977
test_00672,0.999998
test_00673,1.000000
test_00674,0.997308
test_00675,0.999167
test_00676,0.000001
test_00677,0.071022
test_00678,0.999901
test_00679,0.008926
test_00680,0.041317
test_00681,0.999989
test_00682,0.999998
test_00683,0.998424
test_00684,0.809078
test_00685,0.999985
test_00686,0.999899
test_00687,0.064374
test_00688,0.001218
test_00689,0.996814
test_00690,0.007777
test_00691,0.999930
test_00692,0.999994
test_00693,0.999834
test_00694,0.000001
test_00695,0.109722
test_00696,0.108922
test_00697,0.999996
test_00698,0.000004
test_00699,0.001997
test_00700,0.999926
test_00701,0.998826
test_00702,0.999911
test_00703,0.000525
test_00704,0.001188
test_00705,0.383849
test_00706,0.000011
test_00707,0.997878
test_00708,0.000000
test_00709,0.905975
test_00710,0.133348
test_00711,0.999994
test_00712,0.787424
test_00713,0.010416
test_00714,0.010307
test_00715,0.999959
test_00716,0.983231
test_00717,0.965108
test_00718,0.000474
test_00719,0.000447
test_00720,0.999501
test_00721,0.000322
test_00722,0.000010
test_00723,0.999989
test_00724,0.982983
test_00725,0.958627
test_00726,0.000390
test_00727,0.000172
test_00728,0.999712
test_00729,1.000000
test_00730,0.606797
test_00731,0.402271
test_00732,0.000694
test_00733,0.002388
test_00734,0.999933
test_00735,0.022081
test_00736,0.691126
test_00737,0.999993
test_00738,0.002273
test_00739,1.000000
test_00740,0.000017
test_00741,1.000000
test_00742,0.999467
test_00743,0.889193
test_00744,0.160773
test_00745,0.933716
test_00746,0.002373
test_00747,0.018535
test_00748,0.999977
test_00749,0.000000
test_00750,0.089944
test_00751,0.999992
test_00752,0.001303
test_00753,0.000110
test_00754,0.072279
test_00755,0.861260
test_00756,0.000000
test_00757,0.000001
test_00758,0.000001
test_00759,0.000062
test_00760,0.999997
test_00761,0.863682
test_00762,0.000544
test_00763,0.999880
test_00764,0.103115
test_00765,0.999993
test_00766,0.000001
test_00767,0.998414
test_00768,0.000000
test_00769,0.000000
test_00770,1.000000
test_00771,0.069296
test_00772,0.000002
test_00773,0.999905
test_00774,0.995871
test_00775,1.000000
test_00776,1.000000
test_00777,0.000523
test_00778,0.002186
test_00779,0.039125
test_00780,0.920293
test_00781,0.000064
test_00782,0.497863
test_00783,0.222684
test_00784,0.999500
test_00785,0.999970
test_00786,1.000000
test_00787,0.000152
test_00788,0.999362
test_00789,1.000000
test_00790,0.998321
test_00791,0.986045
test_00792,0.999991
test_00793,0.000000
test_00794,0.974004
test_00795,0.042835
test_00796,0.000014
test_00797,0.526679
test_00798,0.977093
test_00799,0.973876
test_00800,0.009811
test_00801,0.006662
test_00802,0.000560
test_00803,0.001685
test_00804,0.171407
test_00805,0.326366
test_00806,0.999996
test_00807,0.999717
test_00808,0.080353
test_00809,0.270746
test_00810,0.781083
test_00811,0.999994
test_00812,0.981196
test_00813,0.044038
test_00814,0.826481
test_00815,0.009169
test_00816,0.001593
test_00817,0.000096
test_00818,0.000000
test_00819,0.998969
test_00820,0.000008
test_00821,0.022618
test_00822,0.245930
test_00823,0.000601
test_00824,0.001534
test_00825,0.997446
test_00826,0.998865
test_00827,0.998425
test_00828,0.926556
test_00829,0.999215
test_00830,0.999994
test_00831,0.999888
test_00832,0.000163
test_00833,0.000095
test_00834,0.000304
test_00835,0.166204
test_00836,0.832915
test_00837,0.987490
test_00838,0.000000
test_00839,0.000000
test_00840,0.001365
test_00841,0.677605
test_00842,0.993780
test_00843,1.000000
test_00844,0.012601
test_00845,0.003300
test_00846,0.999963
test_00847,0.099128
test_00848,0.001760
test_00849,0.855062
test_00850,0.000250
test_00851,0.994959
test_00852,0.991141
test_00853,0.964644
test_00854,0.209123
test_00855,0.536586
test_00856,0.988393
test_00857,0.005403
test_00858,0.002541
test_00859,0.999753
test_00860,0.068384
test_00861,0.999151
test_00862,0.002362
test_00863,1.000000
test_00864,0.001263
test_00865,0.000051
test_00866,0.045822
test_00867,0.044464
test_00868,0.999658
test_00869,0.034766
test_00870,0.026421
test_00871,0.000016
test_00872,0.000000
test_00873,0.999215
test_00874,0.008161
test_00875,0.916374
test_00876,0.081698
test_00877,0.000766
test_00878,0.000499
test_00879,0.999994
test_00880,0.009161
test_00881,0.999560
test_00882,0.016143
test_00883,0.978540
test_00884,0.891313
test_00885,0.189574
test_00886,0.000744
test_00887,0.467725
test_00888,0.000026
test_00889,0.999998
test_00890,0.684955
test_00891,0.999658
test_00892,0.002973
test_00893,0.999239
test_00894,0.998005
test_00895,0.996979
test_00896,0.790549
test_00897,0.442576
test_00898,0.829156
test_00899,0.000643
test_00900,0.000089
test_00901,1.000000
test_00902,0.640691
test_00903,0.999984
test_00904,1.000000
test_00905,0.005679
test_00906,0.132039
test_00907,0.610211
test_00908,0.000000
test_00909,0.999902
test_00910,0.000000
test_00911,0.995282
test_00912,0.089046
test_00913,0.000167
test_00914,0.262482
test_00915,0.838637
test_00916,0.004901
test_00917,0.997455
test_00918,0.010513
test_00919,0.000000
test_00920,0.000352
test_00921,0.000000
test_00922,0.516717
test_00923,0.000065
test_00924,0.971283
test_00925,1.000000
test_00926,0.821726
test_00927,0.000897
test_00928,0.865468
test_00929,0.108109
test_00930,0.005064
test_00931,0.999723
test_00932,0.000003
test_00933,0.996873
test_00934,1.000000
test_00935,0.000006
test_00936,0.999677
test_00937,0.993705
test_00938,0.000017
test_00939,1.000000
test_00940,0.992383
test_00941,0.986142
test_00942,0.999998
test_00943,0.000005
test_00944,0.000007
test_00945,0.533163
test_00946,0.995919
test_00947,0.001335
test_00948,0.000032
test_00949,0.000082
test_00950,0.000033
test_00951,0.729257
test_00952,0.488167
test_00953,0.994540
test_00954,0.496665
test_00955,0.996527
test_00956,0.982232
test_00957,0.360677
test_00958,0.000830
test_00959,0.860997
test_00960,0.000949
test_00961,0.979633
test_00962,0.000044
test_00963,1.000000
test_00964,0.999427
test_00965,0.999998
test_00966,0.321494
test_00967,0.000003
test_00968,0.029639
test_00969,0.985076
test_00970,0.941139
test_00971,1.000000
test_00972,0.756269
test_00973,0.016103
test_00974,0.017322
test_00975,0.989522
test_00976,0.996531
test_00977,0.875710
test_00978,0.000005
test_00979,0.019162
test_00980,0.999992
test_00981,0.997960
test_00982,0.371376
test_00983,0.025506
test_00984,0.566774
test_00985,0.949669
test_00986,0.037386
test_00987,0.155962
test_00988,0.163766
test_00989,0.999679
test_00990,0.001198
test_00991,0.577757
test_00992,0.000211
test_00993,0.010710
test_00994,0.000013
test_00995,0.238443
test_00996,1.000000
test_00997,0.990960
test_00998,0.000009
test_00999,0.000958
test_01000,0.118240
test_01001,0.983937
test_01002,0.010036
test_01003,0.422104
test_01004,0.194432
test_01005,0.000023
test_01006,0.001568
test_01007,0.002010
test_01008,0.948053
test_01009,0.999999
test_01010,0.999541
test_01011,0.938173
test_01012,0.152596
test_01013,0.026694
test_01014,0.000031
test_01015,0.999998
test_01016,0.984202
test_01017,0.182612
test_01018,1.000000
test_01019,0.999649
test_01020,0.998455
test_01021,0.999977
test_01022,0.325758
test_01023,0.999317
test_01024,0.000031
test_01025,0.450452
test_01026,0.999887
test_01027,0.000000
test_01028,0.000157
test_01029,1.000000
test_01030,0.999942
test_01031,0.412279
test_01032,0.000086
test_01033,0.998929
test_01034,0.544476
test_01035,0.000026
test_01036,1.000000
test_01037,1.000000
test_01038,0.791628
test_01039,1.000000
test_01040,0.913962
test_01041,0.975502
test_01042,0.999994
test_01043,0.626329
test_01044,1.000000
test_01045,0.636816
test_01046,0.000000
test_01047,0.999652
test_01048,0.999997
test_01049,0.000000
test_01050,0.001334
test_01051,0.961156
test_01052,0.842477
test_01053,0.000304
test_01054,0.548978
test_01055,0.000010
test_01056,0.015611
test_01057,0.000482
test_01058,0.999991
test_01059,0.314590
test_01060,0.940087
test_01061,0.994043
test_01062,0.021638
test_01063,0.000025
test_01064,0.020653
test_01065,0.121254
test_01066,0.938837
test_01067,0.131704
test_01068,1.000000
test_01069,0.000015
test_01070,0.999771
test_01071,1.000000
test_01072,0.999293
test_01073,0.999982
test_01074,0.980980
test_01075,0.000034
test_01076,0.010768
test_01077,0.934929
test_01078,0.000017
test_01079,0.999998
test_01080,1.000000
test_01081,0.994011
test_01082,0.998778
test_01083,0.999462
test_01084,0.013856
test_01085,0.878956
test_01086,0.981017
test_01087,0.015656
test_01088,0.002035
test_01089,0.997546
test_01090,0.999361
test_01091,0.999962
test_01092,0.593353
test_01093,0.000031
test_01094,0.000131
test_01095,0.999917
test_01096,0.000007
test_01097,0.999993
test_01098,0.999997
test_01099,0.566969
test_01100,0.000000
test_01101,0.000892
test_01102,0.997018
test_01103,0.051513
test_01104,0.381236
test_01105,0.994521
test_01106,0.000664
test_01107,0.999757
test_01108,0.997617
test_01109,0.028121
test_01110,0.999996
test_01111,0.000002
test_01112,0.053704
test_01113,0.959349
test_01114,0.000000
test_01115,0.000014
test_01116,0.220870
test_01117,0.999630
test_01118,0.000039
test_01119,0.000027
test_01120,0.000154
test_01121,0.999972
test_01122,0.203732
test_01123,0.681445
test_01124,0.009029
test_01125,0.312546
test_01126,0.999994
test_01127,0.000001
test_01128,0.864947
test_01129,0.532031
test_01130,0.999989
test_01131,0.023859
test_01132,0.000000
test_01133,0.002812
test_01134,0.000212
test_01135,0.437421
test_01136,0.161443
test_01137,0.999727
test_01138,0.993402
test_01139,0.000016
test_01140,0.539999
test_01141,0.999985
test_01142,0.924176
test_01143,0.999966
test_01144,0.959738
test_01145,0.935387
test_01146,0.999904
test_01147,0.283552
test_01148,0.999999
test_01149,0.024067
test_01150,0.976056
test_01151,0.000005
test_01152,0.003003
test_01153,0.999933
test_01154,0.999650
test_01155,0.264753
test_01156,0.000028
test_01157,0.000007
test_01158,0.000187
test_01159,0.008021
test_01160,0.000334
test_01161,0.000104
test_01162,0.000011
test_01163,0.999789
test_01164,0.000000
test_01165,0.000055
test_01166,0.999874
test_01167,0.923672
test_01168,0.996362
test_01169,0.132770
test_01170,0.028422
test_01171,0.999994
test_01172,0.999191
test_01173,0.000383
test_01174,0.995378
test_01175,0.000000
test_01176,0.000551
test_01177,0.999708
test_01178,0.979067
test_01179,0.176803
test_01180,0.000000
test_01181,0.000038
test_01182,0.732150
test_01183,0.979928
test_01184,0.999950
test_01185,0.000006
test_01186,0.000447
test_01187,0.000934
test_01188,0.000006
test_01189,0.000001
test_01190,0.000003
test_01191,0.002223
test_01192,0.999999
test_01193,0.005800
test_01194,0.999998
test_01195,0.807441
test_01196,0.965139
test_01197,0.786896
test_01198,0.005616
test_01199,0.000005
test_01200,0.999998
test_01201,0.004449
test_01202,0.998729
test_01203,0.995383
test_01204,0.097896
test_01205,0.001873
test_01206,0.998739
test_01207,0.008821
test_01208,0.764702
test_01209,0.341397
test_01210,1.000000
test_01211,0.997376
test_01212,0.000453
test_01213,0.977634
test_01214,0.645934
test_01215,0.000000
test_01216,0.867865
test_01217,0.000002
test_01218,0.034416
test_01219,0.274664
test_01220,1.000000
test_01221,1.000000
test_01222,0.003265
test_01223,0.996413
test_01224,0.999991
test_01225,0.996443
test_01226,0.097942
test_01227,0.999980
test_01228,0.389300
test_01229,0.999995
test_01230,0.999978
test_01231,0.704051
test_01232,0.000030
test_01233,0.998050
test_01234,0.054007
test_01235,0.999103
test_01236,0.999875
test_01237,0.000014
test_01238,0.000001
test_01239,0.999982
test_01240,0.999992
test_01241,0.998989
test_01242,0.040390
test_01243,0.000717
test_01244,0.000152
test_01245,1.000000
test_01246,0.998281
test_01247,0.999218
test_01248,0.350159
test_01249,0.979532
test_01250,0.983603
test_01251,0.908298
test_01252,0.194304
test_01253,0.063789
test_01254,0.996856
test_01255,0.999731
test_01256,0.981341
test_01257,0.238387
test_01258,0.000372
test_01259,0.105284
test_01260,0.046602
test_01261,0.999820
test_01262,0.298831
test_01263,0.999788
test_01264,0.039328
test_01265,0.999901
test_01266,0.002670
test_01267,0.000015
test_01268,0.000648
test_01269,0.824116
test_01270,0.632692
test_01271,0.000000
test_01272,0.000000
test_01273,0.000008
test_01274,0.005602
test_01275,0.999899
test_01276,0.001030
test_01277,0.015934
test_01278,0.975005
test_01279,0.029602
test_01280,0.237655
test_01281,0.959065
test_01282,0.999981
test_01283,0.999874
test_01284,0.000001
test_01285,0.206939
test_01286,0.995919
test_01287,0.947481
test_01288,0.402295
test_01289,0.993865
test_01290,0.999991
test_01291,0.000000
test_01292,0.739996
test_01293,0.000000
test_01294,1.000000
test_01295,0.999824
test_01296,0.978847
test_01297,0.998116
test_01298,0.061771
test_01299,0.999964
test_01300,0.000000
test_01301,0.999627
test_01302,0.978052
test_01303,0.107987
test_01304,0.000645
test_01305,0.000162
test_01306,0.000092
test_01307,1.000000
test_01308,0.976836
test_01309,0.000001
test_01310,0.999809
test_01311,0.003836
test_01312,0.999922
test_01313,0.000915
test_01314,0.999939
test_01315,0.020226
test_01316,0.714334
test_01317,0.999522
test_01318,0.000014
test_01319,0.004330
test_01320,0.220414
test_01321,0.099519
test_01322,0.997823
test_01323,0.000103
test_01324,0.000002
test_01325,0.994061
test_01326,0.136179
test_01327,0.499340
test_01328,1.000000
test_01329,1.000000
test_01330,1.000000
test_01331,0.000000
test_01332,0.999282
test_01333,0.972663
test_01334,0.110907
test_01335,1.000000
test_01336,0.836716
test_01337,0.999995
test_01338,0.999997
test_01339,0.951303
test_01340,0.117053
test_01341,0.999492
test_01342,0.923068
test_01343,0.998083
test_01344,0.999867
test_01345,0.846659
test_01346,0.038745
test_01347,1.000000
test_01348,0.000002
test_01349,0.000121
test_01350,0.982634
test_01351,0.999994
test_01352,0.999985
test_01353,0.000000
test_01354,0.999388
test_01355,0.510647
test_01356,0.013119
test_01357,0.043183
test_01358,0.990766
test_01359,0.162447
test_01360,0.000026
test_01361,0.999664
test_01362,0.000000
test_01363,1.000000
test_01364,0.628150
test_01365,0.180246
test_01366,0.001994
test_01367,0.999864
test_01368,0.073078
test_01369,0.003318
test_01370,0.000000
test_01371,0.000009
test_01372,0.059402
test_01373,0.999994
test_01374,0.998097
test_01375,0.000008
test_01376,0.000006
test_01377,0.000197
test_01378,0.000000
test_01379,0.000002
test_01380,0.000609
test_01381,0.001327
test_01382,0.999989
test_01383,0.988130
test_01384,0.992507
test_01385,0.996744
test_01386,0.033516
test_01387,0.442193
test_01388,0.002204
test_01389,0.000001
test_01390,0.004600
test_01391,0.000029
test_01392,0.999206
test_01393,0.996991
test_01394,0.000003
test_01395,0.999985
test_01396,0.999206
test_01397,0.710681
test_01398,0.004763
test_01399,0.000229
test_01400,0.074233
test_01401,0.000068
test_01402,0.001670
test_01403,0.912422
test_01404,0.584009
test_01405,0.997666
test_01406,0.000067
test_01407,0.552324
test_01408,0.997430
test_01409,0.990678
test_01410,0.999838
test_01411,0.007182
test_01412,0.000532
test_01413,0.021174
test_01414,0.007649
test_01415,0.981130
test_01416,1.000000
test_01417,0.000015
test_01418,0.759471
test_01419,0.045121
test_01420,0.000000
test_01421,0.179146
test_01422,0.015427
test_01423,0.976487
test_01424,0.812293
test_01425,0.999673
test_01426,0.728681
test_01427,0.000220
test_01428,0.996797
test_01429,0.997364
test_01430,0.016102
test_01431,0.000920
test_01432,0.994789
test_01433,0.990630
test_01434,0.999994
test_01435,0.000020
test_01436,0.000773
test_01437,0.012169
test_01438,0.000016
test_01439,0.998053
test_01440,0.988415
test_01441,0.124229
test_01442,0.497968
test_01443,0.083478
test_01444,0.003796
test_01445,0.995587
test_01446,0.004058
test_01447,0.880551
test_01448,1.000000
test_01449,0.564717
test_01450,0.993832
test_01451,0.011395
test_01452,0.999996
test_01453,0.999663
test_01454,0.992200
test_01455,0.997808
test_01456,0.922567
test_01457,0.994780
test_01458,0.951154
test_01459,1.000000
test_01460,0.000000
test_01461,0.000001
test_01462,0.000003
test_01463,0.999816
test_01464,0.000005
test_01465,0.914429
test_01466,0.999951
test_01467,0.999975
test_01468,0.920270
test_01469,0.000103
test_01470,0.013571
test_01471,0.359583
test_01472,0.945448
test_01473,0.000003
test_01474,0.998411
test_01475,0.000040
test_01476,0.009010
test_01477,0.000000
test_01478,0.015120
test_01479,0.198931
test_01480,1.000000
test_01481,0.800634
test_01482,0.000068
test_01483,0.254543
test_01484,0.000001
test_01485,0.775114
test_01486,0.999998
test_01487,0.000354
test_01488,0.999983
test_01489,0.147843
test_01490,0.829764
test_01491,0.000043
test_01492,0.000238
test_01493,0.020258
test_01494,0.000006
test_01495,0.006255
test_01496,0.955934
test_01497,0.654202
test_01498,0.552421
test_01499,0.007110
test_01500,0.124677
test_01501,0.285088
test_01502,0.579356
test_01503,0.993828
test_01504,0.998254
test_01505,0.000481
test_01506,0.999105
test_01507,0.710499
test_01508,0.934840
test_01509,0.999999
test_01510,0.950407
test_01511,1.000000
test_01512,0.999999
test_01513,0.999886
test_01514,0.004718
test_01515,0.999380
test_01516,0.029390
test_01517,0.020394
test_01518,0.996099
test_01519,0.977892
test_01520,0.999997
test_01521,0.997532
test_01522,0.995170
test_01523,0.957136
test_01524,0.999971
test_01525,0.998225
test_01526,0.000000
test_01527,0.999980
test_01528,0.997208
test_01529,0.000004
test_01530,0.999964
test_01531,0.084525
test_01532,0.968974
test_01533,0.997610
test_01534,0.006370
test_01535,0.005446
test_01536,0.000064
test_01537,1.000000
test_01538,0.000046
test_01539,1.000000
test_01540,0.130725
test_01541,0.880855
test_01542,0.920045
test_01543,0.999924
test_01544,0.000001
test_01545,0.999999
test_01546,0.999720
test_01547,0.156989
test_01548,0.006568
test_01549,1.000000
test_01550,0.998843
test_01551,0.000100
test_01552,0.761069
test_01553,0.999067
test_01554,0.537157
test_01555,0.600998
test_01556,0.998895
test_01557,1.000000
test_01558,0.994592
test_01559,0.005907
test_01560,0.998209
test_01561,0.249155
test_01562,0.254400
test_01563,0.998950
test_01564,0.000001
test_01565,0.958925
test_01566,0.995514
test_01567,0.000413
test_01568,0.000116
test_01569,0.000053
test_01570,0.000258
test_01571,0.996909
test_01572,0.997660
test_01573,0.894623
test_01574,0.290939
test_01575,0.000032
test_01576,0.999495
test_01577,0.000148
test_01578,0.992888
test_01579,0.892004
test_01580,0.202379
test_01581,0.999999
test_01582,0.000039
test_01583,0.000000
test_01584,0.966531
test_01585,0.009420
test_01586,0.999998
test_01587,0.885674
test_01588,0.000281
test_01589,0.314475
test_01590,0.987693
test_01591,0.999960
test_01592,0.004319
test_01593,0.389211
test_01594,0.757857
test_01595,1.000000
test_01596,0.000058
test_01597,0.000035
test_01598,0.000037
test_01599,0.978530
test_01600,0.000028
test_01601,0.996320
test_01602,0.028939
test_01603,0.999991
test_01604,0.999998
test_01605,0.000119
test_01606,0.000006
test_01607,0.999995
test_01608,0.971697
test_01609,0.964146
test_01610,0.999156
test_01611,0.010075
test_01612,0.999950
test_01613,0.301532
test_01614,0.000001
test_01615,0.988363
test_01616,0.016053
test_01617,0.489880
test_01618,0.999999
test_01619,0.000003
test_01620,0.000147
test_01621,0.300941
test_01622,0.999952
test_01623,0.501403
test_01624,0.122446
test_01625,0.332062
test_01626,0.994978
test_01627,0.508762
test_01628,0.003478
test_01629,0.998801
test_01630,0.163097
test_01631,1.000000
test_01632,0.000000
test_01633,0.999994
test_01634,0.000909
test_01635,0.890140
test_01636,0.987020
test_01637,0.000100
test_01638,0.985407
test_01639,0.010794
test_01640,0.000006
test_01641,0.567981
test_01642,0.992181
test_01643,0.000116
test_01644,0.998964
test_01645,0.984447
test_01646,0.530319
test_01647,0.999400
test_01648,0.998125
test_01649,0.000010
test_01650,0.077958
test_01651,0.074635
test_01652,0.999560
test_01653,0.000204
test_01654,0.899930
test_01655,0.999950
test_01656,0.999998
test_01657,0.000039
test_01658,0.015190
test_01659,0.000521
test_01660,0.999992
test_01661,0.000001
test_01662,0.790901
test_01663,0.000009
test_01664,0.034659
test_01665,0.991208
test_01666,0.003629
test_01667,0.000006
test_01668,0.994967
test_01669,0.006424
test_01670,0.545098
test_01671,0.831657
test_01672,0.999914
test_01673,0.157838
test_01674,0.000490
test_01675,0.000185
test_01676,0.999998
test_01677,0.352285
test_01678,0.980779
test_01679,0.999229
test_01680,0.000009
test_01681,0.775132
test_01682,0.999999
test_01683,0.001406
test_01684,0.990373
test_01685,0.999902
test_01686,0.995474
test_01687,0.596475
test_01688,0.013187
test_01689,0.000186
test_01690,0.999561
test_01691,0.240269
test_01692,0.016322
test_01693,0.079850
test_01694,0.008071
test_01695,0.065678
test_01696,0.997190
test_01697,0.997621
test_01698,0.995998
test_01699,0.000318
test_01700,0.999967
test_01701,0.000250
test_01702,0.000217
test_01703,0.999251
test_01704,0.000011
test_01705,0.198463
test_01706,0.989254
test_01707,0.964592
test_01708,0.977530
test_01709,1.000000
test_01710,0.996496
test_01711,0.001226
test_01712,0.007479
test_01713,0.000810
test_01714,0.009037
test_01715,0.999956
test_01716,0.998993
test_01717,1.000000
test_01718,0.000001
test_01719,0.004136
test_01720,0.928259
test_01721,0.000000
test_01722,1.000000
test_01723,0.000097
test_01724,0.014175
test_01725,0.000197
test_01726,0.138214
test_01727,0.999934
test_01728,0.235926
test_01729,0.997786
test_01730,0.176881
test_01731,0.361507
test_01732,0.001460
test_01733,0.999897
test_01734,0.993121
test_01735,1.000000
test_01736,0.996241
test_01737,1.000000
test_01738,0.998287
test_01739,0.826229
test_01740,0.293663
test_01741,0.000003
test_01742,0.000018
test_01743,0.987112
test_01744,0.981182
test_01745,0.057164
test_01746,0.406034
test_01747,1.000000
test_01748,0.016084
test_01749,0.925696
test_01750,0.999987
test_01751,0.052846
test_01752,0.009970
test_01753,0.656588
test_01754,0.003291
test_01755,0.530083
test_01756,0.916551
test_01757,0.592579
test_01758,0.000008
test_01759,0.441687
test_01760,0.725774
test_01761,0.000209
test_01762,0.000001
test_01763,0.000000
test_01764,0.997864
test_01765,0.969032
test_01766,0.000001
test_01767,0.000039
test_01768,0.007656
test_01769,0.938994
test_01770,0.507259
test_01771,0.001850
test_01772,0.037328
test_01773,0.610012
test_01774,1.000000
test_01775,0.998135
test_01776,1.000000
test_01777,0.999272
test_01778,1.000000
test_01779,0.336586
test_01780,0.042591
test_01781,0.949414
test_01782,0.000572
test_01783,0.933850
test_01784,0.000468
test_01785,0.996763
test_01786,0.082318
test_01787,0.371629
test_01788,0.999997
test_01789,0.354425
test_01790,0.000000
test_01791,0.994064
test_01792,0.395281
test_01793,0.012075
test_01794,0.997933
test_01795,0.006036
test_01796,0.000215
test_01797,0.000377
test_01798,0.965114
test_01799,0.293090
test_01800,0.999993
test_01801,0.999157
test_01802,0.021560
test_01803,0.999980
test_01804,0.978584
test_01805,0.000000
test_01806,0.772369
test_01807,0.999989
test_01808,0.999998
test_01809,0.999999
test_01810,0.994962
test_01811,0.999893
test_01812,1.000000
test_01813,0.095637
test_01814,0.000000
test_01815,1.000000
test_01816,0.821038
test_01817,0.005265
test_01818,0.999999
test_01819,0.958186
test_01820,0.002708
test_01821,0.999999
test_01822,0.805527
test_01823,0.000000
test_01824,0.656002
test_01825,0.364977
test_01826,0.959773
test_01827,0.000000
test_01828,0.993995
test_01829,0.000003
test_01830,0.999972
test_01831,0.000554
test_01832,0.003064
test_01833,0.000224
test_01834,0.242634
test_01835,0.071251
test_01836,0.000030
test_01837,1.000000
test_01838,0.002429
test_01839,0.999995
test_01840,0.000044
test_01841,0.970412
test_01842,0.010807
test_01843,0.000082
test_01844,0.999085
test_01845,0.999792
test_01846,1.000000
test_01847,1.000000
test_01848,0.000153
test_01849,0.966999
test_01850,0.984902
test_01851,0.999257
test_01852,0.000215
test_01853,0.072369
test_01854,0.029837
test_01855,0.000083
test_01856,0.259831
test_01857,0.000000
test_01858,0.999924
test_01859,0.787711
test_01860,1.000000
test_01861,0.005006
test_01862,0.749214
test_01863,0.474771
test_01864,0.000000
test_01865,0.999430
test_01866,0.456986
test_01867,0.000513
test_01868,0.000000
test_01869,0.999018
test_01870,0.000075
test_01871,0.994127
test_01872,0.242537
test_01873,0.999737
test_01874,0.382258
test_01875,0.000586
test_01876,0.912699
test_01877,1.000000
test_01878,0.034343
test_01879,0.999997
test_01880,0.977998
test_01881,0.999996
test_01882,0.000024
test_01883,0.045538
test_01884,0.001705
test_01885,0.137318
test_01886,0.000001
test_01887,0.852929
test_01888,0.096584
test_01889,0.209509
test_01890,0.999744
test_01891,0.226300
test_01892,0.020420
test_01893,0.999163
test_01894,0.165420
test_01895,0.000013
test_01896,0.988803
test_01897,0.019503
test_01898,0.955082
test_01899,0.062161
test_01900,0.999994
test_01901,0.748218
test_01902,0.999866
test_01903,0.000006
test_01904,0.000928
test_01905,0.999920
test_01906,0.012719
test_01907,0.999702
test_01908,0.982530
test_01909,0.025066
test_01910,0.000000
test_01911,0.000114
test_01912,0.999915
test_01913,0.000482
test_01914,0.996190
test_01915,0.002397
test_01916,1.000000
test_01917,0.983431
test_01918,0.989901
test_01919,0.317278
test_01920,0.999744
test_01921,0.000342
test_01922,0.338913
test_01923,0.393386
test_01924,0.999998
test_01925,0.999393
test_01926,0.000000
test_01927,0.996252
test_01928,0.003080
test_01929,0.246982
test_01930,1.000000
test_01931,0.000009
test_01932,0.999998
test_01933,0.112787
test_01934,0.814343
test_01935,0.000000
test_01936,0.000000
test_01937,0.497793
test_01938,0.005726
test_01939,0.999995
test_01940,0.000056
test_01941,0.994914
test_01942,0.983197
test_01943,0.600147
test_01944,0.997035
test_01945,0.000044
test_01946,0.648840
test_01947,0.005897
test_01948,0.075247
test_01949,0.080907
test_01950,0.847437
test_01951,0.025286
test_01952,0.999997
test_01953,0.001021
test_01954,1.000000
test_01955,0.024432
test_01956,1.000000
test_01957,0.726378
test_01958,0.296614
test_01959,0.000061
test_01960,0.997981
test_01961,0.999290
test_01962,0.000000
test_01963,0.244124
test_01964,0.006865
test_01965,0.926877
test_01966,0.000001
test_01967,0.362396
test_01968,1.000000
test_01969,0.000000
test_01970,0.025538
test_01971,0.999968
test_01972,0.983380
test_01973,0.001372
test_01974,0.088105
test_01975,0.999819
test_01976,0.999975
test_01977,0.000003
test_01978,0.999962
test_01979,0.008916
test_01980,0.000037
test_01981,0.198328
test_01982,0.000001
test_01983,0.808052
test_01984,0.756121
test_01985,0.994113
test_01986,0.764751
test_01987,0.001446
test_01988,0.000290
test_01989,0.616677
test_01990,0.020807
test_01991,0.999993
test_01992,0.291520
test_01993,0.869174
test_01994,0.159922
test_01995,1.000000
test_01996,0.999885
test_01997,0.273846
test_01998,0.002848
test_01999,0.000111
test_02000,0.999920
test_02001,0.015620
test_02002,0.000000
test_02003,0.990672
test_02004,0.000002
test_02005,0.460955
test_02006,0.000073
test_02007,0.418519
test_02008,0.786137
test_02009,0.759588
test_02010,0.962760
test_02011,1.000000
test_02012,0.548536
test_02013,0.999953
test_02014,0.000011
test_02015,0.007187
test_02016,0.936256
test_02017,0.000011
test_02018,0.996052
test_02019,0.956056
test_02020,0.000029
test_02021,1.000000
test_02022,0.297355
test_02023,0.023682
test_02024,0.000030
test_02025,0.999732
test_02026,0.999999
test_02027,0.925919
test_02028,1.000000
test_02029,0.993553
test_02030,0.999977
test_02031,0.776251
test_02032,0.030908
test_02033,0.000000
test_02034,0.002092
test_02035,0.999993
test_02036,0.001533
test_02037,0.001786
test_02038,0.879192
test_02039,0.999922
test_02040,0.541713
test_02041,0.999992
test_02042,0.000735
test_02043,0.000102
test_02044,0.140433
test_02045,0.997938
test_02046,0.174861
test_02047,0.056960
test_02048,0.999739
test_02049,0.011707
test_02050,0.842355
test_02051,1.000000
test_02052,0.008954
test_02053,0.492497
test_02054,0.449277
test_02055,0.975644
test_02056,0.999652
test_02057,0.999438
test_02058,0.383599
test_02059,1.000000
test_02060,0.999997
test_02061,0.965235
test_02062,0.000745
test_02063,0.000000
test_02064,0.992949
test_02065,0.999993
test_02066,0.999998
test_02067,0.000710
test_02068,0.000810
test_02069,0.999809
test_02070,0.000524
test_02071,0.683229
test_02072,0.999428
test_02073,0.021849
test_02074,1.000000
test_02075,0.159673
test_02076,0.189941
test_02077,0.001963
test_02078,0.999998
test_02079,0.004019
test_02080,1.000000
test_02081,0.000007
test_02082,0.939254
test_02083,0.000012
test_02084,0.000103
test_02085,0.173276
test_02086,0.026070
test_02087,0.000000
test_02088,0.000031
test_02089,0.000117
test_02090,0.515938
test_02091,0.000101
test_02092,0.007868
test_02093,0.000018
test_02094,1.000000
test_02095,0.001778
test_02096,0.000011
test_02097,0.008999
test_02098,0.995265
test_02099,0.999859
test_02100,1.000000
test_02101,0.687722
test_02102,0.976897
test_02103,0.012236
test_02104,0.563281
test_02105,0.981339
test_02106,0.999880
test_02107,0.000038
test_02108,0.000000
test_02109,0.000018
test_02110,0.998818
test_02111,0.000002
test_02112,0.041202
test_02113,0.999759
test_02114,0.999999
test_02115,0.000249
test_02116,0.999947
test_02117,0.000139
test_02118,0.718062
test_02119,0.983987
test_02120,0.013516
test_02121,0.916515
test_02122,0.000003
test_02123,0.009823
test_02124,0.234274
test_02125,0.954661
test_02126,0.005342
test_02127,0.000052
test_02128,0.000120
test_02129,0.968365
test_02130,1.000000
test_02131,0.813327
test_02132,0.999848
test_02133,0.994562
test_02134,0.007966
test_02135,1.000000
test_02136,0.776982
test_02137,0.070146
test_02138,0.748441
test_02139,0.887706
test_02140,0.000005
test_02141,1.000000
test_02142,0.999936
test_02143,0.000043
test_02144,0.628071
test_02145,0.000037
test_02146,0.000005
test_02147,0.911363
test_02148,0.999698
test_02149,0.000000
test_02150,1.000000
test_02151,0.000110
test_02152,0.000026
test_02153,0.999084
test_02154,1.000000
test_02155,1.000000
test_02156,0.614948
test_02157,0.000631
test_02158,0.000167
test_02159,0.998721
test_02160,0.999610
test_02161,0.995021
test_02162,0.999146
test_02163,0.000144
test_02164,0.000000
test_02165,0.576348
test_02166,0.000026
test_02167,0.403155
test_02168,0.123500
test_02169,0.000007
test_02170,0.994802
test_02171,0.051061
test_02172,0.998270
test_02173,0.000021
test_02174,0.651035
test_02175,0.925247
test_02176,0.149915
test_02177,0.829337
test_02178,0.001645
test_02179,0.648836
test_02180,1.000000
test_02181,1.000000
test_02182,0.007622
test_02183,0.001261
test_02184,0.000206
test_02185,1.000000
test_02186,0.000107
test_02187,0.998777
test_02188,0.324642
test_02189,0.998738
test_02190,0.999881
test_02191,0.999992
test_02192,0.000544
test_02193,0.000005
test_02194,0.999483
test_02195,0.991445
test_02196,0.000000
test_02197,0.991793
test_02198,0.416504
test_02199,0.210856
test_02200,0.028709
test_02201,0.043688
test_02202,0.000016
test_02203,0.000211
test_02204,0.546184
test_02205,0.002849
test_02206,0.793597
test_02207,0.111878
test_02208,0.988765
test_02209,0.802350
test_02210,0.000069
test_02211,0.022107
test_02212,0.054510
test_02213,0.999993
test_02214,0.999888
test_02215,0.000002
test_02216,0.003100
test_02217,0.000000
test_02218,0.987524
test_02219,0.000241
test_02220,0.234603
test_02221,0.485851
test_02222,0.999964
test_02223,0.000000
test_02224,0.999467
test_02225,0.000000
test_02226,0.000017
test_02227,0.462649
test_02228,0.999693
test_02229,0.999907
test_02230,0.000426
test_02231,0.375357
test_02232,0.994628
test_02233,0.998477
test_02234,0.002811
test_02235,0.990918
test_02236,0.145084
test_02237,0.979182
test_02238,0.007006
test_02239,0.997871
test_02240,0.989891
test_02241,1.000000
test_02242,0.000115
test_02243,0.000004
test_02244,0.999616
test_02245,0.000167
test_02246,0.999928
test_02247,0.999816
test_02248,0.999830
test_02249,0.962067
test_02250,1.000000
test_02251,0.000481
test_02252,1.000000
test_02253,0.999195
test_02254,0.000304
test_02255,0.354813
test_02256,0.008768
test_02257,0.877872
test_02258,0.001446
test_02259,0.984870
test_02260,0.812075
test_02261,0.000294
test_02262,0.001054
test_02263,0.944688
test_02264,0.179865
test_02265,0.999992
test_02266,0.997895
test_02267,0.000001
test_02268,0.000823
test_02269,0.998301
test_02270,0.999974
test_02271,0.000000
test_02272,0.000039
test_02273,0.525665
test_02274,0.926634
test_02275,0.999757
test_02276,0.993521
test_02277,0.999998
test_02278,0.996546
test_02279,0.999987
test_02280,0.000006
test_02281,0.809653
test_02282,0.000298
test_02283,0.834572
test_02284,0.002840
test_02285,0.999108
test_02286,0.000402
test_02287,0.000149
test_02288,0.000006
test_02289,0.000000
test_02290,0.852083
test_02291,0.000289
test_02292,0.094780
test_02293,0.016827
test_02294,0.997130
test_02295,0.901761
test_02296,0.999959
test_02297,0.995595
test_02298,0.999777
test_02299,0.999979
test_02300,0.000007
test_02301,0.506097
test_02302,1.000000
test_02303,0.999997
test_02304,0.000004
test_02305,1.000000
test_02306,0.986499
test_02307,0.174817
test_02308,0.000000
test_02309,0.069723
test_02310,0.997708
test_02311,0.998273
test_02312,0.001879
test_02313,0.205231
test_02314,0.350821
test_02315,0.756419
test_02316,0.602961
test_02317,0.027999
test_02318,0.999986
test_02319,1.000000
test_02320,0.637712
test_02321,0.957713
test_02322,0.999995
test_02323,0.000000
test_02324,0.998773
test_02325,0.999515
test_02326,0.016774
test_02327,0.211590
test_02328,0.027299
test_02329,0.000445
test_02330,0.000415
test_02331,0.000018
test_02332,0.000001
test_02333,0.000033
test_02334,0.902509
test_02335,0.962111
test_02336,0.999999
test_02337,0.000217
test_02338,0.461456
test_02339,0.996995
test_02340,0.999966
test_02341,0.237302
test_02342,0.001340
test_02343,0.995930
test_02344,0.000000
test_02345,0.000054
test_02346,0.990676
test_02347,0.991412
test_02348,0.974156
test_02349,1.000000
test_02350,0.001601
test_02351,0.000009
test_02352,0.002566
test_02353,0.038688
test_02354,0.994393
test_02355,0.990533
test_02356,0.974972
test_02357,0.000024
test_02358,0.808666
test_02359,0.999913
test_02360,0.000001
test_02361,0.502999
test_02362,0.999717
test_02363,0.999997
test_02364,0.999881
test_02365,0.999986
test_02366,0.000016
test_02367,0.999999
test_02368,0.022916
test_02369,0.000000
test_02370,0.999916
test_02371,0.999769
test_02372,0.000003
test_02373,0.000001
test_02374,0.999970
test_02375,0.982052
test_02376,0.331575
test_02377,0.685597
test_02378,0.744353
test_02379,0.012499
test_02380,0.976422
test_02381,0.999990
test_02382,0.991688
test_02383,0.011523
test_02384,0.000000
test_02385,0.981632
test_02386,0.000004
test_02387,1.000000
test_02388,0.000003
test_02389,0.000000
test_02390,0.788363
test_02391,0.103053
test_02392,0.998204
test_02393,0.000397
test_02394,0.000016
test_02395,1.000000
test_02396,0.000000
test_02397,0.996936
test_02398,0.999986
test_02399,0.136645
test_02400,0.999999
test_02401,0.999626
test_02402,0.994365
test_02403,0.367765
test_02404,0.998736
test_02405,0.992602
test_02406,0.828625
test_02407,0.999913
test_02408,0.041331
test_02409,0.000935
test_02410,0.000000
test_02411,0.587192
test_02412,0.975917
test_02413,0.997005
test_02414,0.999964
test_02415,0.996082
test_02416,0.000163
test_02417,0.945414
test_02418,0.000000
test_02419,0.000253
test_02420,0.000001
test_02421,0.968403
test_02422,0.000552
test_02423,0.997856
test_02424,0.000000
test_02425,0.000011
test_02426,1.000000
test_02427,0.999993
test_02428,0.000000
test_02429,0.163633
test_02430,0.998899
test_02431,0.050713
test_02432,0.642105
test_02433,1.000000
test_02434,0.999930
test_02435,0.568403
test_02436,0.061947
test_02437,0.448978
test_02438,0.991990
test_02439,0.999855
test_02440,0.999769
test_02441,0.578220
test_02442,0.110127
test_02443,0.965633
test_02444,0.091445
test_02445,0.351751
test_02446,0.046948
test_02447,0.651890
test_02448,0.999953
test_02449,0.000000
test_02450,0.989154
test_02451,1.000000
test_02452,0.000232
test_02453,0.638707
test_02454,0.990521
test_02455,0.799899
test_02456,0.000000
test_02457,0.012793
test_02458,0.001063
test_02459,0.000017
test_02460,0.501440
test_02461,0.999891
test_02462,0.999999
test_02463,0.000140
test_02464,0.993475
test_02465,0.000750
test_02466,0.000987
test_02467,0.000001
test_02468,0.999454
test_02469,0.000000
test_02470,0.918970
test_02471,0.999017
test_02472,0.000811
test_02473,0.997677
test_02474,0.000029
test_02475,0.018766
test_02476,0.000588
test_02477,0.977852
test_02478,0.882382
test_02479,1.000000
test_02480,0.999994
test_02481,0.999908
test_02482,0.825436
test_02483,0.000059
test_02484,0.510792
test_02485,0.000467
test_02486,0.979925
test_02487,0.155262
test_02488,0.000804
test_02489,0.999894
test_02490,1.000000
test_02491,0.308359
test_02492,0.010334
test_02493,0.003705
test_02494,0.990507
test_02495,0.000004
test_02496,0.998188
test_02497,0.821346
test_02498,0.649511
test_02499,0.119956
test_02500,0.999995
test_02501,0.000031
test_02502,0.034489
test_02503,0.828670
test_02504,0.993158
test_02505,0.053348
test_02506,0.009028
test_02507,0.999804
test_02508,0.000041
test_02509,0.993000
test_02510,0.001476
test_02511,0.993943
test_02512,0.986892
test_02513,1.000000
test_02514,0.000213
test_02515,0.999983
test_02516,0.999061
test_02517,0.683358
test_02518,0.000813
test_02519,0.334333
test_02520,0.000000
test_02521,0.037752
test_02522,0.995993
test_02523,0.000125
test_02524,0.993933
test_02525,1.000000
test_02526,0.429118
test_02527,0.999994
test_02528,0.908395
test_02529,0.224499
test_02530,0.998558
test_02531,0.971836
test_02532,0.082930
test_02533,0.991485
test_02534,0.002111
test_02535,0.999970
test_02536,0.999992
test_02537,0.467183
test_02538,0.673477
test_02539,0.999996
test_02540,0.000000
test_02541,0.090952
test_02542,0.645905
test_02543,0.818622
test_02544,0.844914
test_02545,0.773542
test_02546,0.000000
test_02547,0.999878
test_02548,0.213115
test_02549,1.000000
test_02550,0.999857
test_02551,0.000280
test_02552,0.989578
test_02553,0.999846
test_02554,0.999561
test_02555,0.994418
test_02556,0.435494
test_02557,0.654297
test_02558,0.996369
test_02559,0.000002
test_02560,0.015510
test_02561,0.999310
test_02562,0.005032
test_02563,0.999983
test_02564,0.873829
test_02565,0.993186
test_02566,0.186102
test_02567,0.538521
test_02568,0.099705
test_02569,0.015131
test_02570,0.973460
test_02571,0.000554
test_02572,0.514843
test_02573,0.005997
test_02574,0.999972
test_02575,0.629166
test_02576,0.999996
test_02577,0.457674
test_02578,0.999969
test_02579,0.002602
test_02580,0.252225
test_02581,0.577965
test_02582,0.000002
test_02583,0.689661
test_02584,1.000000
test_02585,0.000000
test_02586,0.997899
test_02587,0.000073
test_02588,0.317344
test_02589,0.000367
test_02590,0.688198
test_02591,0.999303
test_02592,0.733024
test_02593,0.999415
test_02594,0.999955
test_02595,0.999996
test_02596,0.000000
test_02597,0.999636
test_02598,0.999959
test_02599,0.807885
test_02600,0.734329
test_02601,0.000015
test_02602,0.011338
test_02603,0.000071
test_02604,0.008243
test_02605,0.000003
test_02606,0.838857
test_02607,1.000000
test_02608,0.984265
test_02609,1.000000
test_02610,0.023486
test_02611,0.429727
test_02612,0.369486
test_02613,0.002208
test_02614,0.004494
test_02615,0.000251
test_02616,0.980254
test_02617,1.000000
test_02618,0.897522
test_02619,0.999974
test_02620,0.000000
test_02621,0.996997
test_02622,0.257668
test_02623,0.308612
test_02624,0.999844
test_02625,0.000008
test_02626,1.000000
test_02627,0.999991
test_02628,0.018853
test_02629,0.000088
test_02630,0.999996
test_02631,0.000017
test_02632,0.017268
test_02633,0.999473
test_02634,0.000113
test_02635,0.421151
test_02636,0.012462
test_02637,1.000000
test_02638,0.997398
test_02639,0.001060
test_02640,0.999998
test_02641,0.999999
test_02642,0.000026
test_02643,0.999295
test_02644,0.000579
test_02645,0.285730
test_02646,0.018935
test_02647,0.000275
test_02648,0.000007
test_02649,0.999986
test_02650,0.000412
test_02651,0.977422
test_02652,0.289503
test_02653,0.790291
test_02654,0.921615
test_02655,0.000818
test_02656,0.000000
test_02657,0.120327
test_02658,0.930083
test_02659,0.889070
test_02660,0.053174
test_02661,0.999999
test_02662,0.004872
test_02663,0.000001
test_02664,0.988822
test_02665,0.960249
test_02666,0.841148
test_02667,0.143662
test_02668,0.995360
test_02669,0.259196
test_02670,0.991116
test_02671,0.000017
test_02672,0.999693
test_02673,0.999980
test_02674,0.758434
test_02675,0.993438
test_02676,1.000000
test_02677,0.016133
test_02678,0.999997
test_02679,0.996903
test_02680,0.000506
test_02681,0.002519
test_02682,0.002614
test_02683,0.646989
test_02684,0.000255
test_02685,0.103798
test_02686,0.999959
test_02687,0.024171
test_02688,1.000000
test_02689,0.912791
test_02690,0.130911
test_02691,0.782754
test_02692,0.999865
test_02693,0.999657
test_02694,0.999973
test_02695,0.989986
test_02696,0.997229
test_02697,0.000000
test_02698,0.000000
test_02699,0.999873
test_02700,0.004250
test_02701,0.000002
test_02702,0.753580
test_02703,0.056410
test_02704,0.066506
test_02705,0.999808
test_02706,0.000000
test_02707,1.000000
test_02708,0.831093
test_02709,0.466163
test_02710,1.000000
test_02711,0.000078
test_02712,0.999107
test_02713,0.062968
test_02714,0.005634
test_02715,0.999987
test_02716,0.000029
test_02717,1.000000
test_02718,0.000000
test_02719,0.888110
test_02720,0.000043
test_02721,0.000015
test_02722,0.000125
test_02723,0.999998
test_02724,0.002412
test_02725,0.001422
test_02726,0.999533
test_02727,0.024192
test_02728,0.121466
test_02729,0.042702
test_02730,0.999995
test_02731,0.003601
test_02732,0.997846
test_02733,0.785309
test_02734,0.000006
test_02735,0.999737
test_02736,0.004959
test_02737,0.999995
test_02738,0.961314
test_02739,0.902174
test_02740,1.000000
test_02741,0.000001
test_02742,0.002908
test_02743,0.000152
test_02744,0.000002
test_02745,0.998986
test_02746,0.414878
test_02747,0.054005
test_02748,0.000008
test_02749,0.623065
test_02750,0.999972
test_02751,0.449109
test_02752,0.996146
test_02753,0.969959
test_02754,0.000003
test_02755,0.965988
test_02756,0.996368
test_02757,0.000776
test_02758,0.709561
test_02759,0.471234
test_02760,0.000000
test_02761,0.999994
test_02762,0.000014
test_02763,0.049039
test_02764,1.000000
test_02765,0.004154
test_02766,0.090316
test_02767,0.000001
test_02768,0.125622
test_02769,0.000000
test_02770,0.009196
test_02771,0.999854
test_02772,0.641988
test_02773,0.000004
test_02774,0.999651
test_02775,0.602652
test_02776,0.999742
test_02777,0.999985
test_02778,0.000929
test_02779,0.000499
test_02780,0.992699
test_02781,0.950938
test_02782,0.851001
test_02783,0.016358
test_02784,0.133667
test_02785,1.000000
test_02786,0.000006
test_02787,0.000031
test_02788,0.999952
test_02789,0.142866
test_02790,0.007464
test_02791,0.000006
test_02792,0.291399
test_02793,0.299678
test_02794,0.004851
test_02795,0.999820
test_02796,0.999998
test_02797,0.002891
test_02798,0.996683
test_02799,0.981772
test_02800,0.000015
test_02801,0.000000
test_02802,0.000001
test_02803,0.008459
test_02804,0.013694
test_02805,0.134675
test_02806,0.999967
test_02807,0.000001
test_02808,0.685878
test_02809,0.072035
test_02810,0.014875
test_02811,0.000000
test_02812,0.720202
test_02813,0.985470
test_02814,1.000000
test_02815,0.104974
test_02816,0.678915
test_02817,0.000002
test_02818,0.003110
test_02819,0.754363
test_02820,0.000522
test_02821,0.937442
test_02822,0.994743
test_02823,0.792257
test_02824,0.000027
test_02825,1.000000
test_02826,0.999999
test_02827,0.980450
test_02828,1.000000
test_02829,0.999979
test_02830,1.000000
test_02831,0.998706
test_02832,0.060347
test_02833,0.031315
test_02834,0.983785
test_02835,0.000000
test_02836,0.999144
test_02837,0.999953
test_02838,0.000375
test_02839,0.999977
test_02840,0.887359
test_02841,1.000000
test_02842,0.999992
test_02843,0.000053
test_02844,0.000000
test_02845,0.000948
test_02846,0.999831
test_02847,0.999955
test_02848,0.001281
test_02849,0.319874
test_02850,0.000144
test_02851,1.000000
test_02852,0.000000
test_02853,0.001382
test_02854,0.368534
test_02855,0.998859
test_02856,0.011339
test_02857,0.996029
test_02858,0.999993
test_02859,0.999940
test_02860,0.114396
test_02861,0.999998
test_02862,0.024840
test_02863,0.813018
test_02864,0.669892
test_02865,0.999675
test_02866,1.000000
test_02867,0.998413
test_02868,0.000002
test_02869,0.984424
test_02870,0.738827
test_02871,0.999896
test_02872,0.001160
test_02873,0.999996
test_02874,0.999991
test_02875,0.996839
test_02876,0.992372
test_02877,0.053683
test_02878,0.001674
test_02879,0.002428
test_02880,0.998662
test_02881,0.249416
test_02882,0.001465
test_02883,0.999998
test_02884,0.807017
test_02885,0.684824
test_02886,0.000197
test_02887,0.000047
test_02888,0.000043
test_02889,0.000002
test_02890,0.000000
test_02891,0.001677
test_02892,0.626937
test_02893,0.000540
test_02894,0.029293
test_02895,0.837332
test_02896,0.965446
test_02897,0.004980
test_02898,0.260144
test_02899,0.990047
test_02900,0.855070
test_02901,0.333470
test_02902,0.000489
test_02903,0.000201
test_02904,0.246038
test_02905,0.999995
test_02906,0.969510
test_02907,0.998100
test_02908,0.381330
test_02909,0.027784
test_02910,0.000114
test_02911,0.000087
test_02912,1.000000
test_02913,0.000002
test_02914,0.996125
test_02915,0.999532
test_02916,0.995204
test_02917,0.020239
test_02918,0.006689
test_02919,0.000003
test_02920,0.000000
test_02921,0.998793
test_02922,0.999998
test_02923,0.001839
test_02924,0.636186
test_02925,0.000040
test_02926,0.999172
test_02927,0.983048
test_02928,0.958820
test_02929,0.000013
test_02930,0.999998
test_02931,0.997309
test_02932,0.995462
test_02933,0.562226
test_02934,0.546228
test_02935,0.727202
test_02936,0.999984
test_02937,0.000713
test_02938,0.500524
test_02939,0.999767
test_02940,0.294917
test_02941,0.938490
test_02942,0.139936
test_02943,0.629361
test_02944,0.006591
test_02945,0.858332
test_02946,0.000015
test_02947,0.349741
test_02948,0.000065
test_02949,0.416271
test_02950,0.002771
test_02951,0.735705
test_02952,0.998515
test_02953,0.846946
test_02954,0.999984
test_02955,0.029212
test_02956,0.000004
test_02957,0.000000
test_02958,0.993335
test_02959,0.014042
test_02960,0.483248
test_02961,0.138539
test_02962,0.997155
test_02963,0.188558
test_02964,0.999966
test_02965,0.000003
test_02966,0.000615
test_02967,0.000113
test_02968,0.999993
test_02969,0.999998
test_02970,0.879647
test_02971,0.999995
test_02972,0.999717
test_02973,0.000000
test_02974,0.405191
test_02975,0.000005
test_02976,0.997593
test_02977,0.566041
test_02978,1.000000
test_02979,0.998202
test_02980,0.000004
test_02981,0.999239
test_02982,0.885434
test_02983,0.993896
test_02984,0.999613
test_02985,0.130636
test_02986,0.568542
test_02987,0.000217
test_02988,0.002385
test_02989,0.185386
test_02990,1.000000
test_02991,0.999946
test_02992,0.000000
test_02993,0.006656
test_02994,0.996880
test_02995,0.000021
test_02996,0.700342
test_02997,0.954938
test_02998,0.004272
test_02999,0.999959
test_03000,0.992327
test_03001,1.000000
test_03002,0.999988
test_03003,0.657461
test_03004,0.041457
test_03005,0.000012
test_03006,0.627073
test_03007,0.007404
test_03008,0.023817
test_03009,0.029246
test_03010,0.998832
test_03011,0.999999
test_03012,0.000001
test_03013,0.999996
test_03014,0.999959
test_03015,0.000001
test_03016,0.000000
test_03017,0.952278
test_03018,0.000002
test_03019,0.000001
test_03020,0.630906
test_03021,0.000095
test_03022,0.999577
test_03023,0.453857
test_03024,0.997959
test_03025,0.027696
test_03026,0.000010
test_03027,0.000107
test_03028,0.018780
test_03029,0.000003
test_03030,0.752269
test_03031,0.030101
test_03032,0.058102
test_03033,0.210680
test_03034,0.020560
test_03035,0.005093
test_03036,0.039853
test_03037,0.001421
test_03038,0.000897
test_03039,0.000145
test_03040,0.999997
test_03041,1.000000
test_03042,0.982389
test_03043,0.997867
test_03044,0.999996
test_03045,0.078941
test_03046,0.955004
test_03047,0.999980
test_03048,0.000002
test_03049,0.999989
test_03050,0.000007
test_03051,0.000005
test_03052,0.306331
test_03053,0.027052
test_03054,0.576588
test_03055,0.999962
test_03056,1.000000
test_03057,0.000000
test_03058,0.044083
test_03059,0.999997
test_03060,0.939983
test_03061,0.999839
test_03062,0.999999
test_03063,0.017003
test_03064,0.999851
test_03065,0.095590
test_03066,0.997535
test_03067,0.745740
test_03068,0.558934
test_03069,0.999998
test_03070,0.991951
test_03071,0.999997
test_03072,0.126419
test_03073,0.000007
test_03074,0.960085
test_03075,0.999947
test_03076,0.007469
test_03077,0.413904
test_03078,0.003406
test_03079,0.001542
test_03080,0.015606
test_03081,0.033557
test_03082,0.998619
test_03083,0.955499
test_03084,0.250206
test_03085,0.876807
test_03086,0.134505
test_03087,0.001825
test_03088,0.986538
test_03089,0.000203
test_03090,0.999481
test_03091,0.830086
test_03092,0.000001
test_03093,0.835260
test_03094,0.999998
test_03095,0.991298
test_03096,0.994486
test_03097,0.000196
test_03098,0.000278
test_03099,0.999939
test_03100,0.999160
test_03101,0.276779
test_03102,0.999560
test_03103,0.004361
test_03104,0.491892
test_03105,0.000004
test_03106,0.002252
test_03107,0.000003
test_03108,0.025395
test_03109,0.000005
test_03110,0.000005
test_03111,0.000244
test_03112,0.000000
test_03113,0.001682
test_03114,0.002462
test_03115,0.500502
test_03116,0.999948
test_03117,0.000111
test_03118,0.577445
test_03119,0.997336
test_03120,0.014096
test_03121,0.000000
test_03122,0.853946
test_03123,0.999998
test_03124,1.000000
test_03125,0.651858
test_03126,0.998965
test_03127,0.720085
test_03128,0.000000
test_03129,0.012037
test_03130,1.000000
test_03131,0.000066
test_03132,0.999996
test_03133,0.489068
test_03134,0.616161
test_03135,0.995693
test_03136,0.010963
test_03137,0.443623
test_03138,0.000001
test_03139,0.179311
test_03140,0.031980
test_03141,0.608470
test_03142,1.000000
test_03143,0.103864
test_03144,0.892990
test_03145,1.000000
test_03146,0.000000
test_03147,0.000005
test_03148,0.000041
test_03149,0.453145
test_03150,0.927499
test_03151,0.000966
test_03152,0.729897
test_03153,0.000000
test_03154,0.999994
test_03155,0.000005
test_03156,0.999910
test_03157,0.000027
test_03158,0.999961
test_03159,0.985998
test_03160,0.469267
test_03161,0.000193
test_03162,0.999896
test_03163,0.172471
test_03164,0.999986
test_03165,0.000000
test_03166,0.000047
test_03167,0.000000
test_03168,0.000320
test_03169,0.011119
test_03170,0.000003
test_03171,0.985063
test_03172,0.685416
test_03173,0.999057
test_03174,0.969479
test_03175,0.980398
test_03176,0.999886
test_03177,0.000957
test_03178,0.999846
test_03179,0.016520
test_03180,0.999821
test_03181,0.999978
test_03182,0.000001
test_03183,0.999978
test_03184,0.999923
test_03185,0.984354
test_03186,0.000151
test_03187,0.938290
test_03188,0.433513
test_03189,0.998081
test_03190,0.197464
test_03191,0.011577
test_03192,0.257908
test_03193,0.247636
test_03194,0.911906
test_03195,0.004262
test_03196,0.999985
test_03197,0.007010
test_03198,0.003889
test_03199,0.655995
test_03200,0.002359
test_03201,0.050838
test_03202,0.471517
test_03203,0.007726
test_03204,0.999995
test_03205,0.056776
test_03206,0.000005
test_03207,0.999937
test_03208,0.063637
test_03209,0.149066
test_03210,0.755811
test_03211,0.000000
test_03212,0.968998
test_03213,0.999998
test_03214,0.000009
test_03215,1.000000
test_03216,0.154423
test_03217,0.000010
test_03218,0.000000
test_03219,0.999997
test_03220,0.947096
test_03221,0.969816
test_03222,0.000029
test_03223,0.058267
test_03224,0.999817
test_03225,0.999977
test_03226,0.000000
test_03227,0.998612
test_03228,0.983903
test_03229,0.000058
test_03230,0.936142
test_03231,1.000000
test_03232,0.999942
test_03233,0.000387
test_03234,0.017131
test_03235,0.693116
test_03236,0.000080
test_03237,0.997877
test_03238,0.007985
test_03239,0.000028
test_03240,0.000979
test_03241,0.915125
test_03242,0.000774
test_03243,0.000000
test_03244,0.145107
test_03245,0.865883
test_03246,0.817468
test_03247,0.960915
test_03248,0.014743
test_03249,0.999390
test_03250,0.000298
test_03251,0.000000
test_03252,0.999755
test_03253,0.999995
test_03254,0.000931
test_03255,0.015129
test_03256,0.999955
test_03257,0.999043
test_03258,0.008955
test_03259,0.913354
test_03260,0.000343
test_03261,0.000000
test_03262,0.999828
test_03263,0.634428
test_03264,0.479413
test_03265,0.000216
test_03266,0.999601
test_03267,0.999993
test_03268,0.669014
test_03269,0.999966
test_03270,0.000341
test_03271,0.199402
test_03272,0.999972
test_03273,0.000021
test_03274,0.000355
test_03275,0.263577
test_03276,0.000012
test_03277,0.000151
test_03278,0.984163
test_03279,0.998079
test_03280,0.628501
test_03281,1.000000
test_03282,0.512080
test_03283,0.290578
test_03284,0.000880
test_03285,1.000000
test_03286,0.985068
test_03287,0.999997
test_03288,0.742196
test_03289,0.982539
test_03290,0.388482
test_03291,0.738663
test_03292,0.560715
test_03293,1.000000
test_03294,0.999329
test_03295,0.000008
test_03296,0.000000
test_03297,0.999996
test_03298,0.000005
test_03299,0.999899
test_03300,0.931809
test_03301,0.034102
test_03302,0.991719
test_03303,0.001913
test_03304,0.000332
test_03305,0.999992
test_03306,0.984795
test_03307,0.998874
test_03308,0.999954
test_03309,0.001321
test_03310,1.000000
test_03311,0.099474
test_03312,0.993622
test_03313,0.000001
test_03314,0.000001
test_03315,0.585591
test_03316,0.989663
test_03317,0.999610
test_03318,0.910547
test_03319,0.000111
test_03320,0.999999
test_03321,0.993454
test_03322,0.999994
test_03323,0.977079
test_03324,0.000862
test_03325,0.002786
test_03326,0.276194
test_03327,0.999928
test_03328,0.116398
test_03329,0.001211
test_03330,0.996709
test_03331,0.000000
test_03332,0.998237
test_03333,0.512638
test_03334,0.998817
test_03335,0.999945
test_03336,0.000000
test_03337,0.000034
test_03338,0.009686
test_03339,0.995448
test_03340,0.919737
test_03341,0.000088
test_03342,0.008943
test_03343,0.001507
test_03344,0.998842
test_03345,0.000243
test_03346,0.030245
test_03347,0.017929
test_03348,0.000032
test_03349,1.000000
test_03350,0.796231
test_03351,0.314372
test_03352,0.999074
test_03353,0.420831
test_03354,0.000000
test_03355,0.999974
test_03356,0.441707
test_03357,0.986109
test_03358,0.000003
test_03359,1.000000
test_03360,0.319646
test_03361,0.014504
test_03362,0.999980
test_03363,0.987360
test_03364,0.584125
test_03365,0.915686
test_03366,0.109721
test_03367,0.854011
test_03368,0.897200
test_03369,0.022986
test_03370,0.999990
test_03371,0.999950
test_03372,0.694637
test_03373,0.006762
test_03374,0.861254
test_03375,0.000000
test_03376,0.999784
test_03377,0.000580
test_03378,0.071123
test_03379,0.999174
test_03380,0.999992
test_03381,0.999958
test_03382,0.999995
test_03383,0.000394
test_03384,0.956808
test_03385,0.996562
test_03386,0.261076
test_03387,0.999999
test_03388,0.345539
test_03389,0.996699
test_03390,0.759300
test_03391,0.999745
test_03392,0.358391
test_03393,0.000695
test_03394,0.649690
test_03395,0.084539
test_03396,0.000155
test_03397,0.000004
test_03398,0.950580
test_03399,0.974796
test_03400,0.000383
test_03401,0.271198
test_03402,0.957166
test_03403,0.000045
test_03404,0.007167
test_03405,0.634852
test_03406,0.022795
test_03407,0.000022
test_03408,0.570308
test_03409,0.247225
test_03410,0.783638
test_03411,0.449921
test_03412,0.999728
test_03413,0.343822
test_03414,0.000521
test_03415,0.955730
test_03416,0.024756
test_03417,0.038147
test_03418,0.038141
test_03419,0.000052
test_03420,0.999245
test_03421,0.120558
test_03422,0.993616
test_03423,0.000212
test_03424,0.000048
test_03425,0.000000
test_03426,0.994778
test_03427,0.999951
test_03428,0.000013
test_03429,0.545093
test_03430,0.999072
test_03431,0.999965
test_03432,0.006793
test_03433,0.999446
test_03434,0.000151
test_03435,0.999947
test_03436,0.012919
test_03437,0.087071
test_03438,0.000010
test_03439,0.999975
test_03440,0.092803
test_03441,0.995237
test_03442,0.741945
test_03443,0.446285
test_03444,0.728471
test_03445,0.118260
test_03446,0.999451
test_03447,0.999994
test_03448,0.988350
test_03449,1.000000
test_03450,0.076311
test_03451,0.000001
test_03452,0.000000
test_03453,0.002057
test_03454,0.005836
test_03455,0.000033
test_03456,0.000000
test_03457,0.374322
test_03458,0.999495
test_03459,0.000350
test_03460,0.000427
test_03461,0.616857
test_03462,1.000000
test_03463,0.000002
test_03464,0.998648
test_03465,0.000889
test_03466,0.000000
test_03467,0.976537
test_03468,0.000000
test_03469,0.000019
test_03470,0.000000
test_03471,0.704043
test_03472,1.000000
test_03473,0.994519
test_03474,0.999798
test_03475,0.939851
test_03476,0.000044
test_03477,0.009513
test_03478,0.000000
test_03479,0.000026
test_03480,0.999996
test_03481,0.856103
test_03482,0.995800
test_03483,0.000005
test_03484,0.949158
test_03485,0.042900
test_03486,0.999777
test_03487,0.999364
test_03488,0.999692
test_03489,0.006032
test_03490,0.999906
test_03491,0.914386
test_03492,0.999994
test_03493,1.000000
test_03494,0.000128
test_03495,0.060157
test_03496,0.005575
test_03497,0.999991
test_03498,1.000000
test_03499,0.999989
test_03500,0.326706
test_03501,0.009765
test_03502,0.026621
test_03503,0.033989
test_03504,0.211999
test_03505,0.000028
test_03506,0.014905
test_03507,0.000044
test_03508,0.251675
test_03509,0.230896
test_03510,0.987329
test_03511,0.000002
test_03512,0.924028
test_03513,0.081361
test_03514,0.997347
test_03515,0.719045
test_03516,0.003496
test_03517,0.999734
test_03518,0.000357
test_03519,0.498514
test_03520,0.984000
test_03521,0.991418
test_03522,0.716431
test_03523,1.000000
test_03524,0.005908
test_03525,0.999216
test_03526,1.000000
test_03527,0.289534
test_03528,0.000160
test_03529,0.000009
test_03530,0.003450
test_03531,0.002189
test_03532,0.999992
test_03533,0.005885
test_03534,0.435494
test_03535,0.001161
test_03536,1.000000
test_03537,0.000618
test_03538,0.000038
test_03539,0.467390
test_03540,0.999724
test_03541,0.020464
test_03542,0.202963
test_03543,0.999886
test_03544,0.000001
test_03545,0.000005
test_03546,0.857618
test_03547,1.000000
test_03548,0.999996
test_03549,0.009961
test_03550,0.845313
test_03551,0.999999
test_03552,0.944797
test_03553,1.000000
test_03554,0.842948
test_03555,0.014608
test_03556,0.076600
test_03557,0.997136
test_03558,0.622103
test_03559,0.001438
test_03560,0.999915
test_03561,0.999994
test_03562,0.999933
test_03563,0.701325
test_03564,0.999597
test_03565,1.000000
test_03566,0.000000
test_03567,0.481625
test_03568,0.001588
test_03569,0.001180
test_03570,1.000000
test_03571,0.000000
test_03572,0.993359
test_03573,0.992003
test_03574,0.909697
test_03575,0.998162
test_03576,1.000000
test_03577,0.000113
test_03578,0.000000
test_03579,0.000020
test_03580,0.973439
test_03581,0.000000
test_03582,0.821552
test_03583,1.000000
test_03584,0.000225
test_03585,0.998535
test_03586,0.078074
test_03587,0.118628
test_03588,0.000233
test_03589,0.602682
test_03590,0.004315
test_03591,0.000008
test_03592,0.999749
test_03593,0.997472
test_03594,0.000013
test_03595,0.999722
test_03596,0.999537
test_03597,0.000089
test_03598,0.846193
test_03599,0.999993
test_03600,0.024059
test_03601,0.999975
test_03602,0.000010
test_03603,1.000000
test_03604,1.000000
test_03605,0.999990
test_03606,0.000288
test_03607,0.000005
test_03608,1.000000
test_03609,0.012519
test_03610,0.944063
test_03611,0.645215
test_03612,0.999868
test_03613,0.999206
test_03614,0.000000
test_03615,0.316591
test_03616,0.000169
test_03617,0.000001
test_03618,0.999999
test_03619,0.000006
test_03620,0.000038
test_03621,0.000190
test_03622,0.151888
test_03623,0.000000
test_03624,0.188432
test_03625,0.999972
test_03626,0.517105
test_03627,0.033756
test_03628,0.000000
test_03629,0.607164
test_03630,0.012865
test_03631,0.014677
test_03632,0.899089
test_03633,0.000712
test_03634,0.000000
test_03635,0.999787
test_03636,0.440520
test_03637,0.000000
test_03638,0.844837
test_03639,0.001180
test_03640,0.108568
test_03641,0.919692
test_03642,0.437392
test_03643,0.969394
test_03644,0.000027
test_03645,1.000000
test_03646,0.978236
test_03647,0.655077
test_03648,0.502907
test_03649,0.996824
test_03650,0.999824
test_03651,0.009527
test_03652,0.000000
test_03653,0.342711
test_03654,0.995990
test_03655,0.967849
test_03656,0.704539
test_03657,0.500015
test_03658,0.404601
test_03659,1.000000
test_03660,0.999944
test_03661,0.245552
test_03662,0.999353
test_03663,0.995163
test_03664,0.866276
test_03665,1.000000
test_03666,0.001332
test_03667,0.000595
test_03668,0.999999
test_03669,0.999983
test_03670,0.057273
test_03671,0.000004
test_03672,0.962503
test_03673,0.891672
test_03674,0.314784
test_03675,0.999964
test_03676,0.994324
test_03677,0.917795
test_03678,0.952325
test_03679,0.000198
test_03680,0.999937
test_03681,0.046965
test_03682,0.681452
test_03683,0.999984
test_03684,1.000000
test_03685,0.999310
test_03686,1.000000
test_03687,0.438688
test_03688,0.990148
test_03689,0.000000
test_03690,0.999959
test_03691,0.999928
test_03692,0.000668
test_03693,0.871925
test_03694,0.999958
test_03695,0.000003
test_03696,0.000489
test_03697,0.472939
test_03698,0.999983
test_03699,0.998387
test_03700,0.997591
test_03701,0.008656
test_03702,1.000000
test_03703,0.999982
test_03704,0.000015
test_03705,0.000079
test_03706,0.000002
test_03707,0.999996
test_03708,0.116328
test_03709,1.000000
test_03710,0.028945
test_03711,0.029287
test_03712,0.999993
test_03713,0.012336
test_03714,0.015441
test_03715,1.000000
test_03716,1.000000
test_03717,0.000005
test_03718,0.000001
test_03719,1.000000
test_03720,0.102827
test_03721,0.001920
test_03722,0.025693
test_03723,0.003512
test_03724,0.996961
test_03725,0.000000
test_03726,0.980251
test_03727,0.000003
test_03728,0.027679
test_03729,0.003503
test_03730,0.879984
test_03731,0.249512
test_03732,0.750896
test_03733,0.241534
test_03734,0.997226
test_03735,0.002368
test_03736,0.001726
test_03737,0.992947
test_03738,0.822744
test_03739,0.999999
test_03740,0.000000
test_03741,0.101095
test_03742,0.660987
test_03743,0.999491
test_03744,0.999495
test_03745,0.990986
test_03746,0.000479
test_03747,0.262420
test_03748,0.000066
test_03749,0.770506
test_03750,0.999727
test_03751,0.885323
test_03752,0.878364
test_03753,0.998880
test_03754,0.999981
test_03755,0.998397
test_03756,0.999305
test_03757,0.001281
test_03758,0.993219
test_03759,0.065646
test_03760,0.132971
test_03761,0.000042
test_03762,0.996449
test_03763,0.080679
test_03764,0.997561
test_03765,0.085400
test_03766,0.999542
test_03767,0.527653
test_03768,0.000003
test_03769,0.000008
test_03770,0.997776
test_03771,0.558174
test_03772,1.000000
test_03773,0.091769
test_03774,0.974433
test_03775,0.996273
test_03776,0.000000
test_03777,0.077922
test_03778,0.981916
test_03779,0.001139
test_03780,0.005279
test_03781,0.449159
test_03782,0.000001
test_03783,0.000019
test_03784,0.000000
test_03785,0.999998
test_03786,0.003928
test_03787,0.000002
test_03788,0.000000
test_03789,0.046730
test_03790,0.732784
test_03791,0.738316
test_03792,0.999999
test_03793,0.000402
test_03794,0.999942
test_03795,0.993719
test_03796,0.948395
test_03797,0.000079
test_03798,0.999674
test_03799,0.000817
test_03800,0.999964
test_03801,0.000154
test_03802,0.075913
test_03803,0.004163
test_03804,0.000007
test_03805,0.866706
test_03806,0.000000
test_03807,0.976686
test_03808,0.483684
test_03809,0.003343
test_03810,0.000000
test_03811,0.001071
test_03812,0.004355
test_03813,1.000000
test_03814,0.000003
test_03815,0.650218
test_03816,0.000995
test_03817,0.983254
test_03818,0.000149
test_03819,0.215387
test_03820,0.999612
test_03821,0.999928
test_03822,0.735173
test_03823,0.000010
test_03824,0.812743
test_03825,0.984138
test_03826,1.000000
test_03827,0.000121
test_03828,0.996437
test_03829,0.054124
test_03830,0.937512
test_03831,0.000000
test_03832,0.000031
test_03833,0.000623
test_03834,1.000000
test_03835,0.999990
test_03836,0.000000
test_03837,0.001509
test_03838,0.000314
test_03839,0.001970
test_03840,0.999792
test_03841,1.000000
test_03842,0.000854
test_03843,0.400923
test_03844,0.000147
test_03845,0.999995
test_03846,0.996408
test_03847,0.000702
test_03848,0.999987
test_03849,0.938628
test_03850,0.170307
test_03851,0.011599
test_03852,0.857451
test_03853,1.000000
test_03854,0.999656
test_03855,0.010123
test_03856,0.375040
test_03857,0.000000
test_03858,0.000000
test_03859,0.000195
test_03860,0.000271
test_03861,0.644518
test_03862,1.000000
test_03863,0.883115
test_03864,1.000000
test_03865,0.373661
test_03866,1.000000
test_03867,0.001516
test_03868,0.000000
test_03869,0.999742
test_03870,0.684700
test_03871,0.000235
test_03872,0.000005
test_03873,0.105178
test_03874,0.000181
test_03875,0.209208
test_03876,0.999535
test_03877,0.028824
test_03878,0.983481
test_03879,0.999945
test_03880,0.999584
test_03881,0.000000
test_03882,0.999739
test_03883,0.115843
test_03884,0.997474
test_03885,0.002733
test_03886,0.000468
test_03887,0.000072
test_03888,0.999999
test_03889,0.000000
test_03890,0.409229
test_03891,0.000103
test_03892,0.034594
test_03893,0.000009
test_03894,0.000139
test_03895,0.506019
test_03896,0.999795
test_03897,0.999512
test_03898,0.005710
test_03899,0.691069
test_03900,0.326294
test_03901,0.001304
test_03902,0.000000
test_03903,0.964457
test_03904,0.000001
test_03905,0.717119
test_03906,0.085588
test_03907,0.999995
test_03908,0.971071
test_03909,0.887392
test_03910,0.000750
test_03911,0.902463
test_03912,0.999999
test_03913,0.012112
test_03914,0.781555
test_03915,0.000097
test_03916,1.000000
test_03917,0.665797
test_03918,0.976716
test_03919,0.998775
test_03920,0.988496
test_03921,0.128805
test_03922,0.000014
test_03923,0.983470
test_03924,0.105523
test_03925,0.000000
test_03926,0.997200
test_03927,0.007494
test_03928,0.000005
test_03929,0.990000
test_03930,0.987775
test_03931,0.999913
test_03932,0.000000
test_03933,0.000000
test_03934,0.744590
test_03935,0.000000
test_03936,0.475373
test_03937,0.249458
test_03938,0.683841
test_03939,0.000006
test_03940,0.012985
test_03941,0.173999
test_03942,0.047535
test_03943,0.549784
test_03944,0.999984
test_03945,0.999990
test_03946,0.473538
test_03947,0.476374
test_03948,0.993574
test_03949,0.590101
test_03950,0.877561
test_03951,0.000000
test_03952,0.668939
test_03953,0.999996
test_03954,0.993919
test_03955,0.011081
test_03956,0.000001
test_03957,0.999903
test_03958,0.999629
test_03959,0.134409
test_03960,0.000032
test_03961,0.999864
test_03962,1.000000
test_03963,0.003002
test_03964,0.813233
test_03965,0.000000
test_03966,0.265077
test_03967,0.000000
test_03968,0.999998
test_03969,0.863076
test_03970,0.973824
test_03971,0.006079
test_03972,0.137322
test_03973,0.999952
test_03974,0.144115
test_03975,0.999996
test_03976,0.999997
test_03977,0.999998
test_03978,0.030224
test_03979,0.998512
test_03980,0.969512
test_03981,1.000000
test_03982,0.981916
test_03983,0.999994
test_03984,0.410295
test_03985,0.000150
test_03986,0.000000
test_03987,0.969293
test_03988,0.996776
test_03989,0.003863
test_03990,0.000271
test_03991,0.000000
test_03992,0.194917
test_03993,0.000965
test_03994,0.003591
test_03995,0.004280
test_03996,0.999993
test_03997,0.926129
test_03998,0.992015
test_03999,1.000000
test_04000,0.999997
test_04001,0.206162
test_04002,0.999690
test_04003,0.353294
test_04004,0.748394
test_04005,0.018041
test_04006,0.153763
test_04007,0.001378
test_04008,0.938845
test_04009,0.000000
test_04010,0.590591
test_04011,0.001043
test_04012,0.000000
test_04013,0.000086
test_04014,0.953890
test_04015,0.999994
test_04016,1.000000
test_04017,0.004048
test_04018,0.997712
test_04019,0.999307
test_04020,0.999978
test_04021,0.000048
test_04022,0.000002
test_04023,0.917339
test_04024,0.016704
test_04025,0.001479
test_04026,1.000000
test_04027,0.000258
test_04028,0.315919
test_04029,0.980719
test_04030,0.999974
test_04031,0.000000
test_04032,0.143893
test_04033,0.996055
test_04034,0.999609
test_04035,0.948815
test_04036,0.934729
test_04037,1.000000
test_04038,0.001204
test_04039,0.000184
test_04040,0.983495
test_04041,0.888117
test_04042,0.991244
test_04043,0.031111
test_04044,0.000089
test_04045,0.000690
test_04046,0.005538
test_04047,0.997928
test_04048,0.982472
test_04049,0.925898
test_04050,0.000001
test_04051,1.000000
test_04052,0.933801
test_04053,0.062968
test_04054,0.000614
test_04055,0.988873
test_04056,0.999628
test_04057,1.000000
test_04058,0.999993
test_04059,0.233967
test_04060,0.929859
test_04061,0.018219
test_04062,0.000000
test_04063,0.135055
test_04064,0.997965
test_04065,0.581515
test_04066,1.000000
test_04067,0.000001
test_04068,0.031762
test_04069,0.000004
test_04070,0.000000
test_04071,0.087974
test_04072,0.000000
test_04073,0.021984
test_04074,0.001491
test_04075,0.999999
test_04076,0.991377
test_04077,0.728655
test_04078,1.000000
test_04079,0.000005
test_04080,0.268965
test_04081,0.936489
test_04082,0.001847
test_04083,0.059334
test_04084,0.944916
test_04085,0.000697
test_04086,0.009147
test_04087,0.993491
test_04088,1.000000
test_04089,0.025301
test_04090,0.999952
test_04091,0.999963
test_04092,0.999981
test_04093,0.999859
test_04094,0.180594
test_04095,0.036530
test_04096,0.000004
test_04097,0.923621
test_04098,0.000502
test_04099,0.999938
test_04100,1.000000
test_04101,0.000106
test_04102,0.002629
test_04103,0.000015
test_04104,0.867713
test_04105,0.000144
test_04106,0.000225
test_04107,0.434419
test_04108,0.995828
test_04109,0.996244
test_04110,0.553659
test_04111,0.999884
test_04112,0.213400
test_04113,0.999661
test_04114,0.999962
test_04115,0.434839
test_04116,0.999911
test_04117,0.999999
test_04118,0.072006
test_04119,0.000418
test_04120,0.970541
test_04121,0.161666
test_04122,0.008352
test_04123,1.000000
test_04124,0.997934
test_04125,0.000001
test_04126,0.000770
test_04127,0.000001
test_04128,1.000000
test_04129,0.978613
test_04130,0.000000
test_04131,0.000000
test_04132,0.274305
test_04133,0.010884
test_04134,0.999690
test_04135,1.000000
test_04136,0.474473
test_04137,0.000118
test_04138,0.704272
test_04139,0.908826
test_04140,0.999987
test_04141,0.078667
test_04142,0.944540
test_04143,0.855119
test_04144,0.999884
test_04145,0.596024
test_04146,0.000139
test_04147,0.000557
test_04148,0.922359
test_04149,0.999676
test_04150,0.006278
test_04151,0.618015
test_04152,0.349923
test_04153,0.604832
test_04154,0.005944
test_04155,0.006381
test_04156,0.999997
test_04157,0.999993
test_04158,0.991706
test_04159,0.029511
test_04160,0.825777
test_04161,0.000672
test_04162,0.996553
test_04163,0.000280
test_04164,0.985868
test_04165,0.999983
test_04166,0.118999
test_04167,0.040563
test_04168,0.000000
test_04169,0.999942
test_04170,0.999962
test_04171,0.999438
test_04172,0.000000
test_04173,0.999961
test_04174,0.000006
test_04175,0.904801
test_04176,0.718414
test_04177,0.000066
test_04178,0.999949
test_04179,0.488688
test_04180,0.000156
test_04181,0.991375
test_04182,0.997296
test_04183,0.095258
test_04184,0.781738
test_04185,0.968659
test_04186,0.959872
test_04187,0.992875
test_04188,0.001609
test_04189,0.000101
test_04190,0.996364
test_04191,0.759999
test_04192,0.000191
test_04193,0.000081
test_04194,0.049404
test_04195,0.000462
test_04196,0.694107
test_04197,0.000006
test_04198,0.999999
test_04199,0.196596
test_04200,0.001483
test_04201,0.996452
test_04202,0.982249
test_04203,0.704100
test_04204,0.403777
test_04205,0.000005
test_04206,0.000161
test_04207,0.975642
test_04208,0.008012
test_04209,0.804073
test_04210,0.998461
test_04211,0.997833
test_04212,0.836926
test_04213,0.005904
test_04214,0.999637
test_04215,0.028309
test_04216,0.000005
test_04217,1.000000
test_04218,0.000000
test_04219,0.957247
test_04220,0.000831
test_04221,0.488783
test_04222,0.996277
test_04223,0.999516
test_04224,1.000000
test_04225,0.846224
test_04226,0.998373
test_04227,0.996539
test_04228,1.000000
test_04229,0.772944
test_04230,0.053789
test_04231,0.863252
test_04232,1.000000
test_04233,0.999978
test_04234,0.999883
test_04235,0.999886
test_04236,0.000006
test_04237,0.531587
test_04238,0.000000
test_04239,0.992384
test_04240,0.897536
test_04241,0.999990
test_04242,0.442407
test_04243,0.000022
test_04244,0.931593
test_04245,0.998685
test_04246,0.999992
test_04247,0.978261
test_04248,1.000000
test_04249,0.999964
test_04250,0.530844
test_04251,0.999445
test_04252,0.000000
test_04253,0.021077
test_04254,0.003203
test_04255,0.997374
test_04256,1.000000
test_04257,0.000033
test_04258,0.067104
test_04259,0.982604
test_04260,0.417438
test_04261,0.982672
test_04262,0.249161
test_04263,0.000208
test_04264,0.999570
test_04265,0.995994
test_04266,0.030572
test_04267,0.018007
test_04268,0.771574
test_04269,0.997427
test_04270,0.085681
test_04271,0.211702
test_04272,0.000338
test_04273,0.016948
test_04274,0.018368
test_04275,0.113628
test_04276,0.999905
test_04277,0.000483
test_04278,0.534436
test_04279,0.204184
test_04280,0.000011
test_04281,0.999958
test_04282,0.674045
test_04283,0.000000
test_04284,0.000288
test_04285,0.988218
test_04286,0.000009
test_04287,0.999999
test_04288,0.000002
test_04289,1.000000
test_04290,0.000035
test_04291,0.000002
test_04292,0.419540
test_04293,0.996959
test_04294,0.977192
test_04295,0.000004
test_04296,0.238433
test_04297,0.958013
test_04298,0.999822
test_04299,0.000015
test_04300,0.000005
test_04301,0.999122
test_04302,0.014023
test_04303,0.999977
test_04304,0.999323
test_04305,0.908357
test_04306,0.000010
test_04307,0.677340
test_04308,0.000105
test_04309,0.720441
test_04310,0.999999
test_04311,0.999948
test_04312,0.714107
test_04313,0.000206
test_04314,0.993297
test_04315,0.999999
test_04316,0.000036
test_04317,0.003578
test_04318,0.389049
test_04319,0.000249
test_04320,0.050273
test_04321,0.999472
test_04322,0.820694
test_04323,0.000018
test_04324,0.987727
test_04325,1.000000
test_04326,0.997612
test_04327,0.286502
test_04328,0.000000
test_04329,0.999999
test_04330,0.998243
test_04331,0.976752
test_04332,0.005619
test_04333,0.000002
test_04334,0.969841
test_04335,0.000532
test_04336,0.000003
test_04337,0.996506
test_04338,0.999986
test_04339,0.997204
test_04340,0.074507
test_04341,0.999998
test_04342,0.004443
test_04343,0.517556
test_04344,0.001556
test_04345,0.997653
test_04346,0.000026
test_04347,0.129482
test_04348,0.999536
test_04349,0.999964
test_04350,0.989697
test_04351,0.071926
test_04352,0.011651
test_04353,1.000000
test_04354,0.003184
test_04355,0.999899
test_04356,0.080892
test_04357,0.480189
test_04358,0.000000
test_04359,0.208390
test_04360,0.938106
test_04361,0.012901
test_04362,0.000917
test_04363,0.998983
test_04364,0.903663
test_04365,0.003258
test_04366,0.000024
test_04367,0.067997
test_04368,0.000265
test_04369,0.839208
test_04370,0.000016
test_04371,1.000000
test_04372,0.037071
test_04373,0.277909
test_04374,0.000009
test_04375,1.000000
test_04376,0.220654
test_04377,0.066422
test_04378,0.999656
test_04379,0.014409
test_04380,0.000402
test_04381,0.999343
test_04382,0.000001
test_04383,0.042650
test_04384,0.999986
test_04385,0.451375
test_04386,0.000111
test_04387,0.000026
test_04388,0.000715
test_04389,0.001321
test_04390,0.644538
test_04391,0.987775
test_04392,0.997858
test_04393,0.998291
test_04394,0.999999
test_04395,0.008982
test_04396,0.085609
test_04397,0.949769
test_04398,0.000948
test_04399,0.006526
test_04400,0.000055
test_04401,0.000214
test_04402,0.999492
test_04403,0.764194
test_04404,0.184698
test_04405,0.999958
test_04406,0.999998
test_04407,0.000000
test_04408,0.999992
test_04409,0.998207
test_04410,0.910657
test_04411,0.999913
test_04412,0.958201
test_04413,1.000000
test_04414,1.000000
test_04415,0.000006
test_04416,0.837521
test_04417,0.004840
test_04418,0.000374
test_04419,0.000014
test_04420,0.000029
test_04421,0.998895
test_04422,0.063621
test_04423,0.025977
test_04424,0.351386
test_04425,1.000000
test_04426,0.541458
test_04427,0.923342
test_04428,0.012320
test_04429,1.000000
test_04430,0.893662
test_04431,0.999940
test_04432,0.000320
test_04433,0.008694
test_04434,1.000000
test_04435,0.033739
test_04436,0.000000
test_04437,0.973933
test_04438,0.830531
test_04439,0.000087
test_04440,1.000000
test_04441,0.999997
test_04442,0.997746
test_04443,0.000000
test_04444,0.979946
test_04445,0.999979
test_04446,0.000002
test_04447,0.999186
test_04448,0.001055
test_04449,0.789392
test_04450,1.000000
test_04451,0.000000
test_04452,0.007528
test_04453,0.718366
test_04454,0.000039
test_04455,0.994581
test_04456,0.006126
test_04457,0.842893
test_04458,0.999992
test_04459,0.000413
test_04460,0.000910
test_04461,0.999873
test_04462,0.019019
test_04463,0.779795
test_04464,0.999993
test_04465,0.075216
test_04466,0.000000
test_04467,0.999627
test_04468,0.000023
test_04469,0.057548
test_04470,0.904497
test_04471,0.596039
test_04472,0.998211
test_04473,0.000001
test_04474,0.001932
test_04475,0.000001
test_04476,0.000187
test_04477,0.072513
test_04478,0.922933
test_04479,0.917815
test_04480,0.944858
test_04481,0.999532
test_04482,0.000344
test_04483,1.000000
test_04484,0.997823
test_04485,0.990481
test_04486,0.999924
test_04487,0.000001
test_04488,0.986452
test_04489,0.000082
test_04490,0.939092
test_04491,0.572250
test_04492,0.000001
test_04493,0.001835
test_04494,0.009954
test_04495,0.646487
test_04496,0.000000
test_04497,0.017097
test_04498,0.046591
test_04499,0.000024
test_04500,0.999495
test_04501,0.000002
test_04502,0.992896
test_04503,0.008175
test_04504,0.015286
test_04505,0.269909
test_04506,0.999982
test_04507,0.002011
test_04508,0.000012
test_04509,0.000998
test_04510,0.000003
test_04511,0.000473
test_04512,0.999882
test_04513,0.001709
test_04514,0.994383
test_04515,0.000000
test_04516,0.296801
test_04517,0.999999
test_04518,0.000000
test_04519,0.496911
test_04520,0.000015
test_04521,0.999150
test_04522,0.999744
test_04523,0.102680
test_04524,0.999991
test_04525,0.000001
test_04526,1.000000
test_04527,0.395509
test_04528,0.976148
test_04529,0.000151
test_04530,0.000001
test_04531,0.020080
test_04532,0.999996
test_04533,0.000002
test_04534,0.029227
test_04535,0.906547
test_04536,0.000004
test_04537,0.002784
test_04538,0.979686
test_04539,0.999933
test_04540,0.999605
test_04541,1.000000
test_04542,0.943041
test_04543,0.000001
test_04544,0.996151
test_04545,0.999991
test_04546,0.995754
test_04547,0.999245
test_04548,0.999997
test_04549,0.000003
test_04550,0.935840
test_04551,0.999467
test_04552,0.448463
test_04553,0.654396
test_04554,0.486153
test_04555,0.570871
test_04556,0.084943
test_04557,0.002488
test_04558,0.000000
test_04559,0.000016
test_04560,0.000161
test_04561,0.000000
test_04562,0.050954
test_04563,1.000000
test_04564,0.000000
test_04565,1.000000
test_04566,0.000000
test_04567,0.925825
test_04568,0.155097
test_04569,0.999693
test_04570,0.225648
test_04571,0.000001
test_04572,0.999995
test_04573,0.994527
test_04574,0.011599
test_04575,0.999975
test_04576,1.000000
test_04577,0.981599
test_04578,1.000000
test_04579,0.008748
test_04580,0.000139
test_04581,0.146705
test_04582,0.000000
test_04583,0.999972
test_04584,0.712960
test_04585,0.868588
test_04586,0.000079
test_04587,0.963400
test_04588,0.742166
test_04589,0.894071
test_04590,1.000000
test_04591,0.999219
test_04592,0.002765
test_04593,0.593320
test_04594,0.074756
test_04595,0.985904
test_04596,0.000752
test_04597,0.004139
test_04598,0.006216
test_04599,0.118383
test_04600,0.000017
test_04601,0.167399
test_04602,0.123034
test_04603,0.999997
test_04604,0.000356
test_04605,0.989979
test_04606,0.994007
test_04607,0.177078
test_04608,0.000133
test_04609,0.988733
test_04610,0.000000
test_04611,0.999999
test_04612,1.000000
test_04613,0.998166
test_04614,0.999918
test_04615,0.999716
test_04616,0.999950
test_04617,0.000046
test_04618,0.999769
test_04619,0.131077
test_04620,0.000000
test_04621,0.998084
test_04622,0.626634
test_04623,1.000000
test_04624,0.996571
test_04625,0.999975
test_04626,0.000009
test_04627,0.000593
test_04628,1.000000
test_04629,0.996926
test_04630,0.999809
test_04631,0.999978
test_04632,0.031953
test_04633,0.023505
test_04634,1.000000
test_04635,0.999979
test_04636,0.998222
test_04637,0.914369
test_04638,0.928524
test_04639,0.999611
test_04640,0.999998
test_04641,0.859743
test_04642,0.009768
test_04643,0.616057
test_04644,0.023588
test_04645,0.769501
test_04646,0.018772
test_04647,0.977371
test_04648,0.802547
test_04649,0.972465
test_04650,0.000183
test_04651,0.999957
test_04652,0.000005
test_04653,0.853941
test_04654,0.000197
test_04655,0.969184
test_04656,0.000000
test_04657,0.954417
test_04658,0.998339
test_04659,0.995511
test_04660,0.776800
test_04661,0.000093
test_04662,0.002581
test_04663,0.013857
test_04664,0.000229
test_04665,0.999999
test_04666,0.000000
test_04667,0.999997
test_04668,0.000033
test_04669,0.999275
test_04670,0.991441
test_04671,0.089281
test_04672,0.028576
test_04673,0.000972
test_04674,0.000772
test_04675,0.000040
test_04676,0.072061
test_04677,0.999414
test_04678,0.910355
test_04679,0.056408
test_04680,0.928986
test_04681,0.999999
test_04682,0.000000
test_04683,0.000794
test_04684,0.009070
test_04685,0.999995
test_04686,0.999898
test_04687,0.980995
test_04688,0.195171
test_04689,0.627240
test_04690,0.999999
test_04691,0.003247
test_04692,0.000000
test_04693,0.997378
test_04694,0.877672
test_04695,0.000582
test_04696,0.999999
test_04697,0.000479
test_04698,0.001950
test_04699,0.030146
test_04700,0.999891
test_04701,0.045429
test_04702,0.000067
test_04703,0.999471
test_04704,0.000043
test_04705,0.052785
test_04706,0.000027
test_04707,0.562064
test_04708,0.008258
test_04709,0.032313
test_04710,0.925495
test_04711,0.664063
test_04712,0.999991
test_04713,0.678189
test_04714,0.008786
test_04715,0.999897
test_04716,0.000012
test_04717,0.007729
test_04718,0.006658
test_04719,0.002013
test_04720,0.999839
test_04721,1.000000
test_04722,0.999968
test_04723,0.999955
test_04724,0.995244
test_04725,0.760734
test_04726,0.645761
test_04727,0.999991
test_04728,0.788441
test_04729,0.006888
test_04730,0.002935
test_04731,0.000571
test_04732,0.951268
test_04733,0.000141
test_04734,0.999992
test_04735,0.999994
test_04736,0.000198
test_04737,0.090572
test_04738,0.000011
test_04739,0.000000
test_04740,0.993303
test_04741,0.879077
test_04742,0.998732
test_04743,0.825020
test_04744,0.295309
test_04745,0.898700
test_04746,0.001193
test_04747,0.618734
test_04748,0.503570
test_04749,0.978705
test_04750,0.856810
test_04751,1.000000
test_04752,0.542231
test_04753,0.966666
test_04754,0.012114
test_04755,0.127936
test_04756,0.000003
test_04757,0.000047
test_04758,0.000000
test_04759,0.999977
test_04760,0.999975
test_04761,0.574565
test_04762,0.000032
test_04763,0.729542
test_04764,0.999997
test_04765,0.999941
test_04766,0.000001
test_04767,0.996858
test_04768,0.248327
test_04769,0.999621
test_04770,0.999843
test_04771,0.008940
test_04772,0.992579
test_04773,0.999967
test_04774,0.000002
test_04775,0.614723
test_04776,0.999997
test_04777,0.008402
test_04778,0.000007
test_04779,0.999944
test_04780,0.855907
test_04781,0.006322
test_04782,0.000735
test_04783,0.996705
test_04784,0.005738
test_04785,0.998996
test_04786,0.014121
test_04787,0.999906
test_04788,0.139742
test_04789,0.000213
test_04790,0.991263
test_04791,0.000011
test_04792,0.988679
test_04793,0.999995
test_04794,0.040157
test_04795,0.000009
test_04796,0.237300
test_04797,0.999998
test_04798,0.999389
test_04799,0.068387
test_04800,1.000000
test_04801,0.916957
test_04802,0.107143
test_04803,0.999999
test_04804,0.701070
test_04805,0.000475
test_04806,0.010861
test_04807,0.456664
test_04808,0.999928
test_04809,1.000000
test_04810,0.246078
test_04811,0.000020
test_04812,0.999982
test_04813,0.999999
test_04814,0.014425
test_04815,0.999997
test_04816,0.387868
test_04817,0.000020
test_04818,0.091681
test_04819,0.192302
test_04820,0.001668
test_04821,0.999995
test_04822,0.998941
test_04823,0.998912
test_04824,0.000001
test_04825,0.138273
test_04826,1.000000
test_04827,0.000013
test_04828,0.879291
test_04829,1.000000
test_04830,0.000842
test_04831,0.199303
test_04832,0.999339
test_04833,0.013982
test_04834,0.003351
test_04835,0.999946
test_04836,0.000836
test_04837,0.213610
test_04838,0.067816
test_04839,0.000001
test_04840,0.002984
test_04841,0.031944
test_04842,0.848900
test_04843,0.015602
test_04844,0.000011
test_04845,1.000000
test_04846,0.000148
test_04847,0.903997
test_04848,0.903706
test_04849,0.999025
test_04850,0.984814
test_04851,0.995459
test_04852,1.000000
test_04853,0.049157
test_04854,0.251098
test_04855,1.000000
test_04856,0.000785
test_04857,0.003265
test_04858,1.000000
test_04859,0.395507
test_04860,0.128169
test_04861,0.955475
test_04862,0.005810
test_04863,0.049009
test_04864,0.999151
test_04865,0.694649
test_04866,0.042010
test_04867,0.449083
test_04868,0.000000
test_04869,0.003538
test_04870,0.999999
test_04871,0.999997
test_04872,0.909671
test_04873,0.993619
test_04874,0.000796
test_04875,0.997131
test_04876,0.000397
test_04877,0.014251
test_04878,0.049081
test_04879,0.992615
test_04880,0.000006
test_04881,0.000001
test_04882,0.729791
test_04883,0.999991
test_04884,0.051713
test_04885,0.000656
test_04886,0.999994
test_04887,0.000237
test_04888,0.001159
test_04889,0.999406
test_04890,0.001000
test_04891,0.818164
test_04892,0.009795
test_04893,0.231440
test_04894,0.000207
test_04895,0.000000
test_04896,0.000000
test_04897,0.000478
test_04898,0.000136
test_04899,0.000086
test_04900,0.999912
test_04901,0.582564
test_04902,0.000004
test_04903,1.000000
test_04904,0.997498
test_04905,0.013469
test_04906,0.991332
test_04907,0.999669
test_04908,0.102585
test_04909,1.000000
test_04910,0.990388
test_04911,0.999975
test_04912,0.999842
test_04913,0.999879
test_04914,0.000038
test_04915,0.999882
test_04916,0.001727
test_04917,0.999276
test_04918,0.999398
test_04919,0.538500
test_04920,0.608476
test_04921,0.991106
test_04922,0.000003
test_04923,0.223368
test_04924,0.131279
test_04925,0.963148
test_04926,1.000000
test_04927,0.000166
test_04928,0.009396
test_04929,0.999477
test_04930,0.108297
test_04931,0.999800
test_04932,0.999952
test_04933,0.999919
test_04934,0.461592
test_04935,0.000000
test_04936,0.998043
test_04937,0.000074
test_04938,0.001243
test_04939,0.983245
test_04940,1.000000
test_04941,0.999991
test_04942,0.004221
test_04943,0.997360
test_04944,0.999542
test_04945,0.492511
test_04946,0.000000
test_04947,0.998988
test_04948,1.000000
test_04949,0.999997
test_04950,0.050265
test_04951,0.379472
test_04952,0.915200
test_04953,0.000194
test_04954,0.984473
test_04955,1.000000
test_04956,0.992252
test_04957,1.000000
test_04958,0.000001
test_04959,0.066178
test_04960,0.999999
test_04961,0.169188
test_04962,0.939511
test_04963,0.000010
test_04964,0.334508
test_04965,0.999249
test_04966,0.999997
test_04967,0.124181
test_04968,0.010854
test_04969,0.673565
test_04970,0.999997
test_04971,1.000000
test_04972,0.000197
test_04973,0.999946
test_04974,0.999998
test_04975,0.142566
test_04976,0.132662
test_04977,0.000088
test_04978,0.006143
test_04979,0.037763
test_04980,1.000000
test_04981,1.000000
test_04982,0.999997
test_04983,0.018564
test_04984,0.873024
test_04985,0.663074
test_04986,0.000000
test_04987,0.917691
test_04988,0.000005
test_04989,0.000000
test_04990,0.999996
test_04991,0.012296
test_04992,0.006174
test_04993,0.999997
test_04994,0.003046
test_04995,0.999966
test_04996,0.089816
test_04997,0.000010
test_04998,0.000887
test_04999,0.000052
test_05000,1.000000
test_05001,0.999719
test_05002,0.003917
test_05003,0.794199
test_05004,0.000021
test_05005,0.995903
test_05006,0.000000
test_05007,0.509410
test_05008,0.999809
test_05009,0.984042
test_05010,0.021392
test_05011,0.773512
test_05012,0.998932
test_05013,0.999984
test_05014,0.999997
test_05015,0.999957
test_05016,0.000175
test_05017,0.999866
test_05018,0.000209
test_05019,0.767423
test_05020,0.977397
test_05021,0.614243
test_05022,0.999929
test_05023,0.890602
test_05024,0.999092
test_05025,0.089411
test_05026,0.998692
test_05027,0.247473
test_05028,1.000000
test_05029,0.999820
test_05030,0.999704
test_05031,0.027632
test_05032,0.999836
test_05033,0.999617
test_05034,0.341182
test_05035,0.347308
test_05036,0.749398
test_05037,0.999995
test_05038,0.000003
test_05039,0.999358
test_05040,0.000022
test_05041,0.996969
test_05042,0.986766
test_05043,0.998990
test_05044,0.971910
test_05045,0.837044
test_05046,0.000133
test_05047,1.000000
test_05048,0.091759
test_05049,1.000000
test_05050,0.000015
test_05051,0.027848
test_05052,0.999918
test_05053,1.000000
test_05054,0.000002
test_05055,0.000000
test_05056,0.999462
test_05057,1.000000
test_05058,0.984807
test_05059,0.000245
test_05060,0.998330
test_05061,0.997959
test_05062,0.000087
test_05063,1.000000
test_05064,0.694999
test_05065,0.018204
test_05066,0.000895
test_05067,0.999959
test_05068,0.997817
test_05069,0.955067
test_05070,0.932928
test_05071,0.038250
test_05072,0.184847
test_05073,0.020468
test_05074,0.339006
test_05075,0.999999
test_05076,0.999953
test_05077,0.000001
test_05078,0.959263
test_05079,0.838803
test_05080,1.000000
test_05081,0.002885
test_05082,0.001060
test_05083,0.977383
test_05084,0.999997
test_05085,0.983904
test_05086,0.999452
test_05087,0.589059
test_05088,0.999990
test_05089,0.275845
test_05090,0.707305
test_05091,0.999833
test_05092,0.000132
test_05093,0.001640
test_05094,0.106638
test_05095,0.999974
test_05096,0.000208
test_05097,0.999943
test_05098,0.000000
test_05099,1.000000
test_05100,0.000012
test_05101,0.000465
test_05102,0.000007
test_05103,0.997768
test_05104,0.000001
test_05105,0.996878
test_05106,0.994428
test_05107,0.000000
test_05108,0.154052
test_05109,0.000005
test_05110,0.996658
test_05111,0.999990
test_05112,0.995270
test_05113,0.158875
test_05114,0.643438
test_05115,0.000002
test_05116,0.535803
test_05117,0.493064
test_05118,0.000901
test_05119,0.999350
test_05120,0.995708
test_05121,0.043979
test_05122,0.057982
test_05123,0.656319
test_05124,0.119245
test_05125,0.585993
test_05126,0.999100
test_05127,0.999968
test_05128,0.000008
test_05129,0.414161
test_05130,0.012314
test_05131,0.120011
test_05132,0.000006
test_05133,0.023264
test_05134,0.429095
test_05135,0.009702
test_05136,0.876932
test_05137,0.999990
test_05138,0.701293
test_05139,0.986326
test_05140,0.993165
test_05141,0.999358
test_05142,0.980420
test_05143,0.999967
test_05144,0.355561
test_05145,1.000000
test_05146,0.999654
test_05147,0.978763
test_05148,0.415526
test_05149,0.024688
test_05150,0.000149
test_05151,0.999542
test_05152,0.999812
test_05153,0.053914
test_05154,0.429003
test_05155,0.899931
test_05156,0.999739
test_05157,0.000478
test_05158,0.998985
test_05159,0.000033
test_05160,0.599990
test_05161,0.999540
test_05162,0.001578
test_05163,0.000009
test_05164,0.058882
test_05165,0.030539
test_05166,0.999974
test_05167,0.996564
test_05168,0.932278
test_05169,0.995773
test_05170,0.000000
test_05171,0.999939
test_05172,0.890327
test_05173,0.000697
test_05174,0.948999
test_05175,0.003436
test_05176,0.053504
test_05177,0.976943
test_05178,0.937478
test_05179,0.001837
test_05180,0.000286
test_05181,0.286526
test_05182,0.000626
test_05183,0.008313
test_05184,0.999989
test_05185,0.999784
test_05186,0.998732
test_05187,1.000000
test_05188,0.999973
test_05189,0.000021
test_05190,0.977853
test_05191,0.995013
test_05192,0.000016
test_05193,0.009259
test_05194,0.145023
test_05195,0.590681
test_05196,0.003955
test_05197,0.014102
test_05198,0.999702
test_05199,0.407603
test_05200,0.999991
test_05201,1.000000
test_05202,0.572041
test_05203,0.678187
test_05204,0.000135
test_05205,0.000027
test_05206,0.999931
test_05207,0.002009
test_05208,0.999982
test_05209,0.000035
test_05210,0.815015
test_05211,0.990087
test_05212,0.999999
test_05213,0.000116
test_05214,0.007992
test_05215,0.989546
test_05216,0.336348
test_05217,0.802176
test_05218,0.999993
test_05219,0.223175
test_05220,1.000000
test_05221,0.000011
test_05222,0.000002
test_05223,0.995619
test_05224,0.000000
test_05225,0.999863
test_05226,0.003436
test_05227,0.999989
test_05228,0.694001
test_05229,0.118626
test_05230,0.037603
test_05231,0.168132
test_05232,0.006692
test_05233,0.763317
test_05234,0.081806
test_05235,0.765120
test_05236,0.607065
test_05237,0.993335
test_05238,0.000001
test_05239,0.978651
test_05240,0.997979
test_05241,0.000041
test_05242,0.161146
test_05243,0.999976
test_05244,0.863484
test_05245,0.000017
test_05246,0.642058
test_05247,0.000063
test_05248,0.006014
test_05249,0.835296
test_05250,0.762215
test_05251,0.999647
test_05252,0.000012
test_05253,0.000004
test_05254,0.892452
test_05255,0.927931
test_05256,0.009091
test_05257,0.809641
test_05258,0.211434
test_05259,0.000000
test_05260,0.987205
test_05261,0.999654
test_05262,0.989242
test_05263,1.000000
test_05264,0.857650
test_05265,0.000002
test_05266,0.999285
test_05267,1.000000
test_05268,0.980521
test_05269,0.879049
test_05270,0.999999
test_05271,0.780139
test_05272,0.999982
test_05273,0.000001
test_05274,0.001860
test_05275,0.005772
test_05276,0.994117
test_05277,0.624215
test_05278,0.961875
test_05279,0.000003
test_05280,0.445980
test_05281,0.999997
test_05282,0.000006
test_05283,0.999999
test_05284,0.977384
test_05285,0.000085
test_05286,0.999988
test_05287,0.000000
test_05288,0.992391
test_05289,1.000000
test_05290,0.997193
test_05291,0.000000
test_05292,0.999998
test_05293,0.000004
test_05294,0.989413
test_05295,0.999724
test_05296,0.036493
test_05297,0.001388
test_05298,0.999995
test_05299,0.999885
test_05300,0.435330
test_05301,0.000000
test_05302,0.000000
test_05303,1.000000
test_05304,0.378654
test_05305,0.999865
test_05306,0.731492
test_05307,0.984956
test_05308,1.000000
test_05309,0.000000
test_05310,0.000525
test_05311,1.000000
test_05312,0.999760
test_05313,0.999989
test_05314,0.987594
test_05315,0.004084
test_05316,0.999425
test_05317,0.999850
test_05318,0.094308
test_05319,0.992908
test_05320,1.000000
test_05321,0.999999
test_05322,0.469383
test_05323,0.124764
test_05324,1.000000
test_05325,0.999848
test_05326,0.999999
test_05327,0.999509
test_05328,0.000257
test_05329,0.999999
test_05330,0.000004
test_05331,0.000000
test_05332,0.262562
test_05333,0.968346
test_05334,0.000654
test_05335,0.240061
test_05336,0.988335
test_05337,1.000000
test_05338,0.931822
test_05339,0.000226
test_05340,0.999984
test_05341,0.000652
test_05342,0.004209
test_05343,0.730057
test_05344,0.000170
test_05345,0.000020
test_05346,0.999426
test_05347,0.359330
test_05348,0.847457
test_05349,0.002848
test_05350,0.025393
test_05351,0.999999
test_05352,0.000598
test_05353,0.000043
test_05354,0.000189
test_05355,0.020130
test_05356,0.006416
test_05357,0.874909
test_05358,0.001183
test_05359,0.000000
test_05360,0.000000
test_05361,0.974873
test_05362,0.897406
test_05363,0.000014
test_05364,0.999980
test_05365,0.001321
test_05366,0.064699
test_05367,0.000000
test_05368,0.156371
test_05369,0.000885
test_05370,0.999990
test_05371,0.009629
test_05372,0.829214
test_05373,0.947554
test_05374,0.327287
test_05375,0.000000
test_05376,0.053606
test_05377,0.997562
test_05378,1.000000
test_05379,1.000000
test_05380,0.010051
test_05381,0.988986
test_05382,0.417627
test_05383,0.999947
test_05384,0.000024
test_05385,0.976903
test_05386,0.033505
test_05387,0.999978
test_05388,0.999934
test_05389,0.000000
test_05390,0.995404
test_05391,0.999895
test_05392,0.802506
test_05393,0.998660
test_05394,0.999883
test_05395,0.999880
test_05396,0.000150
test_05397,0.035502
test_05398,0.999996
test_05399,0.910997
test_05400,0.969460
test_05401,0.300228
test_05402,0.997541
test_05403,0.762410
test_05404,0.987037
test_05405,0.000080
test_05406,0.999677
test_05407,0.681116
test_05408,0.975063
test_05409,0.000860
test_05410,0.999831
test_05411,0.999997
test_05412,0.999972
test_05413,0.000001
test_05414,0.014950
test_05415,0.237139
test_05416,0.995281
test_05417,0.059140
test_05418,1.000000
test_05419,0.999550
test_05420,0.508010
test_05421,0.982029
test_05422,0.999960
test_05423,0.688549
test_05424,0.000164
test_05425,0.494082
test_05426,0.000000
test_05427,0.000000
test_05428,1.000000
test_05429,0.999943
test_05430,1.000000
test_05431,0.000862
test_05432,0.999994
test_05433,0.999611
test_05434,0.999984
test_05435,0.999998
test_05436,0.009417
test_05437,0.993494
test_05438,0.002861
test_05439,0.042537
test_05440,0.000010
test_05441,1.000000
test_05442,0.839301
test_05443,0.000146
test_05444,1.000000
test_05445,0.673656
test_05446,0.004226
test_05447,0.958943
test_05448,0.791766
test_05449,0.000013
test_05450,0.994271
test_05451,0.062438
test_05452,0.999971
test_05453,0.999107
test_05454,0.007055
test_05455,0.000065
test_05456,0.000000
test_05457,0.000000
test_05458,0.223606
test_05459,0.000158
test_05460,0.977636
test_05461,0.061111
test_05462,1.000000
test_05463,0.999989
test_05464,1.000000
test_05465,0.000003
test_05466,0.999456
test_05467,0.010996
test_05468,0.978197
test_05469,0.245153
test_05470,0.000044
test_05471,0.148265
test_05472,0.864090
test_05473,0.002268
test_05474,0.000047
test_05475,0.000119
test_05476,0.000000
test_05477,0.892143
test_05478,0.539826
test_05479,0.882007
test_05480,0.000776
test_05481,0.999992
test_05482,0.000000
test_05483,0.998612
test_05484,0.000244
test_05485,0.000001
test_05486,0.714510
test_05487,0.701456
test_05488,0.999998
test_05489,0.000332
test_05490,0.000304
test_05491,0.658112
test_05492,0.000000
test_05493,0.007102
test_05494,0.999935
test_05495,0.999906
test_05496,0.985724
test_05497,0.000008
test_05498,0.000216
test_05499,0.079425
test_05500,0.999586
test_05501,0.999710
test_05502,0.000003
test_05503,0.000075
test_05504,0.999971
test_05505,0.969178
test_05506,0.380857
test_05507,0.000019
test_05508,1.000000
test_05509,0.000248
test_05510,0.999929
test_05511,0.984564
test_05512,0.002221
test_05513,0.000221
test_05514,0.000435
test_05515,0.001079
test_05516,0.001307
test_05517,0.000875
test_05518,0.007414
test_05519,0.646174
test_05520,0.963242
test_05521,0.987935
test_05522,0.000000
test_05523,0.986762
test_05524,0.990001
test_05525,0.266248
test_05526,0.000105
test_05527,0.914910
test_05528,0.000000
test_05529,0.999765
test_05530,0.000629
test_05531,0.000000
test_05532,0.997362
test_05533,0.904310
test_05534,0.998564
test_05535,0.999998
test_05536,0.673377
test_05537,0.999999
test_05538,0.000000
test_05539,0.999566
test_05540,0.712188
test_05541,0.126081
test_05542,0.554332
test_05543,0.000022
test_05544,0.999974
test_05545,0.006537
test_05546,0.000153
test_05547,0.000026
test_05548,0.992288
test_05549,0.096450
test_05550,0.000004
test_05551,0.697697
test_05552,0.617434
test_05553,0.987102
test_05554,0.953008
test_05555,0.999957
test_05556,0.993028
test_05557,0.955335
test_05558,0.000210
test_05559,0.000000
test_05560,0.997189
test_05561,0.001744
test_05562,0.999948
test_05563,0.709658
test_05564,0.996631
test_05565,0.919305
test_05566,0.000008
test_05567,0.999924
test_05568,0.999068
test_05569,0.952990
test_05570,0.000000
test_05571,0.999998
test_05572,0.999996
test_05573,0.999997
test_05574,0.014067
test_05575,0.999928
test_05576,0.001055
test_05577,0.986823
test_05578,0.915917
test_05579,0.000000
test_05580,0.097545
test_05581,0.043334
test_05582,0.999905
test_05583,0.000006
test_05584,0.999957
test_05585,0.001202
test_05586,0.627507
test_05587,0.000002
test_05588,0.996135
test_05589,0.000000
test_05590,0.992568
test_05591,0.280933
test_05592,0.003563
test_05593,1.000000
test_05594,0.861501
test_05595,0.999996
test_05596,0.934354
test_05597,0.000007
test_05598,0.647560
test_05599,0.048854
test_05600,0.999999
test_05601,0.999999
test_05602,0.001535
test_05603,0.196573
test_05604,0.999957
test_05605,0.964254
test_05606,0.000030
test_05607,0.332244
test_05608,0.015887
test_05609,0.000027
test_05610,0.999990
test_05611,0.000152
test_05612,0.999978
test_05613,0.000230
test_05614,0.418349
test_05615,0.999995
test_05616,0.000006
test_05617,0.015297
test_05618,0.000257
test_05619,0.000329
test_05620,0.004944
test_05621,0.003583
test_05622,0.989863
test_05623,0.021799
test_05624,0.589863
test_05625,0.020588
test_05626,1.000000
test_05627,0.000000
test_05628,0.739421
test_05629,0.026065
test_05630,0.000000
test_05631,0.000001
test_05632,0.999910
test_05633,0.999772
test_05634,0.999980
test_05635,0.000007
test_05636,0.999999
test_05637,0.645461
test_05638,0.403269
test_05639,0.714761
test_05640,0.999998
test_05641,0.218310
test_05642,0.999997
test_05643,0.521410
test_05644,0.767501
test_05645,0.975770
test_05646,0.251110
test_05647,0.001956
test_05648,0.000001
test_05649,0.000905
test_05650,0.999999
test_05651,0.065967
test_05652,0.708646
test_05653,0.700434
test_05654,0.983706
test_05655,0.973886
test_05656,0.638963
test_05657,0.006277
test_05658,0.000002
test_05659,0.999999
test_05660,0.999864
test_05661,0.157214
test_05662,1.000000
test_05663,0.996621
test_05664,0.999999
test_05665,0.181292
test_05666,0.000160
test_05667,0.000001
test_05668,0.216012
test_05669,1.000000
test_05670,0.992034
test_05671,0.272893
test_05672,0.999995
test_05673,0.000025
test_05674,0.000139
test_05675,0.999752
test_05676,0.000016
test_05677,0.000521
test_05678,0.000000
test_05679,0.856976
test_05680,0.000000
test_05681,0.000000
test_05682,0.999996
test_05683,0.236746
test_05684,0.005632
test_05685,0.001343
test_05686,0.984699
test_05687,0.000760
test_05688,0.489639
test_05689,0.999960
test_05690,0.002222
test_05691,0.999988
test_05692,0.611297
test_05693,0.997787
test_05694,0.524770
test_05695,0.004769
test_05696,0.985572
test_05697,0.972801
test_05698,0.000000
test_05699,0.999377
test_05700,0.999983
test_05701,0.993197
test_05702,0.008520
test_05703,0.999998
test_05704,1.000000
test_05705,0.002943
test_05706,0.003282
test_05707,1.000000
test_05708,0.001788
test_05709,0.113797
test_05710,0.972169
test_05711,0.000147
test_05712,0.995559
test_05713,0.309545
test_05714,0.999981
test_05715,0.187889
test_05716,0.999945
test_05717,0.770952
test_05718,0.999677
test_05719,0.000061
test_05720,0.000042
test_05721,0.998940
test_05722,0.939419
test_05723,0.000002
test_05724,0.999529
test_05725,0.006337
test_05726,0.000006
test_05727,0.878358
test_05728,0.993740
test_05729,0.000003
test_05730,0.999790
test_05731,1.000000
test_05732,0.000000
test_05733,0.995523
test_05734,0.858999
test_05735,0.001184
test_05736,0.074165
test_05737,0.004574
test_05738,0.145893
test_05739,0.000596
test_05740,0.752291
test_05741,0.001133
test_05742,0.000083
test_05743,0.000069
test_05744,0.205323
test_05745,0.000138
test_05746,0.000581
test_05747,0.451668
test_05748,0.004800
test_05749,0.999923
test_05750,0.000118
test_05751,0.000000
test_05752,0.035074
test_05753,0.000266
test_05754,0.996783
test_05755,0.999999
test_05756,0.897721
test_05757,0.714027
test_05758,0.176129
test_05759,0.028489
test_05760,0.993525
test_05761,0.939507
test_05762,0.000240
test_05763,0.990604
test_05764,0.997734
test_05765,0.999960
test_05766,0.012876
test_05767,0.000051
test_05768,0.000202
test_05769,0.000192
test_05770,0.999996
test_05771,0.806020
test_05772,0.032437
test_05773,0.998583
test_05774,0.894786
test_05775,0.905475
test_05776,0.000000
test_05777,0.555943
test_05778,0.951702
test_05779,0.840406
test_05780,0.583639
test_05781,0.976926
test_05782,0.935300
test_05783,0.956844
test_05784,0.626689
test_05785,0.999815
test_05786,0.998801
test_05787,0.927780
test_05788,0.995797
test_05789,0.501892
test_05790,0.999190
test_05791,0.123619
test_05792,0.005502
test_05793,1.000000
test_05794,0.949348
test_05795,0.930525
test_05796,0.981812
test_05797,0.999986
test_05798,0.999528
test_05799,0.968070
test_05800,0.964114
test_05801,0.911329
test_05802,0.001495
test_05803,0.999978
test_05804,0.999522
test_05805,0.994871
test_05806,0.001879
test_05807,0.003363
test_05808,0.684110
test_05809,0.204494
test_05810,0.999201
test_05811,0.023489
test_05812,0.999277
test_05813,1.000000
test_05814,0.999537
test_05815,0.973945
test_05816,0.072933
test_05817,0.999044
test_05818,0.999991
test_05819,0.998142
test_05820,0.000004
test_05821,0.200926
test_05822,0.000003
test_05823,0.012570
test_05824,0.000009
test_05825,0.000003
test_05826,0.999935
test_05827,0.000009
test_05828,0.008186
test_05829,0.002525
test_05830,0.000056
test_05831,0.001770
test_05832,0.605106
test_05833,0.423239
test_05834,0.001520
test_05835,0.999998
test_05836,0.999999
test_05837,0.000014
test_05838,0.000017
test_05839,0.942886
test_05840,0.991440
test_05841,0.302471
test_05842,0.000070
test_05843,0.918443
test_05844,0.000009
test_05845,0.000000
test_05846,0.463039
test_05847,0.999800
test_05848,0.005339
test_05849,0.000000
test_05850,0.002461
test_05851,0.329914
test_05852,0.957659
test_05853,0.921827
test_05854,0.790766
test_05855,0.958018
test_05856,1.000000
test_05857,0.999998
test_05858,0.000718
test_05859,0.005927
test_05860,0.002388
test_05861,0.000001
test_05862,0.062182
test_05863,0.007929
test_05864,0.099882
test_05865,0.096985
test_05866,0.504638
test_05867,0.968080
test_05868,0.044429
test_05869,0.999522
test_05870,0.000128
test_05871,0.994187
test_05872,0.990675
test_05873,0.004577
test_05874,0.724065
test_05875,0.036323
test_05876,0.000001
test_05877,0.999858
test_05878,0.999156
test_05879,0.995004
test_05880,0.936978
test_05881,1.000000
test_05882,0.907671
test_05883,1.000000
test_05884,0.999887
test_05885,0.139296
test_05886,0.379883
test_05887,0.078154
test_05888,0.000004
test_05889,0.009483
test_05890,0.000000
test_05891,0.000039
test_05892,0.995409
test_05893,0.000001
test_05894,0.999221
test_05895,0.000131
test_05896,0.994475
test_05897,0.999933
test_05898,0.000002
test_05899,1.000000
test_05900,0.395902
test_05901,0.766482
test_05902,0.998027
test_05903,0.000921
test_05904,0.000031
test_05905,0.000038
test_05906,0.000394
test_05907,0.829967
test_05908,0.000330
test_05909,0.377907
test_05910,0.999990
test_05911,0.000000
test_05912,0.002875
test_05913,0.000878
test_05914,0.000021
test_05915,0.999999
test_05916,0.000000
test_05917,0.003611
test_05918,0.416911
test_05919,0.896412
test_05920,0.016786
test_05921,1.000000
test_05922,0.999994
test_05923,1.000000
test_05924,0.000318
test_05925,0.000069
test_05926,0.000001
test_05927,0.000126
test_05928,0.999925
test_05929,0.000000
test_05930,0.000856
test_05931,0.999886
test_05932,0.000001
test_05933,0.054986
test_05934,0.000010
test_05935,0.000000
test_05936,0.991902
test_05937,0.035868
test_05938,0.999998
test_05939,0.000000
test_05940,0.181155
test_05941,1.000000
test_05942,0.000000
test_05943,0.999974
test_05944,0.999714
test_05945,0.000670
test_05946,0.001335
test_05947,0.999578
test_05948,0.999968
test_05949,0.999800
test_05950,0.000648
test_05951,0.000138
test_05952,0.000000
test_05953,0.999947
test_05954,0.000059
test_05955,0.997538
test_05956,0.319125
test_05957,0.000060
test_05958,0.000000
test_05959,0.999999
test_05960,0.013405
test_05961,0.803153
test_05962,0.999967
test_05963,1.000000
test_05964,0.001904
test_05965,0.000016
test_05966,0.000113
test_05967,0.899136
test_05968,0.999531
test_05969,0.000034
test_05970,0.995648
test_05971,0.001109
test_05972,0.740508
test_05973,0.000000
test_05974,0.002213
test_05975,0.999962
test_05976,0.000277
test_05977,0.999968
test_05978,0.982873
test_05979,0.000845
test_05980,0.009652
test_05981,0.835696
test_05982,0.999761
test_05983,0.000000
test_05984,0.000683
test_05985,0.000035
test_05986,0.812803
test_05987,0.999999
test_05988,0.991192
test_05989,0.996066
test_05990,0.999998
test_05991,0.997262
test_05992,0.999984
test_05993,0.991505
test_05994,0.004868
test_05995,0.320294
test_05996,0.667153
test_05997,0.997634
test_05998,0.414533
test_05999,0.261309
test_06000,1.000000
test_06001,0.998453
test_06002,1.000000
test_06003,1.000000
test_06004,0.000000
test_06005,0.999862
test_06006,1.000000
test_06007,0.000275
test_06008,0.000009
test_06009,0.000002
test_06010,0.999316
test_06011,0.179608
test_06012,0.994440
test_06013,0.554246
test_06014,0.000887
test_06015,0.000000
test_06016,0.008205
test_06017,0.165792
test_06018,0.000084
test_06019,0.995892
test_06020,0.203156
test_06021,0.002061
test_06022,0.000019
test_06023,0.021749
test_06024,0.442827
test_06025,0.998060
test_06026,0.298616
test_06027,0.997555
test_06028,0.000000
test_06029,0.136255
test_06030,0.994503
test_06031,0.000164
test_06032,0.000176
test_06033,0.000002
test_06034,0.991932
test_06035,0.001216
test_06036,0.997776
test_06037,0.616934
test_06038,0.900298
test_06039,0.003647
test_06040,0.173229
test_06041,0.219271
test_06042,0.883530
test_06043,0.000010
test_06044,1.000000
test_06045,0.170181
test_06046,0.084679
test_06047,0.000819
test_06048,0.996192
test_06049,0.014351
test_06050,0.000538
test_06051,0.000164
test_06052,0.999964
test_06053,0.010268
test_06054,0.038618
test_06055,0.000008
test_06056,0.999964
test_06057,0.999938
test_06058,1.000000
test_06059,0.999844
test_06060,1.000000
test_06061,0.000000
test_06062,0.913101
test_06063,0.998772
test_06064,0.999700
test_06065,0.004155
test_06066,0.040291
test_06067,0.597735
test_06068,0.997255
test_06069,0.998754
test_06070,0.001062
test_06071,0.000001
test_06072,1.000000
test_06073,0.992521
test_06074,0.883693
test_06075,0.000000
test_06076,0.999995
test_06077,0.982224
test_06078,0.997444
test_06079,0.999871
test_06080,1.000000
test_06081,0.906253
test_06082,0.683196
test_06083,0.000305
test_06084,0.000012
test_06085,1.000000
test_06086,0.000126
test_06087,0.999930
test_06088,0.000141
test_06089,0.928397
test_06090,0.999980
test_06091,0.999998
test_06092,0.000127
test_06093,0.052446
test_06094,1.000000
test_06095,0.280157
test_06096,0.999999
test_06097,0.000003
test_06098,0.010705
test_06099,0.002139
test_06100,0.004878
test_06101,0.000018
test_06102,0.195709
test_06103,0.999999
test_06104,0.999974
test_06105,0.999992
test_06106,0.999976
test_06107,0.838572
test_06108,0.660858
test_06109,0.021255
test_06110,0.862141
test_06111,0.000006
test_06112,0.004338
test_06113,0.000086
test_06114,0.000003
test_06115,1.000000
test_06116,0.999485
test_06117,0.005396
test_06118,0.107539
test_06119,0.948817
test_06120,0.951694
test_06121,0.910562
test_06122,0.002708
test_06123,0.003755
test_06124,0.695350
test_06125,1.000000
test_06126,0.347991
test_06127,0.004392
test_06128,0.083282
test_06129,0.012703
test_06130,0.489127
test_06131,0.449621
test_06132,0.999983
test_06133,0.656171
test_06134,0.000002
test_06135,0.000001
test_06136,0.989520
test_06137,0.998880
test_06138,0.997023
test_06139,1.000000
test_06140,0.994611
test_06141,0.921987
test_06142,0.896445
test_06143,0.000000
test_06144,0.986993
test_06145,0.041730
test_06146,0.000003
test_06147,0.999659
test_06148,0.000105
test_06149,0.000001
test_06150,0.000864
test_06151,0.911860
test_06152,0.000119
test_06153,0.941678
test_06154,0.063278
test_06155,1.000000
test_06156,0.000024
test_06157,0.000179
test_06158,0.008367
test_06159,0.349024
test_06160,0.999969
test_06161,0.000728
test_06162,0.352906
test_06163,0.998709
test_06164,0.968449
test_06165,0.004049
test_06166,0.258489
test_06167,0.706783
test_06168,0.585841
test_06169,0.999999
test_06170,1.000000
test_06171,0.000000
test_06172,0.999964
test_06173,0.999999
test_06174,0.000003
test_06175,0.000001
test_06176,0.886183
test_06177,0.999998
test_06178,0.974392
test_06179,0.989114
test_06180,0.997384
test_06181,0.000001
test_06182,0.001761
test_06183,1.000000
test_06184,0.624337
test_06185,0.334621
test_06186,1.000000
test_06187,0.000000
test_06188,0.835483
test_06189,0.009756
test_06190,0.959498
test_06191,0.015084
test_06192,0.000068
test_06193,0.995430
test_06194,0.997408
test_06195,0.316660
test_06196,0.000000
test_06197,0.999939
test_06198,0.000000
test_06199,0.999784
test_06200,0.999821
test_06201,0.999997
test_06202,0.432261
test_06203,0.174599
test_06204,0.119011
test_06205,0.915196
test_06206,0.001257
test_06207,0.497796
test_06208,0.027670
test_06209,0.000023
test_06210,1.000000
test_06211,0.000000
test_06212,0.999945
test_06213,0.000048
test_06214,0.358201
test_06215,0.997862
test_06216,0.744781
test_06217,0.998569
test_06218,0.791177
test_06219,0.087400
test_06220,0.000026
test_06221,0.000011
test_06222,0.000010
test_06223,0.000001
test_06224,0.734069
test_06225,0.997400
test_06226,0.998660
test_06227,0.000000
test_06228,0.999700
test_06229,0.000000
test_06230,0.000008
test_06231,0.001658
test_06232,0.006758
test_06233,0.000192
test_06234,0.999999
test_06235,0.000957
test_06236,0.000831
test_06237,0.762683
test_06238,0.003523
test_06239,0.996469
test_06240,0.999472
test_06241,0.913877
test_06242,0.029393
test_06243,0.999990
test_06244,0.148193
test_06245,0.993836
test_06246,0.998931
test_06247,0.872779
test_06248,0.999998
test_06249,0.999241
test_06250,0.999996
test_06251,0.008005
test_06252,0.964428
test_06253,0.294924
test_06254,0.999701
test_06255,0.001910
test_06256,0.999947
test_06257,0.999284
test_06258,0.999919
test_06259,0.972376
test_06260,0.997431
test_06261,0.001302
test_06262,0.999725
test_06263,0.794356
test_06264,0.849999
test_06265,0.187216
test_06266,0.998712
test_06267,0.999889
test_06268,1.000000
test_06269,0.001146
test_06270,0.411638
test_06271,0.984672
test_06272,0.999999
test_06273,0.974186
test_06274,0.885335
test_06275,0.872229
test_06276,0.000093
test_06277,0.998541
test_06278,0.000004
test_06279,0.000682
test_06280,0.036130
test_06281,0.997462
test_06282,0.999983
test_06283,0.064022
test_06284,0.544522
test_06285,0.164542
test_06286,0.999742
test_06287,0.001761
test_06288,0.999891
test_06289,0.904461
test_06290,0.062662
test_06291,0.000065
test_06292,0.000002
test_06293,0.000005
test_06294,0.175726
test_06295,0.000024
test_06296,0.036177
test_06297,0.898737
test_06298,0.999994
test_06299,0.997124
test_06300,0.999993
test_06301,0.000285
test_06302,0.991527
test_06303,0.000101
test_06304,0.981747
test_06305,0.560620
test_06306,0.000430
test_06307,0.801059
test_06308,0.998809
test_06309,0.999999
test_06310,0.000000
test_06311,0.001088
test_06312,0.065266
test_06313,0.491743
test_06314,0.006855
test_06315,0.090497
test_06316,0.375571
test_06317,0.974426
test_06318,1.000000
test_06319,0.345585
test_06320,1.000000
test_06321,0.001930
test_06322,0.999991
test_06323,0.665446
test_06324,0.000000
test_06325,0.999997
test_06326,0.999952
test_06327,0.000003
test_06328,0.999550
test_06329,0.471582
test_06330,0.000006
test_06331,0.000034
test_06332,0.000096
test_06333,0.016510
test_06334,0.000290
test_06335,0.854644
test_06336,0.297508
test_06337,0.033772
test_06338,0.920897
test_06339,0.979200
test_06340,1.000000
test_06341,0.016471
test_06342,0.988113
test_06343,0.087773
test_06344,0.002305
test_06345,0.050444
test_06346,0.999190
test_06347,0.000006
test_06348,1.000000
test_06349,0.449858
test_06350,0.000019
test_06351,0.993729
test_06352,0.000000
test_06353,0.000078
test_06354,0.645180
test_06355,0.324582
test_06356,0.999996
test_06357,0.000054
test_06358,0.907528
test_06359,0.999994
test_06360,0.999999
test_06361,0.376753
test_06362,0.000007
test_06363,0.100942
test_06364,0.384010
test_06365,0.000809
test_06366,0.572104
test_06367,0.933894
test_06368,0.994109
test_06369,0.999925
test_06370,0.975357
test_06371,0.007714
test_06372,0.998996
test_06373,0.999999
test_06374,0.999946
test_06375,0.004084
test_06376,0.003256
test_06377,0.705876
test_06378,0.863231
test_06379,0.000093
test_06380,0.035910
test_06381,0.000001
test_06382,0.999959
test_06383,0.999470
test_06384,0.941382
test_06385,0.000001
test_06386,0.999965
test_06387,0.999455
test_06388,0.992535
test_06389,0.002654
test_06390,1.000000
test_06391,0.000041
test_06392,0.123826
test_06393,0.000377
test_06394,0.897575
test_06395,0.934131
test_06396,0.102863
test_06397,0.002681
test_06398,0.999808
test_06399,0.000212
test_06400,0.000000
test_06401,0.919826
test_06402,0.999999
test_06403,0.141002
test_06404,0.127329
test_06405,0.000045
test_06406,0.000096
test_06407,0.057226
test_06408,0.000099
test_06409,0.999853
test_06410,0.995619
test_06411,1.000000
test_06412,0.133429
test_06413,0.008228
test_06414,0.999834
test_06415,0.309649
test_06416,0.998963
test_06417,0.948665
test_06418,0.049098
test_06419,0.978537
test_06420,0.084469
test_06421,0.989076
test_06422,0.998843
test_06423,0.969213
test_06424,0.996088
test_06425,0.425719
test_06426,0.000031
test_06427,0.000052
test_06428,0.296705
test_06429,0.000555
test_06430,0.047754
test_06431,0.998046
test_06432,0.000000
test_06433,0.985723
test_06434,0.999991
test_06435,0.999988
test_06436,0.001620
test_06437,0.029147
test_06438,0.000013
test_06439,0.999499
test_06440,0.015116
test_06441,0.837797
test_06442,0.001908
test_06443,0.141408
test_06444,0.000023
test_06445,0.001986
test_06446,0.867381
test_06447,0.633394
test_06448,0.999268
test_06449,0.000000
test_06450,0.998798
test_06451,1.000000
test_06452,0.999999
test_06453,0.021424
test_06454,0.999628
test_06455,0.999993
test_06456,0.000109
test_06457,0.998685
test_06458,0.077913
test_06459,0.999904
test_06460,0.000412
test_06461,0.000064
test_06462,0.999569
test_06463,0.999658
test_06464,0.002928
test_06465,0.054171
test_06466,0.123318
test_06467,0.536000
test_06468,0.000000
test_06469,0.999746
test_06470,0.999993
test_06471,0.000227
test_06472,0.254042
test_06473,1.000000
test_06474,0.000000
test_06475,0.999112
test_06476,0.003046
test_06477,0.001001
test_06478,0.999953
test_06479,0.996720
test_06480,0.997771
test_06481,0.936635
test_06482,0.999126
test_06483,0.000008
test_06484,0.000001
test_06485,0.991961
test_06486,1.000000
test_06487,0.000031
test_06488,0.999966
test_06489,0.000002
test_06490,0.990375
test_06491,0.000060
test_06492,0.999754
test_06493,0.000459
test_06494,0.711998
test_06495,0.000205
test_06496,0.000388
test_06497,0.794281
test_06498,0.999998
test_06499,0.000012
test_06500,0.020210
test_06501,0.046381
test_06502,0.998257
test_06503,0.003018
test_06504,0.000011
test_06505,0.000187
test_06506,0.430532
test_06507,0.893339
test_06508,0.996577
test_06509,0.073155
test_06510,0.999928
test_06511,0.650354
test_06512,1.000000
test_06513,0.999164
test_06514,0.006001
test_06515,0.999737
test_06516,1.000000
test_06517,0.999983
test_06518,0.780878
test_06519,0.000109
test_06520,0.000000
test_06521,0.997659
test_06522,0.999463
test_06523,0.999999
test_06524,0.000141
test_06525,0.000000
test_06526,0.999822
test_06527,0.002742
test_06528,0.636943
test_06529,0.041297
test_06530,0.000000
test_06531,0.998872
test_06532,0.979340
test_06533,0.999713
test_06534,0.998099
test_06535,0.999881
test_06536,0.131206
test_06537,0.000046
test_06538,0.937329
test_06539,0.605042
test_06540,0.049067
test_06541,0.449281
test_06542,0.030335
test_06543,0.030768
test_06544,1.000000
test_06545,0.999975
test_06546,0.002649
test_06547,0.775619
test_06548,0.999993
test_06549,0.006350
test_06550,0.999903
test_06551,0.002319
test_06552,0.699909
test_06553,0.999966
test_06554,0.435934
test_06555,0.015483
test_06556,0.999969
test_06557,0.145855
test_06558,0.799693
test_06559,0.003019
test_06560,0.464338
test_06561,0.984249
test_06562,0.004005
test_06563,0.068102
test_06564,0.973030
test_06565,0.988969
test_06566,0.945115
test_06567,0.526111
test_06568,0.022847
test_06569,0.387086
test_06570,0.000562
test_06571,0.111351
test_06572,0.008539
test_06573,0.076477
test_06574,0.431212
test_06575,0.000055
test_06576,0.238668
test_06577,0.001430
test_06578,0.998692
test_06579,0.023793
test_06580,0.983702
test_06581,0.000025
test_06582,0.999392
test_06583,0.000047
test_06584,0.985072
test_06585,0.114374
test_06586,0.000043
test_06587,1.000000
test_06588,0.000005
test_06589,0.642117
test_06590,0.000093
test_06591,0.000019
test_06592,0.764816
test_06593,0.994027
test_06594,0.999928
test_06595,0.677222
test_06596,0.302444
test_06597,0.028728
test_06598,0.000001
test_06599,0.000000
test_06600,0.018951
test_06601,0.000001
test_06602,0.010384
test_06603,0.004934
test_06604,0.625537
test_06605,0.014957
test_06606,0.962903
test_06607,0.000000
test_06608,0.999993
test_06609,0.966514
test_06610,0.006480
test_06611,0.974616
test_06612,0.000001
test_06613,0.000144
test_06614,0.000007
test_06615,0.001155
test_06616,0.933181
test_06617,0.998968
test_06618,0.016056
test_06619,0.000772
test_06620,0.636159
test_06621,0.000000
test_06622,0.000007
test_06623,0.049366
test_06624,1.000000
test_06625,0.999997
test_06626,0.000001
test_06627,0.002237
test_06628,0.252426
test_06629,0.000031
test_06630,0.000005
test_06631,0.010646
test_06632,0.006297
test_06633,0.008786
test_06634,0.948070
test_06635,0.014769
test_06636,0.000276
test_06637,0.000499
test_06638,0.001592
test_06639,0.899804
test_06640,0.946598
test_06641,0.002457
test_06642,0.599722
test_06643,0.963482
test_06644,0.999902
test_06645,0.999996
test_06646,0.999991
test_06647,0.999230
test_06648,0.002203
test_06649,0.616415
test_06650,0.000001
test_06651,0.000150
test_06652,0.000000
test_06653,1.000000
test_06654,0.000081
test_06655,0.000000
test_06656,1.000000
test_06657,0.979739
test_06658,0.000210
test_06659,0.999946
test_06660,0.647079
test_06661,0.000088
test_06662,0.120819
test_06663,0.000004
test_06664,0.000079
test_06665,0.078521
test_06666,0.030190
test_06667,0.999961
test_06668,0.604219
test_06669,0.000400
test_06670,0.831897
test_06671,0.996848
test_06672,0.070250
test_06673,0.000011
test_06674,0.976026
test_06675,0.036913
test_06676,0.978322
test_06677,1.000000
test_06678,0.999862
test_06679,0.000005
test_06680,0.000095
test_06681,0.999738
test_06682,0.000908
test_06683,0.114574
test_06684,0.460068
test_06685,0.999866
test_06686,0.967018
test_06687,0.059957
test_06688,0.193131
test_06689,0.663756
test_06690,0.799125
test_06691,0.000899
test_06692,0.948864
test_06693,0.192884
test_06694,0.957482
test_06695,0.000026
test_06696,0.999774
test_06697,0.999999
test_06698,0.000126
test_06699,0.815444
test_06700,0.999724
test_06701,0.999908
test_06702,1.000000
test_06703,0.002976
test_06704,0.999610
test_06705,0.999990
test_06706,0.736033
test_06707,0.026359
test_06708,1.000000
test_06709,0.996685
test_06710,0.934981
test_06711,0.999986
test_06712,0.002712
test_06713,0.996831
test_06714,0.136966
test_06715,0.003298
test_06716,0.998661
test_06717,0.999959
test_06718,0.974889
test_06719,0.795455
test_06720,0.999968
test_06721,0.008903
test_06722,0.933296
test_06723,0.998221
test_06724,0.000000
test_06725,0.150671
test_06726,0.994405
test_06727,0.999864
test_06728,0.000002
test_06729,0.000018
test_06730,0.000144
test_06731,0.141535
test_06732,0.868006
test_06733,0.980600
test_06734,0.000571
test_06735,0.854229
test_06736,0.999932
test_06737,1.000000
test_06738,1.000000
test_06739,0.999069
test_06740,1.000000
test_06741,0.875137
test_06742,0.999999
test_06743,0.845912
test_06744,0.528803
test_06745,0.000002
test_06746,0.996762
test_06747,1.000000
test_06748,0.077363
test_06749,0.999962
test_06750,0.996092
test_06751,0.934686
test_06752,0.000000
test_06753,0.000571
test_06754,0.000050
test_06755,0.995331
test_06756,0.000401
test_06757,1.000000
test_06758,0.000006
test_06759,0.324979
test_06760,0.000299
test_06761,0.999939
test_06762,0.996477
test_06763,0.992925
test_06764,0.275886
test_06765,0.999984
test_06766,0.000071
test_06767,0.000000
test_06768,0.999999
test_06769,0.000000
test_06770,0.047060
test_06771,1.000000
test_06772,0.000000
test_06773,0.999373
test_06774,0.169155
test_06775,0.000472
test_06776,0.999985
test_06777,0.998695
test_06778,0.000000
test_06779,0.372018
test_06780,0.999899
test_06781,0.999809
test_06782,0.996093
test_06783,0.548049
test_06784,0.001474
test_06785,0.997035
test_06786,0.999980
test_06787,0.014718
test_06788,0.000000
test_06789,0.701039
test_06790,0.999996
test_06791,0.953666
test_06792,0.999991
test_06793,0.002909
test_06794,0.999381
test_06795,0.000000
test_06796,0.999987
test_06797,0.999813
test_06798,0.975496
test_06799,0.103049
test_06800,0.000000
test_06801,0.632187
test_06802,0.000008
test_06803,0.049165
test_06804,0.793360
test_06805,0.103344
test_06806,0.999981
test_06807,0.998987
test_06808,0.973420
test_06809,0.996815
test_06810,0.996117
test_06811,0.956410
test_06812,0.002723
test_06813,0.871608
test_06814,1.000000
test_06815,1.000000
test_06816,1.000000
test_06817,0.044560
test_06818,0.998522
test_06819,0.939198
test_06820,0.002784
test_06821,0.971349
test_06822,0.014502
test_06823,0.000427
test_06824,0.995760
test_06825,0.000842
test_06826,0.002454
test_06827,0.000538
test_06828,0.999997
test_06829,0.999998
test_06830,0.000131
test_06831,0.998117
test_06832,0.000000
test_06833,0.156295
test_06834,0.000008
test_06835,0.000000
test_06836,0.018302
test_06837,0.000083
test_06838,0.000020
test_06839,0.375835
test_06840,0.999996
test_06841,0.503659
test_06842,0.995023
test_06843,0.020356
test_06844,0.000018
test_06845,0.000000
test_06846,0.921199
test_06847,0.996887
test_06848,0.001864
test_06849,0.992932
test_06850,0.679389
test_06851,0.048648
test_06852,0.003064
test_06853,0.000000
test_06854,0.769609
test_06855,0.000000
test_06856,0.152432
test_06857,0.562058
test_06858,0.000502
test_06859,0.253940
test_06860,0.827374
test_06861,0.001280
test_06862,0.992913
test_06863,0.921126
test_06864,0.999930
test_06865,0.000000
test_06866,0.255685
test_06867,0.043863
test_06868,0.948829
test_06869,0.246705
test_06870,1.000000
test_06871,0.404903
test_06872,0.239790
test_06873,0.030994
test_06874,0.999918
test_06875,0.135228
test_06876,0.000002
test_06877,0.999985
test_06878,0.000000
test_06879,0.901498
test_06880,0.028017
test_06881,0.999453
test_06882,0.000000
test_06883,0.937201
test_06884,0.000000
test_06885,0.000003
test_06886,0.045253
test_06887,0.999941
test_06888,0.003142
test_06889,0.984739
test_06890,0.249813
test_06891,0.013509
test_06892,0.000011
test_06893,0.364483
test_06894,0.000129
test_06895,0.021385
test_06896,0.999999
test_06897,0.102988
test_06898,0.059543
test_06899,0.000000
test_06900,0.000003
test_06901,0.995920
test_06902,0.950285
test_06903,0.999753
test_06904,1.000000
test_06905,1.000000
test_06906,0.000332
test_06907,1.000000
test_06908,0.999681
test_06909,0.000007
test_06910,0.999997
test_06911,0.997151
test_06912,0.000001
test_06913,0.000112
test_06914,0.701108
test_06915,0.176653
test_06916,0.999408
test_06917,0.000734
test_06918,0.989315
test_06919,0.999926
test_06920,0.013837
test_06921,0.989585
test_06922,1.000000
test_06923,0.784084
test_06924,0.989827
test_06925,0.006813
test_06926,0.011927
test_06927,0.000419
test_06928,0.000000
test_06929,0.500688
test_06930,0.000000
test_06931,0.001147
test_06932,0.999447
test_06933,0.994049
test_06934,0.005419
test_06935,0.001543
test_06936,0.998857
test_06937,0.655736
test_06938,0.000863
test_06939,0.000000
test_06940,0.994874
test_06941,0.985769
test_06942,0.000150
test_06943,0.074776
test_06944,0.321080
test_06945,0.000169
test_06946,0.001665
test_06947,0.946364
test_06948,0.158800
test_06949,0.997348
test_06950,0.038201
test_06951,0.001805
test_06952,0.968873
test_06953,0.000024
test_06954,0.163609
test_06955,1.000000
test_06956,0.550068
test_06957,0.696510
test_06958,0.999958
test_06959,0.000004
test_06960,0.000013
test_06961,0.896512
test_06962,0.000032
test_06963,0.025342
test_06964,0.999999
test_06965,0.079370
test_06966,0.000000
test_06967,0.000695
test_06968,0.000000
test_06969,0.000000
test_06970,0.999979
test_06971,0.999984
test_06972,0.000033
test_06973,0.991436
test_06974,0.172028
test_06975,0.999999
test_06976,0.996405
test_06977,0.466745
test_06978,0.000063
test_06979,0.255651
test_06980,0.748612
test_06981,0.999999
test_06982,0.999963
test_06983,0.000144
test_06984,0.083434
test_06985,0.000227
test_06986,0.069844
test_06987,0.000000
test_06988,0.000030
test_06989,0.000051
test_06990,0.997564
test_06991,0.999747
test_06992,0.578954
test_06993,0.000001
test_06994,0.000000
test_06995,0.014857
test_06996,0.006033
test_06997,0.923349
test_06998,0.000000
test_06999,0.966713
test_07000,0.087981
test_07001,0.976615
test_07002,1.000000
test_07003,0.999948
test_07004,0.969978
test_07005,0.501945
test_07006,0.005184
test_07007,0.000140
test_07008,0.002380
test_07009,0.999498
test_07010,0.989090
test_07011,0.999997
test_07012,0.903378
test_07013,0.097339
test_07014,0.999983
test_07015,0.998270
test_07016,0.999687
test_07017,0.022773
test_07018,0.997667
test_07019,0.653453
test_07020,0.000019
test_07021,0.999382
test_07022,0.000000
test_07023,0.984565
test_07024,0.005226
test_07025,1.000000
test_07026,0.999999
test_07027,0.000467
test_07028,0.992248
test_07029,0.779427
test_07030,0.121229
test_07031,0.000000
test_07032,0.837065
test_07033,0.999999
test_07034,0.000162
test_07035,0.000004
test_07036,0.000002
test_07037,0.000000
test_07038,0.998747
test_07039,0.049514
test_07040,0.000017
test_07041,0.998944
test_07042,0.967534
test_07043,0.034016
test_07044,1.000000
test_07045,0.064084
test_07046,0.998665
test_07047,1.000000
test_07048,0.000000
test_07049,0.022103
test_07050,0.999186
test_07051,0.000010
test_07052,0.924968
test_07053,0.000001
test_07054,0.996469
test_07055,0.999694
test_07056,0.999616
test_07057,0.000116
test_07058,0.415783
test_07059,0.142265
test_07060,0.999193
test_07061,0.634757
test_07062,0.000000
test_07063,0.000483
test_07064,0.000048
test_07065,0.003901
test_07066,0.020271
test_07067,0.999999
test_07068,0.970753
test_07069,0.999612
test_07070,0.003285
test_07071,0.000000
test_07072,0.999962
test_07073,0.960670
test_07074,0.999424
test_07075,0.996308
test_07076,1.000000
test_07077,0.017456
test_07078,1.000000
test_07079,0.999680
test_07080,0.086895
test_07081,0.547650
test_07082,0.996447
test_07083,0.000052
test_07084,0.007229
test_07085,0.572594
test_07086,0.993623
test_07087,0.075864
test_07088,0.886612
test_07089,0.005126
test_07090,0.999986
test_07091,0.099589
test_07092,0.999826
test_07093,0.916128
test_07094,0.973239
test_07095,0.000003
test_07096,0.999432
test_07097,0.000475
test_07098,0.007261
test_07099,0.000119
test_07100,0.455546
test_07101,0.999999
test_07102,0.977608
test_07103,0.999799
test_07104,0.783863
test_07105,0.000000
test_07106,0.656665
test_07107,0.000000
test_07108,0.197488
test_07109,0.346832
test_07110,0.231417
test_07111,0.012290
test_07112,1.000000
test_07113,0.016651
test_07114,0.880744
test_07115,0.977540
test_07116,0.245652
test_07117,0.000018
test_07118,0.003429
test_07119,0.110405
test_07120,0.000274
test_07121,0.131747
test_07122,0.408970
test_07123,0.532041
test_07124,0.999971
test_07125,0.999999
test_07126,0.984556
test_07127,0.999991
test_07128,0.004572
test_07129,0.000002
test_07130,0.999982
test_07131,0.992696
test_07132,0.000001
test_07133,0.005281
test_07134,0.000092
test_07135,0.000001
test_07136,0.999739
test_07137,0.976270
test_07138,0.000000
test_07139,0.001281
test_07140,0.006923
test_07141,0.012440
test_07142,0.006571
test_07143,0.011099
test_07144,0.000000
test_07145,0.004392
test_07146,0.999788
test_07147,0.975531
test_07148,0.915161
test_07149,0.000393
test_07150,0.024501
test_07151,0.065724
test_07152,0.981308
test_07153,0.904802
test_07154,0.980238
test_07155,0.003601
test_07156,0.028830
test_07157,1.000000
test_07158,0.992128
test_07159,0.007927
test_07160,0.000044
test_07161,0.000169
test_07162,0.840016
test_07163,0.997668
test_07164,0.776628
test_07165,0.071784
test_07166,1.000000
test_07167,0.009994
test_07168,0.999991
test_07169,0.003476
test_07170,0.999996
test_07171,0.999983
test_07172,0.999996
test_07173,1.000000
test_07174,0.686444
test_07175,0.999871
test_07176,0.033683
test_07177,0.000000
test_07178,0.964040
test_07179,0.098878
test_07180,0.000003
test_07181,0.441649
test_07182,0.017730
test_07183,0.056101
test_07184,0.007455
test_07185,1.000000
test_07186,1.000000
test_07187,0.010467
test_07188,0.874031
test_07189,0.000018
test_07190,0.955995
test_07191,0.000456
test_07192,0.000001
test_07193,0.001309
test_07194,0.583891
test_07195,0.986636
test_07196,0.999713
test_07197,0.000033
test_07198,0.000152
test_07199,0.000000
test_07200,1.000000
test_07201,0.384012
test_07202,0.000907
test_07203,1.000000
test_07204,0.856780
test_07205,0.000053
test_07206,0.411762
test_07207,0.991783
test_07208,0.000002
test_07209,0.230369
test_07210,0.001045
test_07211,0.059400
test_07212,0.498613
test_07213,0.189316
test_07214,0.986887
test_07215,0.944003
test_07216,0.131688
test_07217,0.000002
test_07218,0.070607
test_07219,0.999999
test_07220,0.005776
test_07221,0.999701
test_07222,0.004832
test_07223,0.000128
test_07224,0.186236
test_07225,0.471353
test_07226,0.550565
test_07227,0.999959
test_07228,0.000002
test_07229,0.001275
test_07230,0.109903
test_07231,0.010650
test_07232,0.512672
test_07233,1.000000
test_07234,0.999998
test_07235,0.999160
test_07236,0.000011
test_07237,0.999647
test_07238,0.098845
test_07239,0.913055
test_07240,0.551751
test_07241,0.001368
test_07242,0.033228
test_07243,0.000073
test_07244,0.999999
test_07245,0.004002
test_07246,0.146451
test_07247,0.953438
test_07248,0.999434
test_07249,0.000013
test_07250,0.026710
test_07251,0.000077
test_07252,0.999993
test_07253,0.000000
test_07254,0.004634
test_07255,0.589699
test_07256,0.004107
test_07257,0.970108
test_07258,0.192011
test_07259,0.628783
test_07260,0.996449
test_07261,0.005605
test_07262,0.000000
test_07263,0.999999
test_07264,0.316292
test_07265,0.983812
test_07266,0.000000
test_07267,0.005237
test_07268,0.997862
test_07269,0.999775
test_07270,0.368051
test_07271,0.998992
test_07272,0.838700
test_07273,0.702502
test_07274,0.970624
test_07275,0.069625
test_07276,0.000376
test_07277,1.000000
test_07278,0.521733
test_07279,0.000384
test_07280,0.000000
test_07281,0.000366
test_07282,0.941824
test_07283,0.000353
test_07284,0.000133
test_07285,0.999999
test_07286,0.294742
test_07287,0.996487
test_07288,0.001151
test_07289,0.037742
test_07290,0.000000
test_07291,0.860389
test_07292,0.002040
test_07293,0.000306
test_07294,1.000000
test_07295,0.551950
test_07296,0.964253
test_07297,0.990179
test_07298,0.351642
test_07299,0.496702
test_07300,0.244458
test_07301,0.889606
test_07302,0.000297
test_07303,1.000000
test_07304,0.000030
test_07305,0.109570
test_07306,0.092751
test_07307,0.000000
test_07308,0.000001
test_07309,0.000252
test_07310,0.123121
test_07311,0.000385
test_07312,0.954392
test_07313,0.000049
test_07314,0.976952
test_07315,0.682171
test_07316,0.422915
test_07317,0.999987
test_07318,0.000078
test_07319,0.958306
test_07320,1.000000
test_07321,0.162799
test_07322,0.387710
test_07323,0.001113
test_07324,0.518202
test_07325,0.745304
test_07326,0.997879
test_07327,0.999996
test_07328,0.999824
test_07329,0.004774
test_07330,0.952610
test_07331,0.000000
test_07332,0.004677
test_07333,0.088650
test_07334,0.921370
test_07335,0.506906
test_07336,0.358405
test_07337,0.738719
test_07338,0.707503
test_07339,0.000002
test_07340,0.999885
test_07341,0.049465
test_07342,0.053772
test_07343,0.999994
test_07344,0.999726
test_07345,0.000122
test_07346,0.003338
test_07347,0.001685
test_07348,0.991547
test_07349,0.001111
test_07350,0.999954
test_07351,0.003313
test_07352,0.672414
test_07353,0.949022
test_07354,0.916695
test_07355,0.999980
test_07356,0.999922
test_07357,0.990160
test_07358,0.611701
test_07359,0.129166
test_07360,0.999994
test_07361,0.225207
test_07362,0.023646
test_07363,0.999827
test_07364,0.051040
test_07365,0.793293
test_07366,0.999941
test_07367,1.000000
test_07368,0.171813
test_07369,0.047008
test_07370,0.970669
test_07371,0.000535
test_07372,0.015822
test_07373,0.999999
test_07374,0.000000
test_07375,0.692692
test_07376,0.772556
test_07377,0.000000
test_07378,0.965021
test_07379,0.000059
test_07380,0.002749
test_07381,0.118709
test_07382,0.484312
test_07383,0.710611
test_07384,0.999995
test_07385,0.159111
test_07386,0.000065
test_07387,0.000000
test_07388,0.671985
test_07389,0.001050
test_07390,0.000026
test_07391,0.999896
test_07392,0.064632
test_07393,0.565928
test_07394,1.000000
test_07395,0.999992
test_07396,0.000003
test_07397,0.999539
test_07398,0.995988
test_07399,0.996462
test_07400,0.978371
test_07401,0.000174
test_07402,0.999999
test_07403,0.003734
test_07404,0.000007
test_07405,0.999927
test_07406,0.001194
test_07407,0.000002
test_07408,0.339363
test_07409,0.901868
test_07410,0.999999
test_07411,0.000000
test_07412,0.000039
test_07413,0.766699
test_07414,0.001623
test_07415,0.986363
test_07416,0.142222
test_07417,0.019082
test_07418,0.999938
test_07419,0.000017
test_07420,0.000000
test_07421,0.128349
test_07422,0.999996
test_07423,0.999983
test_07424,0.001126
test_07425,0.215953
test_07426,0.002534
test_07427,0.039955
test_07428,0.008815
test_07429,0.491625
test_07430,0.000000
test_07431,0.999990
test_07432,0.000070
test_07433,0.021203
test_07434,0.000007
test_07435,0.000002
test_07436,0.000009
test_07437,0.973732
test_07438,0.999885
test_07439,0.031045
test_07440,0.000383
test_07441,0.000040
test_07442,0.000026
test_07443,0.999530
test_07444,0.003456
test_07445,0.001511
test_07446,0.000000
test_07447,0.000000
test_07448,0.001384
test_07449,0.999697
test_07450,0.999992
test_07451,0.994214
test_07452,0.027340
test_07453,0.022770
test_07454,0.999986
test_07455,0.062919
test_07456,0.996188
test_07457,0.818164
test_07458,1.000000
test_07459,0.999040
test_07460,0.023015
test_07461,0.978273
test_07462,0.019598
test_07463,0.000022
test_07464,0.000000
test_07465,0.999986
test_07466,0.158896
test_07467,0.438552
test_07468,0.736477
test_07469,0.015739
test_07470,0.999875
test_07471,0.100365
test_07472,0.478904
test_07473,0.000001
test_07474,0.000047
test_07475,0.797995
test_07476,0.000004
test_07477,0.008748
test_07478,0.999794
test_07479,0.999999
test_07480,0.469640
test_07481,0.514785
test_07482,0.225966
test_07483,0.562381
test_07484,0.003569
test_07485,0.995324
test_07486,0.997673
test_07487,0.000091
test_07488,0.000001
test_07489,1.000000
test_07490,0.535886
test_07491,0.003338
test_07492,0.000300
test_07493,0.836130
test_07494,0.988645
test_07495,0.999754
test_07496,0.001578
test_07497,0.009063
test_07498,0.121356
test_07499,0.000418
test_07500,0.016423
test_07501,0.000055
test_07502,0.999988
test_07503,0.000153
test_07504,0.000001
test_07505,0.634205
test_07506,0.999793
test_07507,0.034942
test_07508,0.000000
test_07509,0.718952
test_07510,0.471271
test_07511,0.999990
test_07512,0.000474
test_07513,0.994892
test_07514,0.971160
test_07515,0.998110
test_07516,0.992662
test_07517,0.999999
test_07518,0.007959
test_07519,0.376908
test_07520,0.000000
test_07521,0.004481
test_07522,0.991631
test_07523,0.000000
test_07524,0.987428
test_07525,0.101212
test_07526,0.000026
test_07527,0.402000
test_07528,0.999975
test_07529,0.000192
test_07530,0.996032
test_07531,0.881579
test_07532,0.999993
test_07533,0.130831
test_07534,0.036690
test_07535,0.638219
test_07536,0.016062
test_07537,0.053971
test_07538,0.816461
test_07539,0.999572
test_07540,0.003989
test_07541,0.652255
test_07542,0.323886
test_07543,0.157544
test_07544,0.983121
test_07545,0.030880
test_07546,0.999999
test_07547,0.975899
test_07548,0.032954
test_07549,0.999232
test_07550,0.925104
test_07551,0.999997
test_07552,0.000021
test_07553,1.000000
test_07554,0.999852
test_07555,0.000011
test_07556,0.156975
test_07557,1.000000
test_07558,0.992554
test_07559,0.993798
test_07560,0.765108
test_07561,0.000001
test_07562,0.061282
test_07563,0.884792
test_07564,1.000000
test_07565,0.005240
test_07566,0.572222
test_07567,0.000694
test_07568,0.004654
test_07569,0.163456
test_07570,0.999932
test_07571,0.052486
test_07572,0.990208
test_07573,1.000000
test_07574,0.999211
test_07575,0.014493
test_07576,0.000000
test_07577,0.000037
test_07578,0.000170
test_07579,0.000001
test_07580,0.999991
test_07581,0.000000
test_07582,0.000000
test_07583,0.995702
test_07584,0.999982
test_07585,0.659653
test_07586,0.998294
test_07587,0.185450
test_07588,0.995182
test_07589,0.849495
test_07590,0.000004
test_07591,1.000000
test_07592,0.000076
test_07593,1.000000
test_07594,0.513794
test_07595,0.000006
test_07596,0.000006
test_07597,0.887172
test_07598,0.923306
test_07599,0.995096
test_07600,0.000085
test_07601,0.038995
test_07602,0.030260
test_07603,0.999960
test_07604,0.002278
test_07605,0.000002
test_07606,0.000001
test_07607,0.014897
test_07608,0.122789
test_07609,0.999953
test_07610,0.003519
test_07611,0.007572
test_07612,0.000000
test_07613,0.054407
test_07614,1.000000
test_07615,0.999544
test_07616,1.000000
test_07617,0.062249
test_07618,0.998785
test_07619,0.000002
test_07620,0.367259
test_07621,0.000001
test_07622,0.010708
test_07623,0.999982
test_07624,0.003460
test_07625,0.000000
test_07626,0.999947
test_07627,0.975665
test_07628,0.999979
test_07629,0.001068
test_07630,0.999915
test_07631,0.000331
test_07632,0.054778
test_07633,0.045675
test_07634,1.000000
test_07635,0.999996
test_07636,0.000022
test_07637,0.720647
test_07638,0.999996
test_07639,0.000329
test_07640,0.003237
test_07641,0.955193
test_07642,0.339955
test_07643,0.999979
test_07644,1.000000
test_07645,0.005554
test_07646,0.566322
test_07647,1.000000
test_07648,0.000000
test_07649,0.976509
test_07650,0.998681
test_07651,0.721552
test_07652,0.499281
test_07653,0.997931
test_07654,0.999934
test_07655,0.386819
test_07656,0.000005
test_07657,1.000000
test_07658,0.000000
test_07659,0.999999
test_07660,0.242059
test_07661,0.999994
test_07662,0.022182
test_07663,0.002880
test_07664,0.000045
test_07665,0.001394
test_07666,0.999989
test_07667,0.011944
test_07668,0.000016
test_07669,1.000000
test_07670,0.000042
test_07671,0.000053
test_07672,0.000002
test_07673,0.000543
test_07674,0.107533
test_07675,0.000000
test_07676,0.000646
test_07677,0.000000
test_07678,0.017535
test_07679,0.032700
test_07680,0.989742
test_07681,0.000783
test_07682,0.000002
test_07683,0.992186
test_07684,0.948789
test_07685,0.115097
test_07686,0.018806
test_07687,0.162893
test_07688,0.864629
test_07689,0.746688
test_07690,0.971488
test_07691,0.009573
test_07692,0.998119
test_07693,0.999978
test_07694,0.093287
test_07695,0.101384
test_07696,0.022103
test_07697,0.985392
test_07698,0.999994
test_07699,0.000601
test_07700,0.973958
test_07701,0.000000
test_07702,0.002073
test_07703,0.999989
test_07704,0.999619
test_07705,0.220888
test_07706,0.994039
test_07707,0.000961
test_07708,0.999993
test_07709,0.676012
test_07710,0.998195
test_07711,0.967863
test_07712,0.000022
test_07713,0.000189
test_07714,0.000007
test_07715,0.974229
test_07716,0.999651
test_07717,0.002764
test_07718,0.000001
test_07719,0.002175
test_07720,0.000368
test_07721,0.000926
test_07722,0.004938
test_07723,0.019578
test_07724,1.000000
test_07725,0.999982
test_07726,0.452708
test_07727,0.000000
test_07728,0.003653
test_07729,0.999597
test_07730,0.385619
test_07731,0.000000
test_07732,0.180082
test_07733,0.999996
test_07734,0.000633
test_07735,0.207213
test_07736,0.000532
test_07737,0.999921
test_07738,0.012705
test_07739,0.321063
test_07740,0.005000
test_07741,0.065135
test_07742,0.676144
test_07743,0.999924
test_07744,0.017692
test_07745,0.491126
test_07746,0.286285
test_07747,0.158305
test_07748,0.023625
test_07749,0.999890
test_07750,0.999995
test_07751,0.007162
test_07752,0.000000
test_07753,0.184835
test_07754,0.701489
test_07755,0.000142
test_07756,0.973045
test_07757,0.000011
test_07758,0.000174
test_07759,0.739096
test_07760,0.000001
test_07761,0.999826
test_07762,0.998271
test_07763,1.000000
test_07764,0.999295
test_07765,0.000008
test_07766,1.000000
test_07767,0.000006
test_07768,0.728335
test_07769,0.000003
test_07770,0.071631
test_07771,0.538007
test_07772,0.999997
test_07773,0.999506
test_07774,0.000007
test_07775,0.214286
test_07776,0.468438
test_07777,0.999887
test_07778,1.000000
test_07779,0.999148
test_07780,0.998594
test_07781,0.000000
test_07782,0.317500
test_07783,0.000087
test_07784,0.778149
test_07785,0.496302
test_07786,0.085455
test_07787,0.999269
test_07788,0.999794
test_07789,0.672238
test_07790,0.051267
test_07791,0.226653
test_07792,0.000989
test_07793,0.000000
test_07794,0.005593
test_07795,0.744619
test_07796,0.000784
test_07797,0.000414
test_07798,0.905145
test_07799,1.000000
test_07800,0.980978
test_07801,0.003244
test_07802,0.929008
test_07803,0.992472
test_07804,1.000000
test_07805,0.000000
test_07806,0.002419
test_07807,0.001107
test_07808,0.000001
test_07809,0.000001
test_07810,0.009283
test_07811,0.631901
test_07812,0.190620
test_07813,0.999968
test_07814,0.094381
test_07815,0.000089
test_07816,0.000001
test_07817,1.000000
test_07818,0.000555
test_07819,0.913028
test_07820,0.000010
test_07821,0.999994
test_07822,0.000307
test_07823,0.018748
test_07824,0.998913
test_07825,0.987106
test_07826,0.000043
test_07827,0.967150
test_07828,0.000001
test_07829,0.738190
test_07830,0.000238
test_07831,1.000000
test_07832,0.943630
test_07833,0.890129
test_07834,0.999996
test_07835,0.990685
test_07836,0.353525
test_07837,0.000001
test_07838,0.999997
test_07839,0.983587
test_07840,0.490120
test_07841,0.505448
test_07842,0.064411
test_07843,0.000000
test_07844,0.518605
test_07845,1.000000
test_07846,0.010199
test_07847,0.999996
test_07848,0.000000
test_07849,0.999574
test_07850,0.999998
test_07851,0.042100
test_07852,0.780735
test_07853,0.000000
test_07854,0.999996
test_07855,0.001461
test_07856,0.001202
test_07857,0.077317
test_07858,0.000813
test_07859,0.988368
test_07860,0.028666
test_07861,0.089238
test_07862,0.000001
test_07863,0.021935
test_07864,0.287182
test_07865,0.998411
test_07866,0.989249
test_07867,0.000000
test_07868,0.999728
test_07869,0.362084
test_07870,0.013339
test_07871,0.999984
test_07872,0.085273
test_07873,0.000120
test_07874,0.033932
test_07875,0.000017
test_07876,0.000001
test_07877,0.063033
test_07878,0.000186
test_07879,0.000000
test_07880,0.903722
test_07881,0.846247
test_07882,0.986102
test_07883,0.999897
test_07884,0.448922
test_07885,0.971679
test_07886,0.000018
test_07887,0.999974
test_07888,0.098169
test_07889,0.999682
test_07890,0.796778
test_07891,0.975175
test_07892,0.651506
test_07893,0.999988
test_07894,0.000031
test_07895,0.133789
test_07896,0.999877
test_07897,0.020287
test_07898,0.964687
test_07899,0.999761
test_07900,0.999996
test_07901,0.999738
test_07902,0.000253
test_07903,0.508254
test_07904,0.019200
test_07905,0.071229
test_07906,0.005252
test_07907,0.102925
test_07908,0.011227
test_07909,0.976185
test_07910,0.985423
test_07911,0.999858
test_07912,0.000049
test_07913,0.000066
test_07914,0.000006
test_07915,0.001078
test_07916,0.999494
test_07917,0.000000
test_07918,0.001000
test_07919,0.006958
test_07920,0.000379
test_07921,0.999999
test_07922,0.519320
test_07923,0.999997
test_07924,0.000720
test_07925,0.022579
test_07926,0.000829
test_07927,0.979890
test_07928,0.000000
test_07929,0.000001
test_07930,0.000992
test_07931,0.019654
test_07932,0.999252
test_07933,0.999759
test_07934,0.001208
test_07935,0.047365
test_07936,0.000336
test_07937,0.150478
test_07938,0.987351
test_07939,0.000014
test_07940,0.000028
test_07941,0.388645
test_07942,0.000125
test_07943,0.999939
test_07944,0.074580
test_07945,0.001428
test_07946,0.000270
test_07947,1.000000
test_07948,0.447505
test_07949,1.000000
test_07950,0.997067
test_07951,0.000005
test_07952,0.000626
test_07953,0.003717
test_07954,0.000001
test_07955,0.000013
test_07956,0.042851
test_07957,0.120252
test_07958,0.929829
test_07959,0.999914
test_07960,0.000050
test_07961,0.999966
test_07962,0.002136
test_07963,0.999994
test_07964,0.000000
test_07965,0.000248
test_07966,0.999072
test_07967,0.999999
test_07968,0.000006
test_07969,0.000708
test_07970,0.013297
test_07971,0.003905
test_07972,0.998826
test_07973,0.000048
test_07974,0.772877
test_07975,0.000028
test_07976,0.223040
test_07977,0.000089
test_07978,0.994561
test_07979,0.000086
test_07980,0.019878
test_07981,0.572541
test_07982,0.050167
test_07983,0.013411
test_07984,0.989313
test_07985,1.000000
test_07986,0.007857
test_07987,0.000007
test_07988,0.001285
test_07989,0.000000
test_07990,0.452027
test_07991,0.707472
test_07992,0.000024
test_07993,0.999999
test_07994,0.533159
test_07995,0.999950
test_07996,0.999056
test_07997,0.991127
test_07998,0.891682
test_07999,0.999766
test_08000,0.065543
test_08001,0.000007
test_08002,0.098946
test_08003,0.996804
test_08004,0.009096
test_08005,1.000000
test_08006,0.844142
test_08007,0.000000
test_08008,0.714929
test_08009,0.009522
test_08010,0.998106
test_08011,0.909661
test_08012,0.999754
test_08013,0.000003
test_08014,0.004069
test_08015,0.000021
test_08016,0.991971
test_08017,0.024911
test_08018,0.999882
test_08019,1.000000
test_08020,0.999675
test_08021,0.561428
test_08022,0.000477
test_08023,0.004083
test_08024,0.000845
test_08025,0.469476
test_08026,0.999444
test_08027,0.522297
test_08028,0.000000
test_08029,0.839760
test_08030,0.621570
test_08031,0.000581
test_08032,0.994712
test_08033,0.000003
test_08034,0.999972
test_08035,0.002195
test_08036,0.713761
test_08037,0.001201
test_08038,0.998939
test_08039,0.998157
test_08040,0.997949
test_08041,0.648044
test_08042,0.998779
test_08043,0.003942
test_08044,0.648856
test_08045,0.217809
test_08046,0.017854
test_08047,0.000000
test_08048,0.457941
test_08049,0.982047
test_08050,0.000666
test_08051,0.051232
test_08052,0.999970
test_08053,0.257752
test_08054,0.026965
test_08055,0.999641
test_08056,0.999997
test_08057,0.002665
test_08058,0.744738
test_08059,0.033524
test_08060,1.000000
test_08061,0.080295
test_08062,0.955957
test_08063,0.802469
test_08064,0.004922
test_08065,1.000000
test_08066,0.624038
test_08067,0.999874
test_08068,0.658613
test_08069,0.793801
test_08070,0.000021
test_08071,0.930538
test_08072,0.000000
test_08073,0.975443
test_08074,0.201814
test_08075,0.962225
test_08076,0.000000
test_08077,0.096945
test_08078,0.923863
test_08079,0.000288
test_08080,0.994402
test_08081,0.000004
test_08082,0.000776
test_08083,0.999997
test_08084,0.000743
test_08085,0.000113
test_08086,0.099643
test_08087,0.852126
test_08088,0.999645
test_08089,0.040733
test_08090,0.028611
test_08091,0.999999
test_08092,0.766969
test_08093,0.577322
test_08094,0.019566
test_08095,0.994242
test_08096,0.000094
test_08097,0.999996
test_08098,0.046625
test_08099,0.001750
test_08100,1.000000
test_08101,0.000012
test_08102,0.000056
test_08103,0.999933
test_08104,0.000005
test_08105,0.999684
test_08106,1.000000
test_08107,0.759165
test_08108,0.017868
test_08109,0.999630
test_08110,0.999846
test_08111,0.000000
test_08112,0.999972
test_08113,0.007298
test_08114,0.000036
test_08115,0.021955
test_08116,0.999931
test_08117,0.011449
test_08118,0.009181
test_08119,0.212284
test_08120,0.055323
test_08121,0.019105
test_08122,0.971350
test_08123,0.395034
test_08124,0.820341
test_08125,0.998128
test_08126,0.222534
test_08127,0.000553
test_08128,0.278610
test_08129,0.017688
test_08130,0.005235
test_08131,0.999999
test_08132,0.000000
test_08133,0.255010
test_08134,0.017611
test_08135,0.562289
test_08136,0.968122
test_08137,0.000000
test_08138,0.000000
test_08139,0.999867
test_08140,1.000000
test_08141,0.997508
test_08142,0.999999
test_08143,0.615255
test_08144,0.989163
test_08145,0.004391
test_08146,0.393140
test_08147,0.068130
test_08148,0.000033
test_08149,0.000024
test_08150,0.909233
test_08151,0.814579
test_08152,0.014106
test_08153,0.317399
test_08154,0.000077
test_08155,0.044939
test_08156,0.000001
test_08157,0.746788
test_08158,0.000009
test_08159,0.999994
test_08160,1.000000
test_08161,0.979480
test_08162,0.036576
test_08163,0.999998
test_08164,0.171714
test_08165,0.000859
test_08166,0.686421
test_08167,0.000019
test_08168,0.999999
test_08169,0.963043
test_08170,0.000004
test_08171,1.000000
test_08172,0.982587
test_08173,0.033980
test_08174,0.000919
test_08175,0.999271
test_08176,0.977422
test_08177,0.997860
test_08178,0.890179
test_08179,0.998934
test_08180,0.000000
test_08181,0.023072
test_08182,0.067415
test_08183,0.971659
test_08184,0.999347
test_08185,0.999963
test_08186,0.715407
test_08187,0.977582
test_08188,0.000005
test_08189,0.000001
test_08190,0.001325
test_08191,0.300918
test_08192,0.917220
test_08193,0.999998
test_08194,0.000575
test_08195,0.000000
test_08196,0.001868
test_08197,1.000000
test_08198,0.981177
test_08199,0.000109
test_08200,0.931820
test_08201,0.000304
test_08202,0.999963
test_08203,0.992403
test_08204,0.660106
test_08205,0.961258
test_08206,0.950526
test_08207,0.999996
test_08208,0.079085
test_08209,0.003818
test_08210,0.000448
test_08211,0.000000
test_08212,0.996117
test_08213,0.999917
test_08214,0.000294
test_08215,0.000000
test_08216,0.000090
test_08217,0.999995
test_08218,0.991132
test_08219,0.000012
test_08220,0.000004
test_08221,0.000181
test_08222,0.999243
test_08223,0.000047
test_08224,0.000000
test_08225,0.000000
test_08226,0.486620
test_08227,0.987115
test_08228,0.988957
test_08229,0.000403
test_08230,0.450118
test_08231,0.003073
test_08232,0.000374
test_08233,0.000000
test_08234,0.000002
test_08235,0.000001
test_08236,0.455983
test_08237,0.967317
test_08238,1.000000
test_08239,0.999849
test_08240,0.884603
test_08241,0.967737
test_08242,0.996125
test_08243,0.000011
test_08244,0.999998
test_08245,0.159861
test_08246,0.643739
test_08247,0.015248
test_08248,0.559765
test_08249,0.478765
test_08250,0.335203
test_08251,0.992995
test_08252,0.999770
test_08253,0.001661
test_08254,0.967907
test_08255,0.000040
test_08256,0.000655
test_08257,0.000007
test_08258,0.126974
test_08259,0.999803
test_08260,0.297383
test_08261,1.000000
test_08262,0.999961
test_08263,1.000000
test_08264,0.975064
test_08265,0.999193
test_08266,0.997509
test_08267,0.000672
test_08268,0.000633
test_08269,0.999987
test_08270,0.000018
test_08271,0.605997
test_08272,0.860905
test_08273,0.842369
test_08274,0.999926
test_08275,0.032025
test_08276,1.000000
test_08277,0.000000
test_08278,0.115429
test_08279,0.505480
test_08280,0.000000
test_08281,0.609436
test_08282,0.847032
test_08283,0.976301
test_08284,0.553534
test_08285,0.999987
test_08286,0.136311
test_08287,0.300821
test_08288,0.000003
test_08289,0.001160
test_08290,0.000000
test_08291,0.644805
test_08292,0.000224
test_08293,0.985274
test_08294,0.009136
test_08295,0.994866
test_08296,0.999261
test_08297,1.000000
test_08298,0.004038
test_08299,0.000017
test_08300,0.998788
test_08301,0.998659
test_08302,0.996008
test_08303,0.999919
test_08304,0.992700
test_08305,0.076373
test_08306,0.000000
test_08307,0.981494
test_08308,0.995747
test_08309,0.000390
test_08310,0.895451
test_08311,0.001573
test_08312,0.997952
test_08313,0.998714
test_08314,0.000005
test_08315,0.999943
test_08316,0.999166
test_08317,0.991753
test_08318,0.000385
test_08319,1.000000
test_08320,0.797385
test_08321,0.947869
test_08322,0.999981
test_08323,0.999989
test_08324,0.381317
test_08325,0.999768
test_08326,0.003023
test_08327,0.091203
test_08328,0.016928
test_08329,0.999954
test_08330,0.622925
test_08331,0.998535
test_08332,0.008253
test_08333,0.609637
test_08334,0.995605
test_08335,0.157759
test_08336,0.618776
test_08337,0.997629
test_08338,0.999405
test_08339,0.005563
test_08340,0.000000
test_08341,0.997739
test_08342,0.000017
test_08343,0.717690
test_08344,0.933799
test_08345,0.999981
test_08346,0.017770
test_08347,0.000102
test_08348,1.000000
test_08349,0.000348
test_08350,0.991940
test_08351,0.999988
test_08352,0.000000
test_08353,0.992464
test_08354,0.000000
test_08355,0.438922
test_08356,0.394366
test_08357,0.000002
test_08358,0.986284
test_08359,0.998568
test_08360,0.999998
test_08361,0.995689
test_08362,0.000004
test_08363,0.999548
test_08364,0.431400
test_08365,0.000019
test_08366,0.638319
test_08367,0.999990
test_08368,0.999316
test_08369,0.000008
test_08370,0.999066
test_08371,0.001233
test_08372,0.001754
test_08373,0.993058
test_08374,1.000000
test_08375,0.065638
test_08376,1.000000
test_08377,0.961290
test_08378,0.668477
test_08379,0.999702
test_08380,0.999999
test_08381,0.728347
test_08382,0.996063
test_08383,0.001536
test_08384,0.000126
test_08385,0.044679
test_08386,0.000000
test_08387,0.000029
test_08388,0.000000
test_08389,0.848237
test_08390,0.000337
test_08391,0.218026
test_08392,0.960412
test_08393,1.000000
test_08394,0.000000
test_08395,0.009986
test_08396,0.377681
test_08397,0.002927
test_08398,0.999883
test_08399,0.000014
test_08400,0.000000
test_08401,0.044660
test_08402,0.000021
test_08403,0.102171
test_08404,0.995586
test_08405,0.248826
test_08406,0.000000
test_08407,0.993574
test_08408,0.089927
test_08409,0.050346
test_08410,0.933196
test_08411,1.000000
test_08412,1.000000
test_08413,0.000014
test_08414,0.000162
test_08415,0.000249
test_08416,0.999917
test_08417,0.848526
test_08418,0.936162
test_08419,0.030898
test_08420,0.145506
test_08421,0.060365
test_08422,0.992271
test_08423,0.999887
test_08424,0.191601
test_08425,0.000013
test_08426,0.000004
test_08427,0.999999
test_08428,1.000000
test_08429,0.114473
test_08430,0.992634
test_08431,0.076236
test_08432,0.554317
test_08433,0.234967
test_08434,0.975153
test_08435,0.000001
test_08436,1.000000
test_08437,0.000009
test_08438,0.998582
test_08439,0.000024
test_08440,0.999848
test_08441,0.348448
test_08442,0.852832
test_08443,0.107431
test_08444,0.002911
test_08445,0.971587
test_08446,0.000001
test_08447,0.051493
test_08448,0.435290
test_08449,0.994208
test_08450,0.484168
test_08451,0.003974
test_08452,0.018869
test_08453,0.000461
test_08454,0.003303
test_08455,0.956265
test_08456,1.000000
test_08457,0.995652
test_08458,0.009899
test_08459,0.994644
test_08460,0.999997
test_08461,0.000102
test_08462,0.000126
test_08463,0.996998
test_08464,0.005153
test_08465,1.000000
test_08466,0.007407
test_08467,0.005492
test_08468,0.995259
test_08469,0.002670
test_08470,0.000000
test_08471,0.602118
test_08472,0.999985
test_08473,0.000000
test_08474,0.999993
test_08475,0.016448
test_08476,0.990671
test_08477,1.000000
test_08478,0.953241
test_08479,0.000811
test_08480,0.049879
test_08481,0.196607
test_08482,1.000000
test_08483,0.008238
test_08484,0.872267
test_08485,0.693745
test_08486,0.612472
test_08487,0.000001
test_08488,0.380462
test_08489,0.628045
test_08490,0.995137
test_08491,0.999331
test_08492,0.999933
test_08493,0.754144
test_08494,0.343973
test_08495,0.001091
test_08496,0.000052
test_08497,0.999316
test_08498,0.005016
test_08499,0.773294
test_08500,0.787157
test_08501,0.001587
test_08502,0.999927
test_08503,0.000335
test_08504,0.992142
test_08505,0.000464
test_08506,0.103966
test_08507,0.000116
test_08508,0.999968
test_08509,0.615793
test_08510,0.982090
test_08511,0.001862
test_08512,0.999336
test_08513,0.999767
test_08514,0.003258
test_08515,0.972664
test_08516,0.999372
test_08517,0.999790
test_08518,0.947504
test_08519,0.999902
test_08520,0.160698
test_08521,0.000009
test_08522,0.015853
test_08523,0.000000
test_08524,0.000002
test_08525,0.999998
test_08526,0.000284
test_08527,0.000000
test_08528,0.000242
test_08529,0.932866
test_08530,0.000009
test_08531,0.724927
test_08532,0.985682
test_08533,0.000665
test_08534,0.038415
test_08535,0.998594
test_08536,0.000075
test_08537,0.917611
test_08538,0.445830
test_08539,0.999464
test_08540,0.998955
test_08541,0.000077
test_08542,0.861064
test_08543,0.000933
test_08544,0.999831
test_08545,0.773362
test_08546,0.748813
test_08547,0.999440
test_08548,0.065662
test_08549,0.000070
test_08550,0.928975
test_08551,0.961599
test_08552,0.734924
test_08553,0.991444
test_08554,0.000000
test_08555,0.955429
test_08556,0.002937
test_08557,0.001449
test_08558,0.000018
test_08559,0.999969
test_08560,0.147975
test_08561,0.999995
test_08562,0.930754
test_08563,0.000000
test_08564,0.000015
test_08565,0.999995
test_08566,0.997037
test_08567,0.000053
test_08568,0.993850
test_08569,0.000019
test_08570,0.055642
test_08571,0.370258
test_08572,0.977563
test_08573,0.992775
test_08574,0.006686
test_08575,0.942475
test_08576,0.007304
test_08577,0.905259
test_08578,0.000000
test_08579,0.945214
test_08580,1.000000
test_08581,0.999364
test_08582,0.008263
test_08583,0.067587
test_08584,0.088206
test_08585,0.158852
test_08586,0.994743
test_08587,0.000087
test_08588,0.826836
test_08589,0.753741
test_08590,0.897796
test_08591,0.000000
test_08592,0.583911
test_08593,0.000000
test_08594,0.015045
test_08595,0.779222
test_08596,0.999970
test_08597,0.948039
test_08598,0.564553
test_08599,0.037153
test_08600,0.999994
test_08601,0.999992
test_08602,0.998340
test_08603,0.997896
test_08604,1.000000
test_08605,0.005826
test_08606,0.999953
test_08607,0.999564
test_08608,0.999889
test_08609,0.147934
test_08610,0.759346
test_08611,0.000000
test_08612,0.999973
test_08613,0.517994
test_08614,0.999994
test_08615,0.164928
test_08616,1.000000
test_08617,0.001074
test_08618,0.000213
test_08619,0.999936
test_08620,0.941617
test_08621,0.999968
test_08622,1.000000
test_08623,0.005288
test_08624,0.592064
test_08625,0.990615
test_08626,0.000423
test_08627,0.010721
test_08628,0.999817
test_08629,0.000188
test_08630,0.999992
test_08631,0.141927
test_08632,0.000002
test_08633,0.999995
test_08634,0.999563
test_08635,0.002479
test_08636,0.000111
test_08637,0.997574
test_08638,0.999718
test_08639,0.000040
test_08640,0.044062
test_08641,0.481128
test_08642,0.999841
test_08643,0.000003
test_08644,0.999930
test_08645,0.000014
test_08646,0.000020
test_08647,0.000252
test_08648,0.003149
test_08649,0.999998
test_08650,0.999468
test_08651,0.974537
test_08652,0.370106
test_08653,0.999997
test_08654,0.000031
test_08655,0.871994
test_08656,0.074836
test_08657,0.935073
test_08658,0.998086
test_08659,0.000018
test_08660,0.988528
test_08661,0.000003
test_08662,0.008595
test_08663,0.000591
test_08664,0.000088
test_08665,0.009142
test_08666,0.999999
test_08667,1.000000
test_08668,0.993095
test_08669,0.999999
test_08670,0.847985
test_08671,0.769901
test_08672,0.999992
test_08673,1.000000
test_08674,1.000000
test_08675,0.000003
test_08676,0.887758
test_08677,0.902762
test_08678,0.901855
test_08679,0.993061
test_08680,1.000000
test_08681,0.000000
test_08682,0.086377
test_08683,0.669511
test_08684,0.083583
test_08685,0.994691
test_08686,0.999974
test_08687,0.000334
test_08688,0.999153
test_08689,0.999655
test_08690,0.001206
test_08691,0.994693
test_08692,1.000000
test_08693,0.000363
test_08694,0.019981
test_08695,0.848029
test_08696,0.061399
test_08697,0.000785
test_08698,0.478358
test_08699,0.999941
test_08700,0.999804
test_08701,0.999923
test_08702,0.000000
test_08703,0.024388
test_08704,0.000000
test_08705,0.071341
test_08706,0.006014
test_08707,0.998069
test_08708,0.999667
test_08709,0.995638
test_08710,0.000000
test_08711,0.936507
test_08712,0.000005
test_08713,0.999990
test_08714,0.940787
test_08715,0.000001
test_08716,1.000000
test_08717,0.383867
test_08718,0.000001
test_08719,0.990825
test_08720,0.999952
test_08721,0.991696
test_08722,0.999998
test_08723,0.951690
test_08724,0.000006
test_08725,0.999990
test_08726,0.999999
test_08727,0.226363
test_08728,0.000012
test_08729,0.963157
test_08730,0.304270
test_08731,0.999948
test_08732,0.222461
test_08733,0.000031
test_08734,0.803318
test_08735,0.000045
test_08736,0.999633
test_08737,0.000015
test_08738,0.454895
test_08739,0.000598
test_08740,0.004048
test_08741,0.889149
test_08742,0.999993
test_08743,0.000003
test_08744,0.034182
test_08745,0.992641
test_08746,0.187600
test_08747,0.999983
test_08748,0.000002
test_08749,0.007114
test_08750,0.968979
test_08751,0.024227
test_08752,0.000149
test_08753,0.949343
test_08754,0.000000
test_08755,0.978532
test_08756,0.967846
test_08757,1.000000
test_08758,0.000117
test_08759,0.000020
test_08760,0.000002
test_08761,0.823836
test_08762,0.955123
test_08763,0.112482
test_08764,0.941286
test_08765,0.000527
test_08766,0.998978
test_08767,0.000048
test_08768,0.999466
test_08769,0.207733
test_08770,0.994115
test_08771,0.005451
test_08772,0.001340
test_08773,0.000005
test_08774,0.000031
test_08775,0.959716
test_08776,0.999996
test_08777,0.000242
test_08778,0.986459
test_08779,0.757663
test_08780,0.111642
test_08781,0.850185
test_08782,0.000001
test_08783,1.000000
test_08784,0.865831
test_08785,0.026889
test_08786,0.643720
test_08787,0.660803
test_08788,0.319804
test_08789,0.240038
test_08790,0.004930
test_08791,0.000771
test_08792,0.019318
test_08793,0.000622
test_08794,0.001882
test_08795,0.999985
test_08796,1.000000
test_08797,0.384479
test_08798,0.985386
test_08799,0.998277
test_08800,0.899213
test_08801,0.999998
test_08802,0.958132
test_08803,1.000000
test_08804,0.100414
test_08805,0.999432
test_08806,0.993282
test_08807,0.045071
test_08808,0.999990
test_08809,0.999815
test_08810,0.000097
test_08811,0.999981
test_08812,0.325712
test_08813,0.999809
test_08814,0.000392
test_08815,0.000013
test_08816,0.000465
test_08817,0.999949
test_08818,0.558155
test_08819,0.995334
test_08820,0.490021
test_08821,0.019261
test_08822,0.955706
test_08823,0.320671
test_08824,0.000027
test_08825,0.999992
test_08826,0.000651
test_08827,0.996847
test_08828,0.999767
test_08829,0.006884
test_08830,0.991297
test_08831,0.593567
test_08832,0.000000
test_08833,0.999102
test_08834,0.579153
test_08835,0.628655
test_08836,0.384603
test_08837,0.729850
test_08838,0.990756
test_08839,0.999968
test_08840,0.943279
test_08841,0.999736
test_08842,0.000001
test_08843,0.993308
test_08844,0.000197
test_08845,0.001386
test_08846,0.993380
test_08847,0.931978
test_08848,0.071109
test_08849,0.001613
test_08850,0.980746
test_08851,0.004873
test_08852,0.019319
test_08853,0.992360
test_08854,0.452109
test_08855,0.586661
test_08856,0.999719
test_08857,0.784133
test_08858,0.962720
test_08859,0.000004
test_08860,0.999615
test_08861,0.999118
test_08862,0.000102
test_08863,0.000049
test_08864,0.207270
test_08865,0.003432
test_08866,0.087499
test_08867,0.999991
test_08868,0.008222
test_08869,0.994952
test_08870,0.999042
test_08871,0.999991
test_08872,0.042387
test_08873,0.966606
test_08874,0.001007
test_08875,0.981992
test_08876,0.999999
test_08877,0.975125
test_08878,0.959139
test_08879,0.876619
test_08880,0.720022
test_08881,0.999683
test_08882,0.495998
test_08883,0.226459
test_08884,0.977885
test_08885,0.027755
test_08886,0.000000
test_08887,0.001697
test_08888,0.004598
test_08889,1.000000
test_08890,0.346298
test_08891,0.315570
test_08892,0.737560
test_08893,0.000535
test_08894,0.999997
test_08895,0.009287
test_08896,0.999978
test_08897,0.000000
test_08898,0.623056
test_08899,0.000068
test_08900,0.999348
test_08901,0.999997
test_08902,0.462017
test_08903,0.272819
test_08904,0.999767
test_08905,0.999356
test_08906,0.996387
test_08907,0.975988
test_08908,0.998769
test_08909,0.294214
test_08910,0.000030
test_08911,1.000000
test_08912,0.000000
test_08913,0.000037
test_08914,0.000000
test_08915,0.643901
test_08916,0.998472
test_08917,0.617820
test_08918,0.997525
test_08919,0.903031
test_08920,0.000001
test_08921,0.430094
test_08922,0.000235
test_08923,0.916550
test_08924,1.000000
test_08925,0.967842
test_08926,0.000006
test_08927,0.000006
test_08928,0.000300
test_08929,0.999998
test_08930,0.999911
test_08931,0.160645
test_08932,0.219112
test_08933,0.298175
test_08934,0.560701
test_08935,0.999381
test_08936,0.983198
test_08937,0.877227
test_08938,0.994500
test_08939,0.000001
test_08940,0.010505
test_08941,0.470961
test_08942,0.543479
test_08943,0.999330
test_08944,0.999998
test_08945,0.999712
test_08946,0.000000
test_08947,0.581203
test_08948,0.999060
test_08949,0.150945
test_08950,0.084074
test_08951,0.999997
test_08952,0.990601
test_08953,0.996513
test_08954,0.905799
test_08955,0.999981
test_08956,0.590519
test_08957,0.437640
test_08958,0.000001
test_08959,0.000000
test_08960,0.986638
test_08961,0.007153
test_08962,0.000005
test_08963,0.000011
test_08964,0.002203
test_08965,0.000199
test_08966,0.972637
test_08967,0.000000
test_08968,0.999806
test_08969,0.001385
test_08970,0.999999
test_08971,0.000000
test_08972,0.000000
test_08973,0.999997
test_08974,0.657294
test_08975,0.020137
test_08976,0.050931
test_08977,0.987296
test_08978,0.228275
test_08979,0.996139
test_08980,0.991924
test_08981,0.998544
test_08982,0.999664
test_08983,0.999868
test_08984,0.049748
test_08985,0.000000
test_08986,0.999896
test_08987,0.000000
test_08988,0.505679
test_08989,0.999999
test_08990,0.000000
test_08991,0.000000
test_08992,0.006339
test_08993,0.432161
test_08994,1.000000
test_08995,0.000024
test_08996,1.000000
test_08997,0.833790
test_08998,0.658376
test_08999,0.988047
test_09000,0.999977
test_09001,0.991270
test_09002,0.461239
test_09003,0.876136
test_09004,0.071123
test_09005,0.999975
test_09006,0.999806
test_09007,0.204998
test_09008,0.111781
test_09009,0.702086
test_09010,0.999949
test_09011,0.000000
test_09012,0.999942
test_09013,0.999963
test_09014,0.024834
test_09015,0.805745
test_09016,0.996819
test_09017,0.999510
test_09018,1.000000
test_09019,0.999983
test_09020,0.000039
test_09021,0.821334
test_09022,0.999968
test_09023,0.001154
test_09024,0.940998
test_09025,1.000000
test_09026,1.000000
test_09027,0.022147
test_09028,0.131800
test_09029,0.007610
test_09030,0.999906
test_09031,0.004566
test_09032,0.999998
test_09033,0.967441
test_09034,0.000019
test_09035,0.001210
test_09036,0.000001
test_09037,0.000000
test_09038,0.000000
test_09039,0.000028
test_09040,0.768408
test_09041,0.000000
test_09042,0.999944
test_09043,0.006071
test_09044,0.068343
test_09045,0.739208
test_09046,0.999699
test_09047,0.952609
test_09048,0.022017
test_09049,1.000000
test_09050,0.369516
test_09051,0.988614
test_09052,0.998938
test_09053,0.997801
test_09054,0.429530
test_09055,0.010312
test_09056,0.020922
test_09057,0.000002
test_09058,0.940384
test_09059,0.001373
test_09060,0.999884
test_09061,0.000405
test_09062,0.174392
test_09063,0.998342
test_09064,0.022456
test_09065,0.999999
test_09066,0.346203
test_09067,0.999999
test_09068,0.000001
test_09069,0.000449
test_09070,0.000001
test_09071,0.999157
test_09072,0.999998
test_09073,1.000000
test_09074,0.802820
test_09075,0.831257
test_09076,0.000000
test_09077,0.999874
test_09078,0.999852
test_09079,0.942589
test_09080,0.999391
test_09081,0.958647
test_09082,0.024288
test_09083,0.998454
test_09084,0.000001
test_09085,0.997586
test_09086,0.999999
test_09087,0.011421
test_09088,0.000000
test_09089,0.850070
test_09090,0.989339
test_09091,0.000005
test_09092,0.000085
test_09093,0.021986
test_09094,0.999362
test_09095,0.999999
test_09096,0.000044
test_09097,0.050794
test_09098,0.995923
test_09099,0.241453
test_09100,0.996033
test_09101,0.939741
test_09102,0.020093
test_09103,0.000000
test_09104,1.000000
test_09105,0.002284
test_09106,0.999997
test_09107,0.000001
test_09108,0.976798
test_09109,0.000000
test_09110,0.919620
test_09111,1.000000
test_09112,0.944457
test_09113,0.999808
test_09114,0.291603
test_09115,0.000004
test_09116,0.999456
test_09117,0.003274
test_09118,0.999957
test_09119,0.013541
test_09120,0.999924
test_09121,0.974504
test_09122,1.000000
test_09123,0.000000
test_09124,0.999993
test_09125,0.999120
test_09126,0.000179
test_09127,0.993573
test_09128,0.000823
test_09129,0.000136
test_09130,0.000000
test_09131,0.126549
test_09132,0.001990
test_09133,0.015060
test_09134,0.038753
test_09135,0.999845
test_09136,0.999982
test_09137,0.998851
test_09138,0.579285
test_09139,0.367088
test_09140,1.000000
test_09141,0.016467
test_09142,0.000000
test_09143,0.000042
test_09144,0.990417
test_09145,0.999924
test_09146,0.062622
test_09147,0.944645
test_09148,0.000000
test_09149,0.919871
test_09150,0.019228
test_09151,0.000014
test_09152,0.000066
test_09153,0.142774
test_09154,0.986214
test_09155,0.072513
test_09156,0.421140
test_09157,0.000000
test_09158,0.599376
test_09159,0.053169
test_09160,0.998609
test_09161,1.000000
test_09162,0.000212
test_09163,0.999999
test_09164,0.013665
test_09165,0.000250
test_09166,0.966235
test_09167,0.003682
test_09168,1.000000
test_09169,0.997967
test_09170,0.619313
test_09171,0.023625
test_09172,0.999504
test_09173,0.997676
test_09174,0.151419
test_09175,0.000000
test_09176,0.000709
test_09177,0.885011
test_09178,0.996337
test_09179,0.000140
test_09180,0.000000
test_09181,0.000037
test_09182,1.000000
test_09183,0.001709
test_09184,0.000001
test_09185,0.036882
test_09186,0.099439
test_09187,0.999999
test_09188,0.000165
test_09189,0.039852
test_09190,0.999999
test_09191,0.683828
test_09192,0.000000
test_09193,0.999999
test_09194,0.017837
test_09195,0.970417
test_09196,1.000000
test_09197,0.145974
test_09198,0.000001
test_09199,0.996970
test_09200,0.040809
test_09201,0.000046
test_09202,0.066877
test_09203,0.999993
test_09204,0.999709
test_09205,0.917169
test_09206,0.350789
test_09207,0.000017
test_09208,0.465037
test_09209,0.000000
test_09210,0.565482
test_09211,0.861284
test_09212,0.000001
test_09213,0.999953
test_09214,0.986326
test_09215,0.603571
test_09216,0.000396
test_09217,0.863723
test_09218,0.999956
test_09219,0.999636
test_09220,0.999763
test_09221,0.999979
test_09222,0.000055
test_09223,0.850303
test_09224,0.997045
test_09225,0.999976
test_09226,0.999998
test_09227,0.000341
test_09228,0.013182
test_09229,0.186813
test_09230,0.946981
test_09231,0.753077
test_09232,0.005143
test_09233,0.000000
test_09234,0.999848
test_09235,0.000000
test_09236,0.000000
test_09237,0.998133
test_09238,0.999541
test_09239,0.845196
test_09240,0.000722
test_09241,0.119940
test_09242,0.984047
test_09243,0.004797
test_09244,0.397914
test_09245,1.000000
test_09246,0.996341
test_09247,0.538730
test_09248,0.999638
test_09249,1.000000
test_09250,0.000001
test_09251,0.041659
test_09252,0.000000
test_09253,0.999975
test_09254,0.419626
test_09255,0.765836
test_09256,0.999423
test_09257,0.035475
test_09258,0.188833
test_09259,1.000000
test_09260,0.000709
test_09261,0.008697
test_09262,0.960295
test_09263,0.792679
test_09264,0.095032
test_09265,0.711659
test_09266,0.972484
test_09267,0.999460
test_09268,0.998791
test_09269,0.000000
test_09270,0.000020
test_09271,0.943064
test_09272,0.999958
test_09273,1.000000
test_09274,0.012908
test_09275,0.000014
test_09276,0.024231
test_09277,0.999984
test_09278,0.058300
test_09279,0.000000
test_09280,0.022980
test_09281,0.201591
test_09282,0.000001
test_09283,0.012658
test_09284,0.998081
test_09285,0.030873
test_09286,0.000317
test_09287,0.994145
test_09288,0.574795
test_09289,0.992868
test_09290,0.000000
test_09291,0.991275
test_09292,0.999972
test_09293,0.000002
test_09294,0.118671
test_09295,0.000000
test_09296,0.000054
test_09297,0.488880
test_09298,0.415498
test_09299,0.000000
test_09300,0.000000
test_09301,0.000001
test_09302,0.740339
test_09303,0.870588
test_09304,0.058809
test_09305,0.959144
test_09306,0.000004
test_09307,0.045357
test_09308,0.000002
test_09309,0.900244
test_09310,0.998416
test_09311,0.001518
test_09312,0.987045
test_09313,0.383895
test_09314,0.000000
test_09315,0.000647
test_09316,0.442670
test_09317,1.000000
test_09318,0.998165
test_09319,0.991394
test_09320,0.995250
test_09321,0.170305
test_09322,0.999591
test_09323,0.996768
test_09324,0.861495
test_09325,0.999999
test_09326,0.575182
test_09327,0.000595
test_09328,0.347879
test_09329,0.073869
test_09330,0.029775
test_09331,1.000000
test_09332,0.000000
test_09333,0.934038
test_09334,0.999999
test_09335,0.015161
test_09336,0.000000
test_09337,0.982249
test_09338,0.004160
test_09339,0.000469
test_09340,0.501178
test_09341,0.000008
test_09342,0.858974
test_09343,0.000000
test_09344,0.999957
test_09345,0.801287
test_09346,0.963990
test_09347,0.000083
test_09348,0.433561
test_09349,0.000008
test_09350,0.998423
test_09351,0.999999
test_09352,0.086369
test_09353,0.000013
test_09354,1.000000
test_09355,1.000000
test_09356,0.969700
test_09357,0.999986
test_09358,0.000001
test_09359,0.000001
test_09360,0.036229
test_09361,0.000007
test_09362,0.001429
test_09363,0.635743
test_09364,0.000044
test_09365,0.000003
test_09366,0.995697
test_09367,0.733605
test_09368,0.000012
test_09369,0.020241
test_09370,0.087907
test_09371,0.028786
test_09372,0.999984
test_09373,0.000003
test_09374,1.000000
test_09375,0.013399
test_09376,0.004649
test_09377,0.253061
test_09378,0.777819
test_09379,1.000000
test_09380,0.000009
test_09381,0.999001
test_09382,0.999926
test_09383,0.985722
test_09384,0.001066
test_09385,0.997979
test_09386,0.994763
test_09387,0.999999
test_09388,0.899803
test_09389,0.729817
test_09390,0.999241
test_09391,0.361329
test_09392,0.000369
test_09393,0.096197
test_09394,0.989237
test_09395,0.425047
test_09396,0.999982
test_09397,0.002383
test_09398,0.999963
test_09399,0.004851
test_09400,0.786043
test_09401,0.689710
test_09402,0.997463
test_09403,0.000616
test_09404,0.999810
test_09405,0.000025
test_09406,1.000000
test_09407,0.235854
test_09408,0.273418
test_09409,0.015501
test_09410,0.998178
test_09411,1.000000
test_09412,0.999973
test_09413,0.999998
test_09414,0.000041
test_09415,0.994667
test_09416,1.000000
test_09417,0.001770
test_09418,0.999999
test_09419,0.002610
test_09420,0.999275
test_09421,0.000954
test_09422,0.040496
test_09423,0.000011
test_09424,0.998434
test_09425,0.004336
test_09426,0.186053
test_09427,0.000001
test_09428,0.000539
test_09429,0.998017
test_09430,0.998553
test_09431,0.994786
test_09432,0.000035
test_09433,0.861052
test_09434,1.000000
test_09435,0.886074
test_09436,0.691522
test_09437,0.008818
test_09438,0.984493
test_09439,0.029732
test_09440,0.998085
test_09441,0.000024
test_09442,0.000001
test_09443,0.999707
test_09444,0.902864
test_09445,0.545384
test_09446,0.169992
test_09447,0.028390
test_09448,0.566189
test_09449,0.993645
test_09450,1.000000
test_09451,0.000175
test_09452,1.000000
test_09453,0.999999
test_09454,0.171813
test_09455,0.999996
test_09456,0.998209
test_09457,0.000061
test_09458,0.000106
test_09459,0.999999
test_09460,0.998041
test_09461,0.884962
test_09462,0.608065
test_09463,0.000114
test_09464,0.836113
test_09465,0.999791
test_09466,0.000000
test_09467,0.999997
test_09468,0.601569
test_09469,0.039816
test_09470,0.999989
test_09471,0.326559
test_09472,1.000000
test_09473,0.000595
test_09474,0.179692
test_09475,0.999908
test_09476,0.999992
test_09477,0.563696
test_09478,0.000000
test_09479,0.991262
test_09480,0.000069
test_09481,0.000016
test_09482,0.002342
test_09483,0.999996
test_09484,0.005373
test_09485,0.038286
test_09486,0.999983
test_09487,0.999558
test_09488,0.000011
test_09489,0.999987
test_09490,0.001070
test_09491,0.000552
test_09492,1.000000
test_09493,0.008589
test_09494,0.000518
test_09495,0.005894
test_09496,0.042309
test_09497,0.000000
test_09498,0.997277
test_09499,0.058493
test_09500,0.999771
test_09501,0.999989
test_09502,0.002576
test_09503,0.998985
test_09504,0.033909
test_09505,1.000000
test_09506,0.804774
test_09507,0.999999
test_09508,0.999997
test_09509,0.000720
test_09510,0.464337
test_09511,0.000000
test_09512,0.000017
test_09513,0.719855
test_09514,0.999987
test_09515,0.013497
test_09516,0.283010
test_09517,0.995738
test_09518,0.000001
test_09519,0.999980
test_09520,0.492737
test_09521,0.999998
test_09522,0.869801
test_09523,0.000028
test_09524,0.991295
test_09525,1.000000
test_09526,1.000000
test_09527,0.235500
test_09528,0.000000
test_09529,0.999687
test_09530,0.011016
test_09531,0.055518
test_09532,0.002769
test_09533,0.757865
test_09534,0.999570
test_09535,0.277443
test_09536,0.000000
test_09537,0.939198
test_09538,0.000437
test_09539,0.998983
test_09540,0.001237
test_09541,0.143394
test_09542,0.000006
test_09543,0.999543
test_09544,0.977161
test_09545,0.999931
test_09546,0.000023
test_09547,0.000000
test_09548,0.000340
test_09549,0.971789
test_09550,0.000000
test_09551,0.010396
test_09552,0.910247
test_09553,0.000006
test_09554,0.000008
test_09555,0.000005
test_09556,0.003702
test_09557,0.000001
test_09558,0.049333
test_09559,0.998048
test_09560,0.010356
test_09561,0.001249
test_09562,0.999978
test_09563,0.021446
test_09564,0.999990
test_09565,0.999993
test_09566,0.008821
test_09567,0.999932
test_09568,0.999993
test_09569,0.000006
test_09570,0.000009
test_09571,0.004726
test_09572,0.003465
test_09573,0.929976
test_09574,0.997364
test_09575,0.730975
test_09576,0.000123
test_09577,0.000000
test_09578,0.005337
test_09579,0.871082
test_09580,0.999475
test_09581,0.999527
test_09582,0.990136
test_09583,0.001567
test_09584,0.999282
test_09585,0.485224
test_09586,0.827296
test_09587,0.031590
test_09588,0.999973
test_09589,0.999901
test_09590,0.999999
test_09591,0.999847
test_09592,0.953573
test_09593,0.001392
test_09594,1.000000
test_09595,0.985394
test_09596,0.999971
test_09597,0.999998
test_09598,0.913550
test_09599,0.000025
test_09600,0.000009
test_09601,0.998468
test_09602,0.021161
test_09603,0.000070
test_09604,0.000266
test_09605,0.981082
test_09606,0.620669
test_09607,0.088718
test_09608,0.001510
test_09609,0.999900
test_09610,1.000000
test_09611,0.422060
test_09612,0.999996
test_09613,0.291931
test_09614,0.094434
test_09615,0.010381
test_09616,0.000685
test_09617,0.968108
test_09618,0.446053
test_09619,0.001176
test_09620,0.998740
test_09621,0.998521
test_09622,0.000000
test_09623,0.999695
test_09624,0.022461
test_09625,0.999895
test_09626,0.999895
test_09627,0.044152
test_09628,0.000239
test_09629,0.999956
test_09630,0.969603
test_09631,0.000000
test_09632,0.002891
test_09633,0.999367
test_09634,0.977944
test_09635,0.531172
test_09636,0.000000
test_09637,0.370910
test_09638,0.031231
test_09639,0.954582
test_09640,0.126579
test_09641,0.000017
test_09642,0.999006
test_09643,0.313763
test_09644,0.000216
test_09645,0.056004
test_09646,0.000000
test_09647,0.115928
test_09648,0.272144
test_09649,0.000000
test_09650,0.000002
test_09651,0.005430
test_09652,0.240140
test_09653,0.953325
test_09654,0.000006
test_09655,0.999959
test_09656,0.999996
test_09657,0.000020
test_09658,0.000465
test_09659,0.984714
test_09660,0.993286
test_09661,0.999998
test_09662,0.024591
test_09663,0.999993
test_09664,0.999678
test_09665,0.025513
test_09666,0.899732
test_09667,0.000000
test_09668,0.000004
test_09669,0.926074
test_09670,0.000000
test_09671,0.340629
test_09672,0.996832
test_09673,0.000002
test_09674,0.021727
test_09675,0.000001
test_09676,0.999927
test_09677,0.002141
test_09678,1.000000
test_09679,0.000000
test_09680,0.993028
test_09681,0.979883
test_09682,0.000323
test_09683,0.003572
test_09684,0.863940
test_09685,0.817824
test_09686,0.000018
test_09687,0.000202
test_09688,0.024077
test_09689,0.021131
test_09690,0.999959
test_09691,0.999912
test_09692,0.689202
test_09693,0.019707
test_09694,0.999929
test_09695,0.000335
test_09696,0.000017
test_09697,0.999035
test_09698,0.999630
test_09699,0.201985
test_09700,0.948103
test_09701,0.563597
test_09702,0.999999
test_09703,0.843688
test_09704,0.293807
test_09705,0.999961
test_09706,0.849477
test_09707,0.993346
test_09708,0.960873
test_09709,0.022935
test_09710,0.002735
test_09711,0.000071
test_09712,0.000446
test_09713,0.999978
test_09714,0.999430
test_09715,0.000463
test_09716,0.309317
test_09717,0.831471
test_09718,0.998640
test_09719,0.000007
test_09720,0.066254
test_09721,0.030360
test_09722,0.000395
test_09723,0.918581
test_09724,0.309658
test_09725,1.000000
test_09726,0.382034
test_09727,0.999996
test_09728,0.000000
test_09729,0.000305
test_09730,0.875053
test_09731,0.003710
test_09732,0.000698
test_09733,0.043166
test_09734,0.000000
test_09735,0.001270
test_09736,0.000001
test_09737,1.000000
test_09738,0.000052
test_09739,0.801797
test_09740,0.001501
test_09741,0.016727
test_09742,0.000000
test_09743,0.968771
test_09744,0.999979
test_09745,0.808090
test_09746,0.999303
test_09747,1.000000
test_09748,0.364032
test_09749,0.999809
test_09750,0.999984
test_09751,0.833703
test_09752,0.351757
test_09753,0.999839
test_09754,0.000005
test_09755,0.316640
test_09756,0.983528
test_09757,0.364450
test_09758,0.002847
test_09759,0.999993
test_09760,0.000002
test_09761,0.002535
test_09762,0.037455
test_09763,0.940134
test_09764,0.009763
test_09765,0.000025
test_09766,0.000644
test_09767,0.000122
test_09768,0.959922
test_09769,0.000430
test_09770,0.000208
test_09771,0.408081
test_09772,0.999998
test_09773,0.999994
test_09774,0.001392
test_09775,0.000000
test_09776,0.924398
test_09777,0.895268
test_09778,0.036850
test_09779,0.997318
test_09780,0.000000
test_09781,0.014008
test_09782,1.000000
test_09783,0.998354
test_09784,0.000599
test_09785,0.991531
test_09786,0.000000
test_09787,0.676991
test_09788,0.956305
test_09789,0.520051
test_09790,0.001058
test_09791,0.886139
test_09792,0.625074
test_09793,0.982582
test_09794,0.000062
test_09795,0.000286
test_09796,0.001148
test_09797,0.246788
test_09798,0.999999
test_09799,0.998928
test_09800,0.985638
test_09801,0.041267
test_09802,1.000000
test_09803,0.967870
test_09804,0.999956
test_09805,1.000000
test_09806,0.999916
test_09807,1.000000
test_09808,0.999818
test_09809,0.176028
test_09810,0.999872
test_09811,0.185981
test_09812,0.046643
test_09813,0.000040
test_09814,0.513750
test_09815,0.000391
test_09816,0.324869
test_09817,0.035135
test_09818,0.999992
test_09819,0.759937
test_09820,0.999947
test_09821,0.000001
test_09822,0.934907
test_09823,1.000000
test_09824,0.967598
test_09825,0.999519
test_09826,0.999882
test_09827,0.998021
test_09828,0.999826
test_09829,0.917546
test_09830,0.999960
test_09831,1.000000
test_09832,0.999980
test_09833,0.999999
test_09834,0.990901
test_09835,0.000000
test_09836,0.999607
test_09837,0.999845
test_09838,0.999876
test_09839,0.999988
test_09840,0.842907
test_09841,1.000000
test_09842,0.000251
test_09843,0.000017
test_09844,0.000005
test_09845,0.999426
test_09846,0.998957
test_09847,0.000050
test_09848,0.086237
test_09849,1.000000
test_09850,0.999821
test_09851,0.995279
test_09852,0.976543
test_09853,0.671108
test_09854,0.999679
test_09855,0.000043
test_09856,0.000057
test_09857,0.988488
test_09858,0.750043
test_09859,0.002100
test_09860,0.027124
test_09861,1.000000
test_09862,0.461050
test_09863,0.999642
test_09864,0.981731
test_09865,0.000001
test_09866,0.392715
test_09867,0.000001
test_09868,0.999340
test_09869,0.999774
test_09870,0.013478
test_09871,0.001814
test_09872,0.293377
test_09873,0.999742
test_09874,0.000028
test_09875,0.999886
test_09876,0.999990
test_09877,0.001523
test_09878,0.000922
test_09879,0.000000
test_09880,0.001334
test_09881,1.000000
test_09882,0.165657
test_09883,0.010898
test_09884,0.995277
test_09885,0.999947
test_09886,0.625651
test_09887,0.000010
test_09888,0.000023
test_09889,0.999935
test_09890,0.215600
test_09891,0.000014
test_09892,0.999999
test_09893,0.025004
test_09894,0.963521
test_09895,0.001061
test_09896,0.000079
test_09897,0.999998
test_09898,0.999856
test_09899,0.899121
test_09900,0.000036
test_09901,0.003125
test_09902,0.998580
test_09903,0.000249
test_09904,0.000005
test_09905,0.999999
test_09906,0.999257
test_09907,0.999998
test_09908,0.000003
test_09909,0.040128
test_09910,0.000842
test_09911,0.999866
test_09912,0.610507
test_09913,0.587808
test_09914,0.008125
test_09915,0.002137
test_09916,1.000000
test_09917,0.000063
test_09918,0.134425
test_09919,0.000588
test_09920,0.000803
test_09921,0.947558
test_09922,0.000949
test_09923,0.281359
test_09924,0.987023
test_09925,1.000000
test_09926,0.999848
test_09927,0.006927
test_09928,0.006611
test_09929,0.999997
test_09930,1.000000
test_09931,0.005561
test_09932,0.926514
test_09933,0.030594
test_09934,0.002284
test_09935,0.000004
test_09936,1.000000
test_09937,0.999237
test_09938,0.999711
test_09939,0.622983
test_09940,0.808256
test_09941,1.000000
test_09942,0.491236
test_09943,0.999937
test_09944,0.804568
test_09945,0.999978
test_09946,0.000001
test_09947,0.999804
test_09948,0.967221
test_09949,0.108855
test_09950,0.473033
test_09951,0.999947
test_09952,0.006357
test_09953,0.002869
test_09954,0.007157
test_09955,0.000000
test_09956,0.999999
test_09957,0.001453
test_09958,0.829284
test_09959,0.776972
test_09960,1.000000
test_09961,0.008189
test_09962,0.727137
test_09963,0.985533
test_09964,0.000222
test_09965,0.000000
test_09966,0.999995
test_09967,0.000028
test_09968,0.002072
test_09969,0.476842
test_09970,0.000000
test_09971,0.000055
test_09972,1.000000
test_09973,0.613059
test_09974,0.999963
test_09975,0.000000
test_09976,0.999936
test_09977,0.000006
test_09978,0.729974
test_09979,0.999311
test_09980,0.042279
test_09981,0.999828
test_09982,1.000000
test_09983,0.694864
test_09984,0.000003
test_09985,0.000001
test_09986,0.998816
test_09987,0.107996
test_09988,0.999979
test_09989,0.974312
test_09990,0.000020
test_09991,0.998114
test_09992,0.000000
test_09993,0.000000
test_09994,0.999999
test_09995,0.999245
test_09996,0.999942
test_09997,0.923339
test_09998,0.020421
test_09999,0.999999
test_10000,0.933145
test_10001,0.999999
test_10002,0.999998
test_10003,0.983634
test_10004,0.999994
test_10005,0.000008
test_10006,0.996792
test_10007,0.999997
test_10008,0.797334
test_10009,0.000003
test_10010,0.999983
test_10011,0.256280
test_10012,0.009199
test_10013,0.002737
test_10014,0.000086
test_10015,0.026583
test_10016,0.987747
test_10017,0.173200
test_10018,0.998239
test_10019,0.001029
test_10020,0.124186
test_10021,0.000001
test_10022,0.000005
test_10023,0.000013
test_10024,1.000000
test_10025,0.000000
test_10026,0.396333
test_10027,0.000988
test_10028,0.009289
test_10029,0.986494
test_10030,0.957762
test_10031,0.007204
test_10032,0.000168
test_10033,0.002546
test_10034,0.092148
test_10035,0.352594
test_10036,0.000106
test_10037,0.999998
test_10038,0.999999
test_10039,0.000857
test_10040,0.951920
test_10041,0.929775
test_10042,0.001550
test_10043,0.630302
test_10044,0.968890
test_10045,0.467646
test_10046,0.999824
test_10047,0.120497
test_10048,0.003086
test_10049,0.972834
test_10050,0.993090
test_10051,0.036511
test_10052,0.999255
test_10053,0.054134
test_10054,1.000000
test_10055,0.002130
test_10056,0.989960
test_10057,0.999438
test_10058,0.102585
test_10059,0.999438
test_10060,0.865923
test_10061,0.349368
test_10062,0.000000
test_10063,0.999984
test_10064,0.000183
test_10065,0.008823
test_10066,0.999210
test_10067,0.998314
test_10068,0.494892
test_10069,0.007975
test_10070,0.332316
test_10071,0.987043
test_10072,0.005991
test_10073,0.284303
test_10074,0.000163
test_10075,0.998450
test_10076,0.000025
test_10077,0.864826
test_10078,0.000439
test_10079,0.976271
test_10080,0.020876
test_10081,0.001369
test_10082,1.000000
test_10083,0.999998
test_10084,0.908332
test_10085,0.255104
test_10086,0.998998
test_10087,0.999905
test_10088,0.389189
test_10089,0.159708
test_10090,0.947942
test_10091,0.999139
test_10092,0.999952
test_10093,0.865195
test_10094,0.000082
test_10095,0.951015
test_10096,0.000001
test_10097,1.000000
test_10098,0.020960
test_10099,0.099206
test_10100,1.000000
test_10101,0.999673
test_10102,0.000107
test_10103,0.004125
test_10104,0.999978
test_10105,0.999958
test_10106,0.000000
test_10107,0.001267
test_10108,0.999605
test_10109,0.000349
test_10110,0.000000
test_10111,0.003683
test_10112,0.023083
test_10113,0.974475
test_10114,0.366826
test_10115,0.000000
test_10116,0.000000
test_10117,0.014414
test_10118,0.999865
test_10119,0.999958
test_10120,0.153148
test_10121,0.999697
test_10122,0.008233
test_10123,0.277992
test_10124,0.335525
test_10125,0.004960
test_10126,0.000001
test_10127,0.000008
test_10128,0.162336
test_10129,0.999663
test_10130,0.308258
test_10131,0.000035
test_10132,0.000281
test_10133,0.006104
test_10134,0.111016
test_10135,0.001061
test_10136,0.334107
test_10137,0.000021
test_10138,0.999385
test_10139,0.063735
test_10140,0.000000
test_10141,0.000016
test_10142,0.004429
test_10143,0.004500
test_10144,0.567518
test_10145,0.000177
test_10146,0.001097
test_10147,0.999986
test_10148,0.985015
test_10149,0.276833
test_10150,0.683370
test_10151,0.000003
test_10152,0.043279
test_10153,1.000000
test_10154,0.999432
test_10155,0.979231
test_10156,1.000000
test_10157,0.119424
test_10158,0.000000
test_10159,0.000068
test_10160,0.005921
test_10161,0.999741
test_10162,0.999952
test_10163,1.000000
test_10164,0.000046
test_10165,0.000411
test_10166,0.999890
test_10167,1.000000
test_10168,0.997017
test_10169,0.996111
test_10170,0.000174
test_10171,0.000575
test_10172,0.001143
test_10173,0.999998
test_10174,0.978982
test_10175,0.823701
test_10176,0.000001
test_10177,0.000001
test_10178,0.000009
test_10179,0.000497
test_10180,0.706311
test_10181,0.000002
test_10182,0.999977
test_10183,0.000000
test_10184,0.000077
test_10185,0.999962
test_10186,0.415268
test_10187,0.999996
test_10188,1.000000
test_10189,0.999716
test_10190,0.999999
test_10191,0.999852
test_10192,0.000003
test_10193,0.186356
test_10194,0.510195
test_10195,0.854717
test_10196,0.000946
test_10197,0.998704
test_10198,0.000437
test_10199,0.000000
test_10200,0.121059
test_10201,0.000000
test_10202,0.951570
test_10203,0.999998
test_10204,0.000000
test_10205,0.569005
test_10206,0.071612
test_10207,0.000254
test_10208,0.980279
test_10209,1.000000
test_10210,0.997127
test_10211,0.028343
test_10212,1.000000
test_10213,0.000112
test_10214,0.470463
test_10215,0.104340
test_10216,0.996615
test_10217,0.986039
test_10218,0.868656
test_10219,0.995416
test_10220,0.393555
test_10221,0.183927
test_10222,1.000000
test_10223,0.799655
test_10224,0.528751
test_10225,0.701310
test_10226,0.000898
test_10227,0.000022
test_10228,0.002387
test_10229,0.448816
test_10230,0.000085
test_10231,0.993560
test_10232,0.991385
test_10233,0.999860
test_10234,0.000000
test_10235,0.006758
test_10236,0.460333
test_10237,0.978924
test_10238,0.000008
test_10239,0.340815
test_10240,1.000000
test_10241,0.003111
test_10242,0.999995
test_10243,0.991679
test_10244,0.093622
test_10245,0.426359
test_10246,0.999903
test_10247,0.998963
test_10248,0.722252
test_10249,0.000013
test_10250,0.670231
test_10251,0.998794
test_10252,0.002498
test_10253,0.996309
test_10254,0.000109
test_10255,0.000004
test_10256,0.949726
test_10257,0.002746
test_10258,1.000000
test_10259,0.001016
test_10260,0.818620
test_10261,0.999960
test_10262,0.287694
test_10263,0.979243
test_10264,0.617748
test_10265,0.000000
test_10266,0.000226
test_10267,0.999994
test_10268,0.999979
test_10269,0.053711
test_10270,0.000000
test_10271,0.000000
test_10272,0.000248
test_10273,0.001232
test_10274,0.929200
test_10275,0.999985
test_10276,1.000000
test_10277,0.999681
test_10278,0.999015
test_10279,0.329079
test_10280,0.533410
test_10281,0.000000
test_10282,0.041102
test_10283,0.000014
test_10284,0.991201
test_10285,0.452887
test_10286,0.063160
test_10287,0.031298
test_10288,1.000000
test_10289,0.752065
test_10290,0.998008
test_10291,0.899911
test_10292,0.018911
test_10293,0.999217
test_10294,0.431034
test_10295,0.269052
test_10296,0.999952
test_10297,0.226024
test_10298,0.000001
test_10299,0.013918
test_10300,0.029923
test_10301,0.381392
test_10302,1.000000
test_10303,0.999999
test_10304,0.980807
test_10305,0.972286
test_10306,0.000404
test_10307,0.000513
test_10308,0.001149
test_10309,0.986529
test_10310,0.001615
test_10311,0.116580
test_10312,0.000208
test_10313,0.006250
test_10314,0.997964
test_10315,0.000058
test_10316,0.983890
test_10317,0.000876
test_10318,0.978105
test_10319,0.997920
test_10320,0.979992
test_10321,0.999803
test_10322,0.000240
test_10323,0.000305
test_10324,0.000767
test_10325,0.999997
test_10326,0.999987
test_10327,1.000000
test_10328,0.000358
test_10329,0.999656
test_10330,0.000000
test_10331,0.946723
test_10332,0.999926
test_10333,1.000000
test_10334,0.003894
test_10335,0.000016
test_10336,1.000000
test_10337,0.051237
test_10338,0.999668
test_10339,0.999947
test_10340,0.998282
test_10341,0.000017
test_10342,0.996465
test_10343,0.871999
test_10344,0.256578
test_10345,0.065434
test_10346,0.999944
test_10347,0.999315
test_10348,0.999897
test_10349,0.001731
test_10350,0.139259
test_10351,0.003390
test_10352,0.008657
test_10353,0.001191
test_10354,0.999975
test_10355,0.439070
test_10356,0.000113
test_10357,0.112594
test_10358,0.993183
test_10359,0.011375
test_10360,0.003594
test_10361,0.999999
test_10362,0.999961
test_10363,0.570747
test_10364,0.997386
test_10365,0.000253
test_10366,0.294693
test_10367,0.268817
test_10368,0.073143
test_10369,0.899940
test_10370,0.887669
test_10371,0.999918
test_10372,0.000197
test_10373,0.996883
test_10374,0.000000
test_10375,0.999998
test_10376,0.997847
test_10377,0.000001
test_10378,0.039205
test_10379,0.190134
test_10380,0.999733
test_10381,0.680967
test_10382,0.999993
test_10383,0.991609
test_10384,0.000000
test_10385,0.003642
test_10386,0.999999
test_10387,0.999999
test_10388,0.000001
test_10389,0.000000
test_10390,0.071538
test_10391,0.000015
test_10392,0.020111
test_10393,0.000000
test_10394,0.154623
test_10395,0.983672
test_10396,0.000141
test_10397,0.000052
test_10398,0.998937
test_10399,0.000002
test_10400,1.000000
test_10401,0.052574
test_10402,0.164387
test_10403,0.000624
test_10404,0.006676
test_10405,0.172169
test_10406,0.999998
test_10407,0.983762
test_10408,0.999989
test_10409,0.000000
test_10410,0.000009
test_10411,0.962175
test_10412,0.000019
test_10413,0.045491
test_10414,0.000001
test_10415,0.997390
test_10416,0.006785
test_10417,0.999292
test_10418,0.938870
test_10419,0.999802
test_10420,0.908177
test_10421,0.996239
test_10422,0.029650
test_10423,1.000000
test_10424,0.999999
test_10425,0.627404
test_10426,0.996062
test_10427,1.000000
test_10428,0.528446
test_10429,0.328642
test_10430,0.000005
test_10431,0.030555
test_10432,0.000009
test_10433,0.999980
test_10434,0.999996
test_10435,0.000235
test_10436,0.118346
test_10437,0.000043
test_10438,0.999997
test_10439,0.126254
test_10440,0.000002
test_10441,0.312833
test_10442,0.669849
test_10443,0.999981
test_10444,0.236087
test_10445,0.691855
test_10446,0.999996
test_10447,1.000000
test_10448,0.001044
test_10449,0.973038
test_10450,0.999891
test_10451,0.999995
test_10452,0.412955
test_10453,0.770757
test_10454,0.330857
test_10455,0.000000
test_10456,0.005628
test_10457,0.999829
test_10458,0.000287
test_10459,0.151447
test_10460,0.362200
test_10461,0.911418
test_10462,0.140241
test_10463,0.380999
test_10464,0.026390
test_10465,0.000006
test_10466,1.000000
test_10467,1.000000
test_10468,0.998626
test_10469,0.077768
test_10470,1.000000
test_10471,0.707952
test_10472,0.999265
test_10473,1.000000
test_10474,0.997360
test_10475,0.998818
test_10476,0.000024
test_10477,0.557791
test_10478,0.000034
test_10479,1.000000
test_10480,0.999990
test_10481,0.511311
test_10482,0.159494
test_10483,0.535423
test_10484,0.992512
test_10485,0.003398
test_10486,0.000000
test_10487,0.999839
test_10488,0.000598
test_10489,0.000765
test_10490,0.999701
test_10491,0.000000
test_10492,0.000002
test_10493,1.000000
test_10494,0.010249
test_10495,1.000000
test_10496,0.199796
test_10497,0.000020
test_10498,0.000001
test_10499,0.847282
test_10500,0.999957
test_10501,0.000945
test_10502,0.000111
test_10503,0.707051
test_10504,0.014230
test_10505,0.904956
test_10506,0.999998
test_10507,0.011925
test_10508,0.980462
test_10509,0.999693
test_10510,0.710917
test_10511,0.000000
test_10512,0.000000
test_10513,0.999996
test_10514,0.999966
test_10515,0.000684
test_10516,0.973590
test_10517,0.974108
test_10518,0.356191
test_10519,0.000000
test_10520,1.000000
test_10521,0.999914
test_10522,0.079510
test_10523,0.999997
test_10524,1.000000
test_10525,0.990063
test_10526,0.999969
test_10527,0.999593
test_10528,0.999988
test_10529,1.000000
test_10530,0.043079
test_10531,0.999964
test_10532,0.004845
test_10533,0.999542
test_10534,0.000962
test_10535,0.000178
test_10536,0.994650
test_10537,0.956714
test_10538,0.044690
test_10539,0.999977
test_10540,0.022030
test_10541,0.000009
test_10542,0.999992
test_10543,1.000000
test_10544,0.000572
test_10545,0.021112
test_10546,0.410279
test_10547,0.745618
test_10548,0.001168
test_10549,0.701636
test_10550,0.998749
test_10551,0.000012
test_10552,0.911042
test_10553,0.000000
test_10554,0.999999
test_10555,0.938061
test_10556,0.027182
test_10557,0.243031
test_10558,0.000245
test_10559,0.800026
test_10560,0.999993
test_10561,0.201868
test_10562,0.999335
test_10563,0.999987
test_10564,0.999810
test_10565,0.732573
test_10566,1.000000
test_10567,0.210763
test_10568,0.996851
test_10569,0.289131
test_10570,0.627757
test_10571,0.996919
test_10572,1.000000
test_10573,0.999998
test_10574,0.014152
test_10575,0.999835
test_10576,0.983282
test_10577,0.836591
test_10578,0.000003
test_10579,0.000076
test_10580,0.637414
test_10581,0.002376
test_10582,0.999997
test_10583,0.000012
test_10584,0.619590
test_10585,0.000000
test_10586,0.000024
test_10587,0.000140
test_10588,0.000335
test_10589,0.149897
test_10590,0.364695
test_10591,0.000000
test_10592,0.002573
test_10593,1.000000
test_10594,0.996930
test_10595,0.000453
test_10596,0.987390
test_10597,0.000002
test_10598,0.999857
test_10599,0.975072
test_10600,0.016172
test_10601,0.000000
test_10602,0.921222
test_10603,1.000000
test_10604,0.999905
test_10605,0.988648
test_10606,0.999998
test_10607,0.999852
test_10608,0.341041
test_10609,1.000000
test_10610,0.000002
test_10611,0.866018
test_10612,0.005464
test_10613,0.000001
test_10614,0.002309
test_10615,1.000000
test_10616,0.999910
test_10617,0.792313
test_10618,0.999982
test_10619,0.998330
test_10620,0.999998
test_10621,0.998485
test_10622,0.922644
test_10623,0.000001
test_10624,0.996298
test_10625,0.549581
test_10626,0.000000
test_10627,0.933922
test_10628,0.999144
test_10629,0.611599
test_10630,0.999994
test_10631,0.148233
test_10632,0.985891
test_10633,1.000000
test_10634,0.997148
test_10635,0.000000
test_10636,0.999398
test_10637,0.999992
test_10638,0.000000
test_10639,0.999996
test_10640,0.000060
test_10641,0.999949
test_10642,0.823014
test_10643,0.999805
test_10644,0.926339
test_10645,0.113170
test_10646,0.000537
test_10647,0.000409
test_10648,0.994590
test_10649,0.999758
test_10650,0.746413
test_10651,0.542605
test_10652,0.010169
test_10653,1.000000
test_10654,0.008780
test_10655,0.000085
test_10656,0.998721
test_10657,0.001850
test_10658,0.999999
test_10659,0.108841
test_10660,0.987856
test_10661,0.995966
test_10662,0.000002
test_10663,0.000363
test_10664,0.999984
test_10665,0.999602
test_10666,0.995822
test_10667,0.000034
test_10668,0.999997
test_10669,0.999660
test_10670,0.010625
test_10671,0.766420
test_10672,0.000000
test_10673,0.385297
test_10674,0.712304
test_10675,0.000100
test_10676,0.999662
test_10677,1.000000
test_10678,0.978256
test_10679,0.750103
test_10680,0.248162
test_10681,0.999981
test_10682,0.998655
test_10683,0.000000
test_10684,0.000033
test_10685,0.034729
test_10686,0.999971
test_10687,0.001460
test_10688,0.042819
test_10689,0.000000
test_10690,0.195525
test_10691,0.000001
test_10692,0.960771
test_10693,0.000005
test_10694,0.914257
test_10695,0.998560
test_10696,0.070612
test_10697,0.000006
test_10698,0.979988
test_10699,0.995956
test_10700,0.000000
test_10701,0.385528
test_10702,0.000000
test_10703,0.074444
test_10704,0.959555
test_10705,0.999771
test_10706,0.004631
test_10707,0.999999
test_10708,0.999999
test_10709,0.999921
test_10710,0.996355
test_10711,1.000000
test_10712,1.000000
test_10713,0.000146
test_10714,0.994710
test_10715,0.000000
test_10716,0.696858
test_10717,0.995253
test_10718,0.305606
test_10719,0.987478
test_10720,0.999823
test_10721,0.000108
test_10722,0.999922
test_10723,0.001553
test_10724,0.000791
test_10725,0.000002
test_10726,0.980076
test_10727,0.000000
test_10728,0.000000
test_10729,0.000000
test_10730,0.283309
test_10731,0.000000
test_10732,0.951349
test_10733,0.000000
test_10734,0.000251
test_10735,0.999996
test_10736,0.035509
test_10737,0.000004
test_10738,1.000000
test_10739,0.998225
test_10740,0.989668
test_10741,0.999553
test_10742,0.000938
test_10743,0.999840
test_10744,0.001785
test_10745,0.000132
test_10746,0.018472
test_10747,0.999997
test_10748,0.966544
test_10749,0.999999
test_10750,0.856967
test_10751,0.000028
test_10752,0.994077
test_10753,1.000000
test_10754,0.999978
test_10755,0.000000
test_10756,0.653099
test_10757,0.008420
test_10758,0.000080
test_10759,0.998334
test_10760,0.000782
test_10761,0.057776
test_10762,0.999786
test_10763,0.998102
test_10764,0.999682
test_10765,0.979417
test_10766,0.999050
test_10767,0.000029
test_10768,0.999999
test_10769,0.033617
test_10770,0.000242
test_10771,0.978116
test_10772,0.000000
test_10773,0.999992
test_10774,0.955066
test_10775,0.094682
test_10776,0.456588
test_10777,0.000001
test_10778,0.998475
test_10779,0.990481
test_10780,0.999760
test_10781,0.999999
test_10782,0.168095
test_10783,0.000060
test_10784,0.000001
test_10785,0.999276
test_10786,0.999997
test_10787,0.999898
test_10788,0.001802
test_10789,0.000004
test_10790,0.032964
test_10791,0.008725
test_10792,0.961849
test_10793,0.981315
test_10794,0.999771
test_10795,0.000113
test_10796,0.964695
test_10797,0.966252
test_10798,0.999999
test_10799,0.001111
test_10800,1.000000
test_10801,0.000063
test_10802,0.098267
test_10803,1.000000
test_10804,0.822597
test_10805,0.000003
test_10806,1.000000
test_10807,0.999783
test_10808,0.999998
test_10809,0.999995
test_10810,0.951084
test_10811,0.146326
test_10812,0.000000
test_10813,0.000002
test_10814,0.001414
test_10815,0.996290
test_10816,0.358133
test_10817,0.993504
test_10818,0.999844
test_10819,0.999219
test_10820,0.000001
test_10821,0.000014
test_10822,0.998025
test_10823,0.315381
test_10824,0.000000
test_10825,0.999978
test_10826,0.999920
test_10827,0.788957
test_10828,0.999998
test_10829,0.311566
test_10830,0.999997
test_10831,0.237941
test_10832,0.482880
test_10833,1.000000
test_10834,0.998220
test_10835,0.012683
test_10836,0.000026
test_10837,0.258953
test_10838,0.000001
test_10839,0.000148
test_10840,0.999995
test_10841,0.000016
test_10842,0.821814
test_10843,0.000000
test_10844,0.113234
test_10845,0.000008
test_10846,1.000000
test_10847,0.061460
test_10848,0.000059
test_10849,0.000252
test_10850,0.000116
test_10851,0.000000
test_10852,0.016362
test_10853,0.260284
test_10854,0.970464
test_10855,0.000000
test_10856,0.010988
test_10857,0.999609
test_10858,0.009940
test_10859,0.999978
test_10860,0.000003
test_10861,0.045598
test_10862,0.713190
test_10863,0.975035
test_10864,0.007692
test_10865,0.994497
test_10866,1.000000
test_10867,0.979603
test_10868,0.000001
test_10869,0.000685
test_10870,0.000039
test_10871,0.000207
test_10872,1.000000
test_10873,1.000000
test_10874,0.224980
test_10875,0.212383
test_10876,0.043202
test_10877,0.999839
test_10878,0.999999
test_10879,0.000000
test_10880,0.709232
test_10881,0.000869
test_10882,0.164876
test_10883,0.949732
test_10884,1.000000
test_10885,0.108260
test_10886,0.791961
test_10887,0.999994
test_10888,1.000000
test_10889,0.759880
test_10890,0.011805
test_10891,0.241255
test_10892,0.999995
test_10893,0.000021
test_10894,0.000009
test_10895,0.904687
test_10896,0.012289
test_10897,0.000076
test_10898,0.840985
test_10899,0.653672
test_10900,0.047415
test_10901,0.999995
test_10902,0.998364
test_10903,0.999932
test_10904,0.999981
test_10905,0.999830
test_10906,0.999995
test_10907,0.000002
test_10908,0.833883
test_10909,0.999616
test_10910,0.001809
test_10911,0.000000
test_10912,1.000000
test_10913,0.000000
test_10914,0.997366
test_10915,0.006417
test_10916,0.274834
test_10917,0.447402
test_10918,0.197961
test_10919,0.461692
test_10920,0.999998
test_10921,0.995520
test_10922,0.999978
test_10923,0.999999
test_10924,0.991727
test_10925,0.997716
test_10926,0.000010
test_10927,0.999959
test_10928,0.000001
test_10929,0.000005
test_10930,0.828747
test_10931,0.231838
test_10932,0.998970
test_10933,1.000000
test_10934,0.000000
test_10935,0.000049
test_10936,0.999692
test_10937,0.914697
test_10938,0.000000
test_10939,0.953173
test_10940,0.000000
test_10941,0.000506
test_10942,0.007034
test_10943,0.006372
test_10944,0.999889
test_10945,0.000001
test_10946,0.000000
test_10947,0.999999
test_10948,0.618927
test_10949,0.004415
test_10950,0.001111
test_10951,0.998443
test_10952,0.000000
test_10953,0.987771
test_10954,0.999962
test_10955,0.999968
test_10956,0.000008
test_10957,0.000013
test_10958,0.000271
test_10959,0.001429
test_10960,0.940160
test_10961,0.584329
test_10962,0.350265
test_10963,0.000136
test_10964,0.000074
test_10965,0.000270
test_10966,0.018545
test_10967,0.992243
test_10968,0.000000
test_10969,0.968594
test_10970,0.012005
test_10971,0.996224
test_10972,0.999712
test_10973,0.000013
test_10974,0.380149
test_10975,0.999992
test_10976,0.994071
test_10977,0.091205
test_10978,0.999930
test_10979,0.000262
test_10980,0.566678
test_10981,0.788624
test_10982,0.999925
test_10983,0.002720
test_10984,0.999935
test_10985,0.999998
test_10986,0.000103
test_10987,0.993987
test_10988,0.000012
test_10989,0.000970
test_10990,0.017316
test_10991,0.000081
test_10992,0.999999
test_10993,0.999999
test_10994,0.000329
test_10995,0.001524
test_10996,0.999169
test_10997,0.998223
test_10998,0.000001
test_10999,0.005897
test_11000,0.135426
test_11001,0.957089
test_11002,0.126978
test_11003,0.000037
test_11004,0.018834
test_11005,0.313212
test_11006,0.026330
test_11007,0.030886
test_11008,0.019808
test_11009,0.000000
test_11010,0.999151
test_11011,0.924605
test_11012,0.000504
test_11013,0.429694
test_11014,0.978809
test_11015,0.241206
test_11016,0.063235
test_11017,0.018476
test_11018,0.999998
test_11019,0.000001
test_11020,0.908939
test_11021,1.000000
test_11022,0.103611
test_11023,0.000231
test_11024,1.000000
test_11025,1.000000
test_11026,1.000000
test_11027,0.999770
test_11028,0.952496
test_11029,0.805476
test_11030,0.977630
test_11031,0.010040
test_11032,0.000000
test_11033,0.118460
test_11034,0.021397
test_11035,0.999997
test_11036,0.999994
test_11037,0.000005
test_11038,0.999992
test_11039,0.794978
test_11040,0.999999
test_11041,0.000002
test_11042,0.030817
test_11043,0.997047
test_11044,0.999995
test_11045,0.999999
test_11046,0.998338
test_11047,0.998767
test_11048,0.995341
test_11049,0.834402
test_11050,0.000000
test_11051,0.956294
test_11052,0.999047
test_11053,0.993761
test_11054,0.987610
test_11055,0.001831
test_11056,0.914880
test_11057,0.000127
test_11058,0.954456
test_11059,0.000008
test_11060,0.997830
test_11061,0.000011
test_11062,1.000000
test_11063,0.001782
test_11064,0.976903
test_11065,0.999987
test_11066,0.999995
test_11067,0.000004
test_11068,0.000688
test_11069,0.999997
test_11070,1.000000
test_11071,0.999987
test_11072,0.000006
test_11073,0.000000
test_11074,0.000000
test_11075,1.000000
test_11076,0.966104
test_11077,0.000000
test_11078,0.012453
test_11079,0.913955
test_11080,0.000603
test_11081,0.234473
test_11082,0.000019
test_11083,0.000049
test_11084,0.999979
test_11085,0.000074
test_11086,0.100150
test_11087,0.985716
test_11088,0.000038
test_11089,0.184680
test_11090,0.986989
test_11091,0.999539
test_11092,0.002329
test_11093,0.999602
test_11094,0.882991
test_11095,1.000000
test_11096,0.009950
test_11097,0.989716
test_11098,0.000010
test_11099,1.000000
test_11100,0.999998
test_11101,0.000001
test_11102,0.685117
test_11103,0.998368
test_11104,0.198502
test_11105,0.000009
test_11106,0.770866
test_11107,0.918915
test_11108,0.999966
test_11109,0.994442
test_11110,0.985494
test_11111,0.577774
test_11112,0.983312
test_11113,0.899757
test_11114,0.991056
test_11115,0.999732
test_11116,0.999598
test_11117,0.966864
test_11118,0.999078
test_11119,0.999849
test_11120,0.014410
test_11121,0.996663
test_11122,0.177507
test_11123,0.827490
test_11124,1.000000
test_11125,1.000000
test_11126,1.000000
test_11127,0.999784
test_11128,0.000649
test_11129,0.122723
test_11130,0.999806
test_11131,0.015237
test_11132,0.982676
test_11133,0.000012
test_11134,0.123379
test_11135,0.998320
test_11136,0.999991
test_11137,0.161457
test_11138,0.995370
test_11139,0.188453
test_11140,0.117522
test_11141,0.946218
test_11142,0.000000
test_11143,0.839341
test_11144,1.000000
test_11145,0.011067
test_11146,0.000000
test_11147,0.999884
test_11148,0.003927
test_11149,0.000054
test_11150,0.999804
test_11151,0.000032
test_11152,0.943558
test_11153,0.998698
test_11154,0.998845
test_11155,0.026797
test_11156,0.031703
test_11157,0.999218
test_11158,0.000189
test_11159,0.000000
test_11160,0.052547
test_11161,0.082783
test_11162,0.000001
test_11163,0.000000
test_11164,0.211266
test_11165,1.000000
test_11166,0.683041
test_11167,0.000000
test_11168,0.013741
test_11169,0.999994
test_11170,0.010506
test_11171,0.001774
test_11172,0.554478
test_11173,0.988359
test_11174,0.000010
test_11175,0.000008
test_11176,0.634200
test_11177,0.002058
test_11178,0.000002
test_11179,0.000053
test_11180,0.999999
test_11181,0.999871
test_11182,0.000974
test_11183,0.468180
test_11184,0.996317
test_11185,0.999953
test_11186,0.000038
test_11187,0.000281
test_11188,0.999984
test_11189,0.001455
test_11190,0.026514
test_11191,0.999984
test_11192,0.010653
test_11193,0.000017
test_11194,0.027054
test_11195,0.999984
test_11196,0.084952
test_11197,0.997862
test_11198,0.966225
test_11199,0.036651
test_11200,0.000005
test_11201,0.278226
test_11202,0.980838
test_11203,0.968095
test_11204,0.444247
test_11205,0.028347
test_11206,0.990873
test_11207,0.000000
test_11208,0.981430
test_11209,0.000004
test_11210,0.999488
test_11211,0.007610
test_11212,0.675851
test_11213,0.000002
test_11214,0.003105
test_11215,0.000004
test_11216,0.029276
test_11217,0.993041
test_11218,0.999950
test_11219,0.706272
test_11220,0.994922
test_11221,0.394888
test_11222,0.000039
test_11223,0.001031
test_11224,0.603714
test_11225,0.000000
test_11226,0.502607
test_11227,0.999996
test_11228,0.006082
test_11229,0.893084
test_11230,0.000001
test_11231,0.534030
test_11232,0.001884
test_11233,0.919523
test_11234,0.992356
test_11235,0.598346
test_11236,0.974001
test_11237,0.000481
test_11238,0.957034
test_11239,0.999934
test_11240,0.999999
test_11241,0.940910
test_11242,0.999999
test_11243,0.965125
test_11244,0.147868
test_11245,0.000121
test_11246,0.999967
test_11247,0.027980
test_11248,0.889977
test_11249,0.000011
test_11250,0.999941
test_11251,0.999498
test_11252,0.000457
test_11253,0.034785
test_11254,0.989760
test_11255,0.768627
test_11256,0.606868
test_11257,0.999969
test_11258,0.994755
test_11259,0.000000
test_11260,0.000000
test_11261,0.000114
test_11262,0.997890
test_11263,0.373708
test_11264,0.489192
test_11265,0.337627
test_11266,0.014843
test_11267,0.114657
test_11268,0.795845
test_11269,0.775587
test_11270,0.999993
test_11271,0.358847
test_11272,0.000087
test_11273,0.436478
test_11274,0.999997
test_11275,0.000010
test_11276,0.000248
test_11277,0.996454
test_11278,0.000001
test_11279,0.528453
test_11280,0.874320
test_11281,0.998790
test_11282,0.063510
test_11283,0.053600
test_11284,0.504509
test_11285,0.000002
test_11286,0.033105
test_11287,0.999065
test_11288,0.999578
test_11289,0.000007
test_11290,1.000000
test_11291,0.999874
test_11292,0.999999
test_11293,0.000000
test_11294,0.999902
test_11295,0.999883
test_11296,0.000000
test_11297,1.000000
test_11298,0.000527
test_11299,0.435713
test_11300,1.000000
test_11301,0.999826
test_11302,0.000003
test_11303,0.997954
test_11304,0.999475
test_11305,0.000755
test_11306,0.997694
test_11307,0.992144
test_11308,0.999976
test_11309,0.000226
test_11310,0.057092
test_11311,0.000839
test_11312,0.957474
test_11313,0.000246
test_11314,0.000193
test_11315,0.132898
test_11316,0.101541
test_11317,0.999863
test_11318,0.769296
test_11319,0.020954
test_11320,0.000011
test_11321,0.006605
test_11322,0.005745
test_11323,0.000001
test_11324,0.000000
test_11325,0.998116
test_11326,0.000005
test_11327,0.903123
test_11328,0.999988
test_11329,0.000121
test_11330,0.199742
test_11331,0.001936
test_11332,1.000000
test_11333,0.407095
test_11334,0.029524
test_11335,0.637348
test_11336,0.884440
test_11337,0.959221
test_11338,0.047135
test_11339,0.120093
test_11340,0.089607
test_11341,0.996075
test_11342,0.000000
test_11343,0.999864
test_11344,0.001442
test_11345,0.018183
test_11346,0.404663
test_11347,0.582549
test_11348,0.704949
test_11349,0.000003
test_11350,0.026645
test_11351,0.000000
test_11352,0.015419
test_11353,1.000000
test_11354,0.017224
test_11355,0.019029
test_11356,0.022857
test_11357,0.000000
test_11358,0.115718
test_11359,0.080406
test_11360,0.233114
test_11361,0.000000
test_11362,0.000010
test_11363,0.000001
test_11364,0.000000
test_11365,0.000031
test_11366,0.943441
test_11367,0.000116
test_11368,0.085650
test_11369,0.867457
test_11370,0.993079
test_11371,0.000016
test_11372,0.001455
test_11373,0.000000
test_11374,0.796593
test_11375,0.001286
test_11376,0.000001
test_11377,0.991069
test_11378,0.561127
test_11379,0.000143
test_11380,0.000153
test_11381,0.000063
test_11382,0.775898
test_11383,0.050664
test_11384,0.271385
test_11385,1.000000
test_11386,1.000000
test_11387,1.000000
test_11388,0.043545
test_11389,0.000013
test_11390,0.623988
test_11391,0.994046
test_11392,0.999678
test_11393,0.584866
test_11394,0.028146
test_11395,0.954553
test_11396,0.356101
test_11397,0.000010
test_11398,0.557944
test_11399,0.178338
test_11400,0.002823
test_11401,0.999986
test_11402,0.997713
test_11403,0.686521
test_11404,0.999956
test_11405,0.024173
test_11406,0.000001
test_11407,0.000006
test_11408,0.267457
test_11409,0.037547
test_11410,0.000129
test_11411,0.397382
test_11412,0.825925
test_11413,0.000002
test_11414,0.000769
test_11415,0.999998
test_11416,0.000137
test_11417,0.991535
test_11418,0.999506
test_11419,1.000000
test_11420,0.002866
test_11421,0.123775
test_11422,0.250588
test_11423,0.005245
test_11424,0.993696
test_11425,0.000146
test_11426,0.101974
test_11427,1.000000
test_11428,0.003102
test_11429,0.961853
test_11430,0.960655
test_11431,0.999977
test_11432,0.550372
test_11433,0.000059
test_11434,0.786713
test_11435,0.999998
test_11436,0.947974
test_11437,0.919850
test_11438,0.000572
test_11439,0.000015
test_11440,0.004623
test_11441,0.163999
test_11442,0.000223
test_11443,0.477262
test_11444,0.081922
test_11445,0.701685
test_11446,0.000000
test_11447,0.909654
test_11448,0.020255
test_11449,0.905100
test_11450,0.998357
test_11451,0.935134
test_11452,0.867167
test_11453,0.030097
test_11454,0.000298
test_11455,0.000001
test_11456,0.000002
test_11457,0.992548
test_11458,0.015359
test_11459,0.000289
test_11460,0.925473
test_11461,0.927637
test_11462,0.998043
test_11463,0.044569
test_11464,0.999999
test_11465,0.744737
test_11466,0.939414
test_11467,0.000061
test_11468,0.999995
test_11469,0.005097
test_11470,0.000958
test_11471,0.368293
test_11472,0.000098
test_11473,0.119674
test_11474,0.999959
test_11475,0.936452
test_11476,0.041675
test_11477,0.982643
test_11478,0.030388
test_11479,0.039560
test_11480,0.999824
test_11481,0.000306
test_11482,0.220444
test_11483,1.000000
test_11484,0.000001
test_11485,0.999933
test_11486,0.925840
test_11487,0.262876
test_11488,0.000016
test_11489,0.992190
test_11490,0.716600
test_11491,0.000275
test_11492,0.039848
test_11493,0.999970
test_11494,0.595019
test_11495,0.000000
test_11496,0.930238
test_11497,1.000000
test_11498,0.906264
test_11499,0.945663
test_11500,0.001044
test_11501,0.972426
test_11502,0.001129
test_11503,0.000132
test_11504,0.999999
test_11505,0.995427
test_11506,0.000281
test_11507,0.200062
test_11508,0.000992
test_11509,0.002224
test_11510,0.018199
test_11511,0.002296
test_11512,0.000000
test_11513,0.013978
test_11514,0.000000
test_11515,0.000000
test_11516,0.466145
test_11517,0.557474
test_11518,0.006476
test_11519,0.985004
test_11520,0.678005
test_11521,0.001648
test_11522,0.004479
test_11523,0.665495
test_11524,0.000000
test_11525,0.968842
test_11526,0.836592
test_11527,0.042812
test_11528,0.406306
test_11529,0.000000
test_11530,0.969133
test_11531,0.999989
test_11532,0.999935
test_11533,0.397877
test_11534,1.000000
test_11535,0.394550
test_11536,1.000000
test_11537,0.999637
test_11538,0.088278
test_11539,0.999993
test_11540,0.999995
test_11541,0.001285
test_11542,0.000013
test_11543,0.999971
test_11544,0.002215
test_11545,0.999778
test_11546,0.006473
test_11547,0.999288
test_11548,0.058168
test_11549,0.000649
test_11550,0.883293
test_11551,0.003884
test_11552,0.975178
test_11553,0.843618
test_11554,0.138762
test_11555,0.987136
test_11556,0.428166
test_11557,0.996364
test_11558,1.000000
test_11559,0.000124
test_11560,0.045248
test_11561,0.000004
test_11562,1.000000
test_11563,0.999993
test_11564,0.385963
test_11565,0.754078
test_11566,0.000000
test_11567,0.921124
test_11568,0.006597
test_11569,0.999984
test_11570,0.005153
test_11571,0.013485
test_11572,0.000009
test_11573,0.326424
test_11574,0.999994
test_11575,0.998165
test_11576,0.549635
test_11577,0.999817
test_11578,0.057258
test_11579,0.997765
test_11580,0.998248
test_11581,0.927751
test_11582,0.000141
test_11583,0.187902
test_11584,0.999579
test_11585,0.000924
test_11586,0.999954
test_11587,0.999848
test_11588,0.012643
test_11589,0.999964
test_11590,0.999141
test_11591,0.827410
test_11592,0.999967
test_11593,0.036461
test_11594,1.000000
test_11595,0.000000
test_11596,0.999996
test_11597,0.999999
test_11598,0.000051
test_11599,0.000004
test_11600,0.061791
test_11601,0.995458
test_11602,0.007705
test_11603,0.942786
test_11604,1.000000
test_11605,0.999940
test_11606,0.002469
test_11607,1.000000
test_11608,0.000328
test_11609,1.000000
test_11610,0.000255
test_11611,0.999934
test_11612,0.999842
test_11613,1.000000
test_11614,0.046226
test_11615,1.000000
test_11616,0.991034
test_11617,0.999998
test_11618,0.999992
test_11619,0.807902
test_11620,0.062486
test_11621,0.000048
test_11622,0.999463
test_11623,0.000001
test_11624,0.999410
test_11625,0.955816
test_11626,1.000000
test_11627,1.000000
test_11628,0.000035
test_11629,0.926005
test_11630,0.000496
test_11631,0.000060
test_11632,0.000802
test_11633,1.000000
test_11634,0.685703
test_11635,0.999999
test_11636,0.999983
test_11637,0.999373
test_11638,0.359240
test_11639,0.001107
test_11640,0.999922
test_11641,0.993970
test_11642,0.999998
test_11643,0.999896
test_11644,0.999737
test_11645,0.042385
test_11646,0.000093
test_11647,0.000087
test_11648,0.999997
test_11649,0.001999
test_11650,0.999999
test_11651,0.000862
test_11652,0.000050
test_11653,0.002358
test_11654,0.000001
test_11655,0.132779
test_11656,0.985327
test_11657,0.000020
test_11658,0.003770
test_11659,0.000000
test_11660,0.604519
test_11661,0.000006
test_11662,0.998665
test_11663,0.000001
test_11664,0.459686
test_11665,0.000020
test_11666,0.000404
test_11667,0.000006
test_11668,0.999332
test_11669,0.999759
test_11670,0.000022
test_11671,0.918343
test_11672,0.999999
test_11673,0.018758
test_11674,0.000452
test_11675,0.003235
test_11676,0.990592
test_11677,0.258374
test_11678,0.137941
test_11679,1.000000
test_11680,0.000103
test_11681,0.307129
test_11682,0.009446
test_11683,0.927975
test_11684,0.948223
test_11685,0.009485
test_11686,0.998534
test_11687,0.003257
test_11688,0.010975
test_11689,0.000685
test_11690,0.993084
test_11691,0.978140
test_11692,0.000727
test_11693,0.641944
test_11694,0.000000
test_11695,0.999348
test_11696,0.000001
test_11697,0.007681
test_11698,0.000006
test_11699,0.378966
test_11700,0.101445
test_11701,0.000028
test_11702,0.000030
test_11703,0.001629
test_11704,0.860208
test_11705,0.981360
test_11706,1.000000
test_11707,0.001031
test_11708,0.999999
test_11709,0.999836
test_11710,0.981089
test_11711,0.999960
test_11712,0.467989
test_11713,0.691390
test_11714,1.000000
test_11715,1.000000
test_11716,0.346505
test_11717,0.000000
test_11718,0.083374
test_11719,0.000000
test_11720,1.000000
test_11721,0.794028
test_11722,0.899473
test_11723,0.999583
test_11724,0.060876
test_11725,0.369909
test_11726,0.988764
test_11727,0.987960
test_11728,0.994924
test_11729,0.995952
test_11730,0.174643
test_11731,0.000425
test_11732,0.987215
test_11733,0.999980
test_11734,0.000000
test_11735,0.998587
test_11736,0.136734
test_11737,0.954036
test_11738,0.999864
test_11739,0.997961
test_11740,0.077581
test_11741,0.002506
test_11742,0.148433
test_11743,0.916339
test_11744,0.997916
test_11745,0.000072
test_11746,0.909167
test_11747,0.118482
test_11748,0.000066
test_11749,0.999993
test_11750,0.156495
test_11751,1.000000
test_11752,0.999998
test_11753,0.007425
test_11754,0.997552
test_11755,0.137925
test_11756,0.803399
test_11757,0.000086
test_11758,0.000015
test_11759,0.795385
test_11760,0.996441
test_11761,0.957980
test_11762,0.999852
test_11763,0.117807
test_11764,0.999916
test_11765,0.000059
test_11766,0.275165
test_11767,0.721717
test_11768,0.000000
test_11769,0.001670
test_11770,0.088648
test_11771,0.999979
test_11772,0.984879
test_11773,0.026439
test_11774,0.000050
test_11775,0.991867
test_11776,0.664837
test_11777,0.999478
test_11778,0.999992
test_11779,0.999944
test_11780,0.999498
test_11781,0.002550
test_11782,0.000256
test_11783,0.318823
test_11784,0.999999
test_11785,0.000001
test_11786,0.972907
test_11787,0.000108
test_11788,0.000546
test_11789,0.001604
test_11790,0.000583
test_11791,0.999551
test_11792,0.999967
test_11793,0.999516
test_11794,0.737602
test_11795,0.917561
test_11796,0.001528
test_11797,0.990767
test_11798,0.005761
test_11799,0.999807
test_11800,0.000048
test_11801,0.002230
test_11802,0.000893
test_11803,0.000009
test_11804,0.000000
test_11805,0.209776
test_11806,0.040030
test_11807,0.999993
test_11808,0.998810
test_11809,0.323684
test_11810,0.761511
test_11811,0.005446
test_11812,0.120680
test_11813,0.000102
test_11814,0.301856
test_11815,0.000000
test_11816,0.916754
test_11817,0.000813
test_11818,0.000028
test_11819,0.993764
test_11820,0.894870
test_11821,1.000000
test_11822,0.925823
test_11823,0.999980
test_11824,0.982110
test_11825,0.536052
test_11826,0.000000
test_11827,0.999987
test_11828,0.380230
test_11829,0.058134
test_11830,0.220989
test_11831,0.000001
test_11832,0.001379
test_11833,0.000014
test_11834,0.918073
test_11835,0.000792
test_11836,0.805257
test_11837,1.000000
test_11838,0.030491
test_11839,0.028281
test_11840,0.092719
test_11841,0.003113
test_11842,0.021351
test_11843,0.004752
test_11844,0.000007
test_11845,0.997241
test_11846,0.049284
test_11847,0.384709
test_11848,0.928255
test_11849,0.000030
test_11850,0.999970
test_11851,0.066990
test_11852,0.032052
test_11853,0.999940
test_11854,0.000000
test_11855,0.853396
test_11856,0.989890
test_11857,0.000019
test_11858,1.000000
test_11859,0.454221
test_11860,0.015234
test_11861,0.059200
test_11862,0.000004
test_11863,0.852213
test_11864,0.983866
test_11865,0.996404
test_11866,0.973765
test_11867,0.999150
test_11868,0.000065
test_11869,0.999827
test_11870,0.999686
test_11871,0.999993
test_11872,0.999999
test_11873,0.910242
test_11874,0.619713
test_11875,0.950831
test_11876,0.999999
test_11877,0.087524
test_11878,0.852653
test_11879,0.000002
test_11880,0.004349
test_11881,0.995685
test_11882,1.000000
test_11883,0.001654
test_11884,0.999999
test_11885,0.300039
test_11886,0.000976
test_11887,1.000000
test_11888,0.836191
test_11889,0.073239
test_11890,0.000329
test_11891,0.524357
test_11892,0.098074
test_11893,0.999998
test_11894,0.932526
test_11895,0.000013
test_11896,0.999997
test_11897,0.000919
test_11898,0.005172
test_11899,0.999998
test_11900,0.966302
test_11901,0.994898
test_11902,0.999994
test_11903,0.681060
test_11904,0.994475
test_11905,0.999998
test_11906,0.000000
test_11907,0.999871
test_11908,0.004505
test_11909,0.001976
test_11910,0.994806
test_11911,0.999603
test_11912,0.000009
test_11913,0.008801
test_11914,0.126300
test_11915,0.000815
test_11916,0.000000
test_11917,0.453798
test_11918,0.829091
test_11919,0.440575
test_11920,0.995037
test_11921,0.041690
test_11922,0.001836
test_11923,0.999958
test_11924,0.999701
test_11925,0.924852
test_11926,0.991134
test_11927,1.000000
test_11928,0.311187
test_11929,0.000856
test_11930,0.998580
test_11931,0.750394
test_11932,0.077537
test_11933,0.328111
test_11934,0.000052
test_11935,0.049861
test_11936,0.999814
test_11937,0.011855
test_11938,0.999992
test_11939,0.025844
test_11940,0.000183
test_11941,0.000002
test_11942,0.996707
test_11943,0.000306
test_11944,0.000009
test_11945,0.999977
test_11946,0.896816
test_11947,0.175706
test_11948,0.003022
test_11949,0.856545
test_11950,0.000008
test_11951,0.000263
test_11952,0.000000
test_11953,0.000079
test_11954,0.000417
test_11955,0.999999
test_11956,0.105477
test_11957,0.997178
test_11958,0.011113
test_11959,0.529082
test_11960,0.000000
test_11961,0.000316
test_11962,0.000006
test_11963,1.000000
test_11964,0.133322
test_11965,0.921776
test_11966,0.999918
test_11967,0.031911
test_11968,0.999909
test_11969,0.000000
test_11970,0.021242
test_11971,0.005722
test_11972,0.999393
test_11973,0.063991
test_11974,0.999928
test_11975,0.999997
test_11976,0.000727
test_11977,0.844845
test_11978,0.999951
test_11979,0.999996
test_11980,0.999739
test_11981,0.002311
test_11982,0.999855
test_11983,0.983214
test_11984,0.004990
test_11985,0.284667
test_11986,0.253200
test_11987,0.398947
test_11988,1.000000
test_11989,0.737200
test_11990,0.999998
test_11991,0.995591
test_11992,0.000207
test_11993,0.999995
test_11994,0.127528
test_11995,0.520196
test_11996,0.000003
test_11997,0.999585
test_11998,0.008641
test_11999,0.338729
test_12000,0.981884
test_12001,0.000003
test_12002,0.000723
test_12003,0.819100
test_12004,0.117675
test_12005,0.002359
test_12006,0.000687
test_12007,0.886525
test_12008,0.003228
test_12009,0.000066
test_12010,0.000024
test_12011,0.999995
test_12012,0.420994
test_12013,0.001014
test_12014,0.997639
test_12015,0.999992
test_12016,0.754161
test_12017,0.997832
test_12018,0.997377
test_12019,0.999241
test_12020,0.000032
test_12021,0.999982
test_12022,0.999556
test_12023,0.001596
test_12024,0.074394
test_12025,0.999121
test_12026,0.004637
test_12027,0.999988
test_12028,0.000753
test_12029,0.086018
test_12030,0.213985
test_12031,0.859447
test_12032,0.000003
test_12033,0.999998
test_12034,0.999413
test_12035,0.916033
test_12036,0.000215
test_12037,0.262283
test_12038,0.054783
test_12039,0.000000
test_12040,1.000000
test_12041,0.999792
test_12042,0.006504
test_12043,0.994663
test_12044,0.005331
test_12045,0.000082
test_12046,1.000000
test_12047,0.000000
test_12048,0.993508
test_12049,0.000003
test_12050,0.462702
test_12051,0.000000
test_12052,0.280875
test_12053,0.000547
test_12054,0.999517
test_12055,0.998576
test_12056,0.972218
test_12057,0.902950
test_12058,0.952604
test_12059,1.000000
test_12060,0.999977
test_12061,0.000369
test_12062,0.000010
test_12063,0.964311
test_12064,0.999940
test_12065,0.069089
test_12066,0.015047
test_12067,1.000000
test_12068,0.002715
test_12069,0.000032
test_12070,0.038724
test_12071,0.995242
test_12072,0.882196
test_12073,0.003391
test_12074,0.025586
test_12075,0.999971
test_12076,0.546261
test_12077,0.003818
test_12078,1.000000
test_12079,0.000002
test_12080,0.000036
test_12081,0.998929
test_12082,0.009247
test_12083,0.006115
test_12084,0.999936
test_12085,0.992058
test_12086,0.999975
test_12087,1.000000
test_12088,0.033517
test_12089,0.000708
test_12090,0.006097
test_12091,0.986485
test_12092,0.999996
test_12093,0.999999
test_12094,0.999988
test_12095,0.999249
test_12096,0.999988
test_12097,0.086582
test_12098,0.997706
test_12099,0.000337
test_12100,0.131625
test_12101,1.000000
test_12102,0.000000
test_12103,0.000000
test_12104,0.087286
test_12105,0.000125
test_12106,0.758164
test_12107,0.999999
test_12108,0.911051
test_12109,0.000125
test_12110,0.002150
test_12111,1.000000
test_12112,0.999861
test_12113,0.992106
test_12114,0.999960
test_12115,0.000052
test_12116,0.000000
test_12117,0.007841
test_12118,0.982069
test_12119,0.999945
test_12120,0.999818
test_12121,0.000000
test_12122,0.006646
test_12123,0.031438
test_12124,0.935998
test_12125,0.174283
test_12126,0.999999
test_12127,0.999835
test_12128,0.982624
test_12129,0.000998
test_12130,0.999787
test_12131,0.998789
test_12132,0.025514
test_12133,0.996638
test_12134,0.999979
test_12135,0.004733
test_12136,0.958281
test_12137,0.849001
test_12138,0.000205
test_12139,0.752793
test_12140,0.999940
test_12141,0.000025
test_12142,0.999651
test_12143,0.993632
test_12144,0.714609
test_12145,0.026746
test_12146,0.932215
test_12147,0.000025
test_12148,0.000238
test_12149,0.999986
test_12150,0.000361
test_12151,0.999988
test_12152,0.843632
test_12153,0.180358
test_12154,0.999882
test_12155,0.997472
test_12156,0.001154
test_12157,0.566461
test_12158,0.000604
test_12159,0.993331
test_12160,0.999670
test_12161,0.999892
test_12162,0.999900
test_12163,0.060549
test_12164,0.997686
test_12165,0.020743
test_12166,0.997960
test_12167,1.000000
test_12168,0.001033
test_12169,0.997035
test_12170,0.000161
test_12171,0.000610
test_12172,0.996827
test_12173,0.999988
test_12174,0.272175
test_12175,0.999921
test_12176,0.034298
test_12177,0.003632
test_12178,0.167865
test_12179,0.023483
test_12180,1.000000
test_12181,1.000000
test_12182,0.505268
test_12183,0.999943
test_12184,0.000013
test_12185,0.999988
test_12186,0.742530
test_12187,0.000000
test_12188,0.000000
test_12189,0.578449
test_12190,1.000000
test_12191,0.999960
test_12192,0.006397
test_12193,0.016451
test_12194,0.000004
test_12195,0.000000
test_12196,0.000118
test_12197,0.844900
test_12198,0.125700
test_12199,0.000077
test_12200,0.956842
test_12201,0.000000
test_12202,0.260903
test_12203,0.998873
test_12204,0.000350
test_12205,0.000001
test_12206,0.001182
test_12207,0.000001
test_12208,0.999977
test_12209,0.999992
test_12210,0.000086
test_12211,0.000000
test_12212,0.999715
test_12213,0.000000
test_12214,0.999501
test_12215,0.999986
test_12216,0.824616
test_12217,0.004046
test_12218,0.000012
test_12219,0.039903
test_12220,0.010445
test_12221,0.661391
test_12222,0.002629
test_12223,0.000003
test_12224,0.607557
test_12225,0.000000
test_12226,0.000017
test_12227,0.045196
test_12228,0.999845
test_12229,0.000000
test_12230,0.318706
test_12231,0.531387
test_12232,0.135786
test_12233,0.000221
test_12234,0.956956
test_12235,0.046710
test_12236,0.000000
test_12237,0.999821
test_12238,0.902679
test_12239,0.998938
test_12240,0.086900
test_12241,0.070706
test_12242,0.000000
test_12243,0.979444
test_12244,0.000001
test_12245,0.850954
test_12246,0.999992
test_12247,0.000490
test_12248,0.013236
test_12249,0.012772
test_12250,0.394488
test_12251,0.000000
test_12252,0.000052
test_12253,0.248337
test_12254,0.943427
test_12255,0.032233
test_12256,0.005769
test_12257,0.015811
test_12258,0.000000
test_12259,0.998950
test_12260,0.999013
test_12261,1.000000
test_12262,0.361453
test_12263,0.832665
test_12264,0.032434
test_12265,0.000000
test_12266,0.063953
test_12267,0.009583
test_12268,0.003147
test_12269,1.000000
test_12270,0.004934
test_12271,0.027418
test_12272,0.999633
test_12273,0.000387
test_12274,0.603586
test_12275,0.117322
test_12276,0.109984
test_12277,0.845689
test_12278,0.000000
test_12279,0.982108
test_12280,0.998086
test_12281,0.508313
test_12282,0.000025
test_12283,0.741940
test_12284,0.003638
test_12285,0.149169
test_12286,0.014907
test_12287,0.999040
test_12288,0.999986
test_12289,0.000003
test_12290,0.029701
test_12291,0.999996
test_12292,0.950897
test_12293,0.954387
test_12294,0.900742
test_12295,0.982186
test_12296,1.000000
test_12297,0.000000
test_12298,0.196927
test_12299,0.515675
test_12300,0.017720
test_12301,0.998476
test_12302,0.000204
test_12303,0.001239
test_12304,0.996426
test_12305,0.000025
test_12306,0.957304
test_12307,0.557232
test_12308,0.063316
test_12309,0.997192
test_12310,0.002240
test_12311,0.838611
test_12312,0.829265
test_12313,0.000064
test_12314,0.962350
test_12315,0.000796
test_12316,0.000091
test_12317,0.000021
test_12318,0.000000
test_12319,0.936017
test_12320,0.999997
test_12321,0.999979
test_12322,0.000001
test_12323,0.343876
test_12324,0.000015
test_12325,0.996880
test_12326,1.000000
test_12327,0.999896
test_12328,0.000011
test_12329,0.326078
test_12330,0.999637
test_12331,0.000243
test_12332,0.817650
test_12333,0.000485
test_12334,0.000002
test_12335,0.610238
test_12336,0.026383
test_12337,0.015370
test_12338,0.219700
test_12339,0.993671
test_12340,0.554321
test_12341,0.000000
test_12342,0.000167
test_12343,0.000040
test_12344,0.594631
test_12345,0.999859
test_12346,0.997093
test_12347,0.999729
test_12348,0.713780
test_12349,0.781882
test_12350,0.003793
test_12351,0.000036
test_12352,0.995658
test_12353,0.990890
test_12354,0.001332
test_12355,0.000000
test_12356,0.920932
test_12357,0.996457
test_12358,0.000323
test_12359,0.999986
test_12360,0.064285
test_12361,0.999992
test_12362,0.998598
test_12363,0.004644
test_12364,0.000119
test_12365,0.999969
test_12366,0.089423
test_12367,0.030305
test_12368,0.999957
test_12369,0.959179
test_12370,0.000000
test_12371,0.999924
test_12372,0.999998
test_12373,0.999279
test_12374,0.000045
test_12375,0.999998
test_12376,0.005635
test_12377,0.000035
test_12378,0.017742
test_12379,0.012965
test_12380,0.000004
test_12381,0.094683
test_12382,0.023842
test_12383,0.000000
test_12384,0.999935
test_12385,0.026608
test_12386,0.733950
test_12387,0.999976
test_12388,0.014855
test_12389,0.027819
test_12390,0.999890
test_12391,0.999888
test_12392,0.000391
test_12393,0.001960
test_12394,0.332071
test_12395,0.999944
test_12396,0.982944
test_12397,0.000001
test_12398,0.054796
test_12399,0.000009
test_12400,1.000000
test_12401,0.000219
test_12402,0.002484
test_12403,0.993757
test_12404,0.000002
test_12405,0.009236
test_12406,0.320828
test_12407,0.988807
test_12408,0.999941
test_12409,0.992072
test_12410,0.000160
test_12411,0.999999
test_12412,0.999988
test_12413,0.330161
test_12414,0.000313
test_12415,0.538091
test_12416,0.960245
test_12417,0.999556
test_12418,0.999955
test_12419,0.643736
test_12420,0.998278
test_12421,0.000000
test_12422,1.000000
test_12423,0.006208
test_12424,0.002928
test_12425,0.631814
test_12426,0.999228
test_12427,0.332502
test_12428,0.997937
test_12429,0.999151
test_12430,0.999997
test_12431,0.998683
test_12432,0.999981
test_12433,0.046695
test_12434,0.978426
test_12435,0.000000
test_12436,0.002151
test_12437,0.001785
test_12438,0.000041
test_12439,0.000126
test_12440,0.976201
test_12441,1.000000
test_12442,0.996238
test_12443,0.002740
test_12444,0.000632
test_12445,0.999994
test_12446,0.530301
test_12447,0.000490
test_12448,0.000057
test_12449,0.999704
test_12450,0.999981
test_12451,0.999113
test_12452,0.348633
test_12453,0.995927
test_12454,0.997994
test_12455,0.197815
test_12456,0.001193
test_12457,0.000699
test_12458,0.994109
test_12459,0.936756
test_12460,0.000113
test_12461,0.999993
test_12462,0.026254
test_12463,0.705558
test_12464,0.006300
test_12465,1.000000
test_12466,0.000087
test_12467,0.999630
test_12468,0.544727
test_12469,0.675396
test_12470,0.998479
test_12471,0.968776
test_12472,0.000000
test_12473,0.999936
test_12474,0.000000
test_12475,0.607351
test_12476,0.971964
test_12477,0.000010
test_12478,1.000000
test_12479,0.000050
test_12480,0.000000
test_12481,0.000432
test_12482,0.992566
test_12483,0.000810
test_12484,1.000000
test_12485,0.058985
test_12486,0.000000
test_12487,0.845066
test_12488,0.005278
test_12489,0.999998
test_12490,0.309285
test_12491,0.011653
test_12492,0.434446
test_12493,0.990844
test_12494,0.999533
test_12495,0.000455
test_12496,0.726398
test_12497,0.000009
test_12498,0.575375
test_12499,0.121042
test_12500,0.999999
test_12501,0.999998
test_12502,0.000001
test_12503,0.999995
test_12504,0.999996
test_12505,0.216888
test_12506,0.996677
test_12507,0.827892
test_12508,0.999822
test_12509,0.070277
test_12510,0.999746
test_12511,0.399199
test_12512,0.012079
test_12513,0.017484
test_12514,0.999597
test_12515,0.066836
test_12516,0.999238
test_12517,0.000460
test_12518,0.000000
test_12519,0.000087
test_12520,0.003863
test_12521,0.000008
test_12522,0.000056
test_12523,0.003055
test_12524,0.997157
test_12525,0.000003
test_12526,1.000000
test_12527,0.000000
test_12528,0.001360
test_12529,0.000044
test_12530,0.972281
test_12531,0.088466
test_12532,0.030898
test_12533,0.999983
test_12534,0.999996
test_12535,0.418167
test_12536,0.000002
test_12537,0.977830
test_12538,0.999993
test_12539,0.000007
test_12540,0.180503
test_12541,0.451872
test_12542,0.000140
test_12543,0.052419
test_12544,0.005358
test_12545,1.000000
test_12546,0.000769
test_12547,0.000001
test_12548,0.886671
test_12549,0.982272
test_12550,0.500881
test_12551,0.416049
test_12552,0.999834
test_12553,0.998569
test_12554,0.001481
test_12555,1.000000
test_12556,0.030145
test_12557,0.924498
test_12558,0.000015
test_12559,0.999501
test_12560,1.000000
test_12561,0.999999
test_12562,0.000658
test_12563,0.977456
test_12564,0.083970
test_12565,0.000009
test_12566,1.000000
test_12567,0.000152
test_12568,0.002490
test_12569,0.591213
test_12570,0.991971
test_12571,0.000120
test_12572,0.993078
test_12573,0.007917
test_12574,0.225056
test_12575,0.000154
test_12576,0.702447
test_12577,0.098683
test_12578,0.000023
test_12579,0.992304
test_12580,0.066154
test_12581,0.926321
test_12582,0.000002
test_12583,0.999988
test_12584,0.775427
test_12585,0.978302
test_12586,0.002015
test_12587,0.001016
test_12588,0.000001
test_12589,0.000000
test_12590,0.439955
test_12591,0.994420
test_12592,0.000003
test_12593,0.000047
test_12594,0.165972
test_12595,0.999981
test_12596,0.000000
test_12597,0.928033
test_12598,0.019982
test_12599,0.001489
test_12600,0.997947
test_12601,0.585370
test_12602,0.015812
test_12603,0.999998
test_12604,0.000100
test_12605,0.009899
test_12606,0.998089
test_12607,0.000001
test_12608,0.831790
test_12609,0.990145
test_12610,0.056515
test_12611,0.000090
test_12612,0.006973
test_12613,0.747457
test_12614,0.982379
test_12615,0.999107
test_12616,0.181719
test_12617,0.000056
test_12618,0.005364
test_12619,0.999993
test_12620,0.741220
test_12621,0.006289
test_12622,0.000000
test_12623,0.618439
test_12624,0.999998
test_12625,0.000001
test_12626,0.000001
test_12627,0.000002
test_12628,0.000046
test_12629,0.999810
test_12630,0.007176
test_12631,1.000000
test_12632,0.380847
test_12633,0.097884
test_12634,0.000294
test_12635,0.027465
test_12636,0.998398
test_12637,0.688531
test_12638,0.000170
test_12639,0.951591
test_12640,0.369142
test_12641,0.000592
test_12642,0.725305
test_12643,1.000000
test_12644,0.000034
test_12645,0.999964
test_12646,0.999875
test_12647,0.000582
test_12648,0.000241
test_12649,0.001144
test_12650,0.999996
test_12651,0.999999
test_12652,0.000001
test_12653,0.999476
test_12654,0.000243
test_12655,0.999959
test_12656,0.552316
test_12657,0.992853
test_12658,0.988017
test_12659,0.000020
test_12660,0.050498
test_12661,1.000000
test_12662,0.962755
test_12663,0.003497
test_12664,0.000004
test_12665,0.999998
test_12666,0.000953
test_12667,0.999797
test_12668,0.020569
test_12669,0.001892
test_12670,0.999993
test_12671,0.992482
test_12672,0.000312
test_12673,0.107156
test_12674,0.959251
test_12675,0.000159
test_12676,0.999998
test_12677,0.952813
test_12678,0.080850
test_12679,0.999913
test_12680,0.860951
test_12681,0.127103
test_12682,0.991693
test_12683,0.000006
test_12684,0.913329
test_12685,0.000158
test_12686,0.994433
test_12687,0.994930
test_12688,0.999871
test_12689,0.818936
test_12690,0.030747
test_12691,0.978481
test_12692,0.825875
test_12693,0.986971
test_12694,0.003948
test_12695,0.000002
test_12696,0.109535
test_12697,0.000587
test_12698,0.983554
test_12699,0.007165
test_12700,0.002974
test_12701,0.877665
test_12702,0.000010
test_12703,0.003265
test_12704,1.000000
test_12705,0.997360
test_12706,0.000001
test_12707,0.946302
test_12708,1.000000
test_12709,0.999919
test_12710,0.066827
test_12711,0.513304
test_12712,0.999989
test_12713,0.059123
test_12714,0.018714
test_12715,0.072710
test_12716,0.000000
test_12717,0.017940
test_12718,0.004443
test_12719,0.780552
test_12720,0.997576
test_12721,0.999982
test_12722,0.955164
test_12723,0.000000
test_12724,0.000000
test_12725,0.783053
test_12726,0.965890
test_12727,0.117539
test_12728,0.861160
test_12729,0.805878
test_12730,0.001604
test_12731,1.000000
test_12732,0.185201
test_12733,0.974236
test_12734,0.999990
test_12735,0.999745
test_12736,0.955672
test_12737,0.999636
test_12738,0.170103
test_12739,0.999885
test_12740,0.000472
test_12741,0.000000
test_12742,0.002414
test_12743,0.006453
test_12744,0.000001
test_12745,0.116505
test_12746,0.530375
test_12747,0.907802
test_12748,0.403236
test_12749,0.052801
test_12750,0.000000
test_12751,0.173134
test_12752,0.999955
test_12753,0.000013
test_12754,0.000289
test_12755,0.774540
test_12756,0.999897
test_12757,0.759440
test_12758,0.001227
test_12759,0.000000
test_12760,0.792004
test_12761,0.370722
test_12762,0.003290
test_12763,0.697627
test_12764,0.000041
test_12765,0.997497
test_12766,0.000212
test_12767,0.000628
test_12768,0.999658
test_12769,0.999649
test_12770,0.000000
test_12771,0.000003
test_12772,0.265130
test_12773,0.999996
test_12774,0.001052
test_12775,0.999998
test_12776,0.000797
test_12777,0.000006
test_12778,0.999726
test_12779,0.093500
test_12780,1.000000
test_12781,0.999953
test_12782,0.000001
test_12783,0.999655
test_12784,0.250105
test_12785,0.997425
test_12786,0.703561
test_12787,0.999966
test_12788,0.016574
test_12789,0.954206
test_12790,0.021572
test_12791,0.000526
test_12792,0.000511
test_12793,0.999871
test_12794,0.337211
test_12795,0.999682
test_12796,1.000000
test_12797,1.000000
test_12798,0.994171
test_12799,0.000000
test_12800,0.155535
test_12801,0.031402
test_12802,0.000004
test_12803,0.999997
test_12804,1.000000
test_12805,0.002109
test_12806,0.172377
test_12807,0.999545
test_12808,0.000093
test_12809,0.998732
test_12810,0.000841
test_12811,0.501650
test_12812,0.779173
test_12813,0.902542
test_12814,0.097613
test_12815,0.001057
test_12816,0.122511
test_12817,0.000027
test_12818,0.000000
test_12819,0.000001
test_12820,0.999922
test_12821,0.001366
test_12822,0.721614
test_12823,0.999868
test_12824,0.000073
test_12825,0.158254
test_12826,0.313254
test_12827,0.096619
test_12828,0.480163
test_12829,0.995073
test_12830,0.000002
test_12831,0.001790
test_12832,0.998611
test_12833,0.013972
test_12834,0.999985
test_12835,0.977619
test_12836,0.936269
test_12837,1.000000
test_12838,0.999997
test_12839,0.000000
test_12840,0.000000
test_12841,0.000979
test_12842,0.000348
test_12843,0.999614
test_12844,0.857729
test_12845,0.000037
test_12846,0.000001
test_12847,0.941104
test_12848,0.999998
test_12849,0.000485
test_12850,0.951993
test_12851,0.000334
test_12852,0.005253
test_12853,0.786821
test_12854,0.086159
test_12855,0.238321
test_12856,1.000000
test_12857,0.725148
test_12858,0.000001
test_12859,0.999968
test_12860,0.976765
test_12861,0.026079
test_12862,0.000479
test_12863,0.000151
test_12864,0.000001
test_12865,0.999995
test_12866,0.791020
test_12867,0.996733
test_12868,0.967426
test_12869,0.000000
test_12870,0.999998
test_12871,0.953215
test_12872,0.992855
test_12873,0.456940
test_12874,0.999994
test_12875,0.000840
test_12876,0.000004
test_12877,0.000203
test_12878,0.998010
test_12879,0.920144
test_12880,0.000044
test_12881,0.000000
test_12882,1.000000
test_12883,0.000132
test_12884,0.438139
test_12885,0.000003
test_12886,0.864483
test_12887,0.019263
test_12888,0.000005
test_12889,0.000001
test_12890,0.999693
test_12891,0.000000
test_12892,0.000240
test_12893,0.999945
test_12894,0.000416
test_12895,0.999674
test_12896,0.999845
test_12897,0.999901
test_12898,0.059976
test_12899,0.000003
test_12900,0.999955
test_12901,0.982607
test_12902,0.999454
test_12903,0.621094
test_12904,0.121148
test_12905,0.999669
test_12906,0.000013
test_12907,0.296991
test_12908,0.999823
test_12909,0.999911
test_12910,0.004724
test_12911,0.998464
test_12912,0.999999
test_12913,0.000052
test_12914,0.000000
test_12915,0.999817
test_12916,1.000000
test_12917,0.999965
test_12918,0.001984
test_12919,0.470473
test_12920,0.999860
test_12921,0.000000
test_12922,0.005716
test_12923,0.969656
test_12924,0.999682
test_12925,0.963247
test_12926,0.999978
test_12927,0.058917
test_12928,0.001667
test_12929,0.999898
test_12930,0.999988
test_12931,0.000025
test_12932,0.000000
test_12933,0.999999
test_12934,0.933726
test_12935,0.003252
test_12936,0.909935
test_12937,0.946363
test_12938,0.063118
test_12939,1.000000
test_12940,0.999919
test_12941,0.027406
test_12942,0.109119
test_12943,0.018348
test_12944,0.997312
test_12945,0.000084
test_12946,1.000000
test_12947,0.997270
test_12948,0.007166
test_12949,0.000051
test_12950,0.979742
test_12951,0.020503
test_12952,0.040310
test_12953,0.999984
test_12954,0.000045
test_12955,0.079689
test_12956,0.999859
test_12957,0.933384
test_12958,0.000000
test_12959,0.347698
test_12960,0.221840
test_12961,0.002487
test_12962,0.134248
test_12963,0.999991
test_12964,0.019572
test_12965,0.974168
test_12966,0.848434
test_12967,0.000069
test_12968,0.044289
test_12969,0.050549
test_12970,0.514562
test_12971,0.000000
test_12972,0.001640
test_12973,0.000000
test_12974,0.000461
test_12975,0.092212
test_12976,0.075807
test_12977,0.000079
test_12978,0.803567
test_12979,0.012566
test_12980,0.000010
test_12981,0.999563
test_12982,0.998073
test_12983,0.003524
test_12984,0.145124
test_12985,0.607791
test_12986,0.996268
test_12987,0.999052
test_12988,0.028157
test_12989,0.542106
test_12990,0.993931
test_12991,0.209940
test_12992,0.003143
test_12993,0.999999
test_12994,0.001568
test_12995,0.862199
test_12996,0.960251
test_12997,0.000247
test_12998,0.999991
test_12999,0.747610
test_13000,0.675900
test_13001,0.999997
test_13002,0.000000
test_13003,1.000000
test_13004,0.044033
test_13005,0.689254
test_13006,0.001234
test_13007,0.001113
test_13008,0.122260
test_13009,0.997630
test_13010,0.029370
test_13011,0.351209
test_13012,0.095359
test_13013,0.999911
test_13014,0.008030
test_13015,0.999999
test_13016,0.000010
test_13017,0.976509
test_13018,0.000002
test_13019,0.873213
test_13020,0.049999
test_13021,0.555372
test_13022,0.019420
test_13023,0.083840
test_13024,0.998529
test_13025,0.999891
test_13026,1.000000
test_13027,0.996889
test_13028,0.000586
test_13029,0.763521
test_13030,0.067726
test_13031,0.999993
test_13032,0.782453
test_13033,0.002945
test_13034,0.999809
test_13035,0.001079
test_13036,0.461207
test_13037,1.000000
test_13038,0.841752
test_13039,1.000000
test_13040,0.967169
test_13041,0.178413
test_13042,0.997933
test_13043,0.994946
test_13044,0.986691
test_13045,0.007092
test_13046,0.995783
test_13047,0.001874
test_13048,0.000011
test_13049,0.999996
test_13050,0.000000
test_13051,0.000350
test_13052,0.973668
test_13053,0.998592
test_13054,0.000080
test_13055,0.008006
test_13056,1.000000
test_13057,0.003581
test_13058,0.000001
test_13059,0.999540
test_13060,0.999008
test_13061,0.999987
test_13062,0.999985
test_13063,0.006265
test_13064,0.000002
test_13065,0.998936
test_13066,0.663784
test_13067,0.028739
test_13068,0.899410
test_13069,0.999994
test_13070,0.874297
test_13071,0.006474
test_13072,0.040758
test_13073,0.504009
test_13074,0.999969
test_13075,0.852081
test_13076,0.056179
test_13077,0.182486
test_13078,0.999795
test_13079,0.998854
test_13080,0.000002
test_13081,0.002271
test_13082,0.999180
test_13083,0.863539
test_13084,0.999976
test_13085,0.999581
test_13086,0.997123
test_13087,0.000000
test_13088,0.995196
test_13089,0.112586
test_13090,0.015240
test_13091,0.015844
test_13092,0.999985
test_13093,0.000030
test_13094,0.995945
test_13095,0.999933
test_13096,0.000000
test_13097,0.026616
test_13098,0.000007
test_13099,0.000683
test_13100,0.050917
test_13101,0.000013
test_13102,0.009941
test_13103,0.000227
test_13104,0.000000
test_13105,0.994714
test_13106,0.210735
test_13107,0.674885
test_13108,0.999968
test_13109,0.000000
test_13110,0.999999
test_13111,0.846865
test_13112,0.999869
test_13113,0.037760
test_13114,0.000902
test_13115,0.708008
test_13116,0.796444
test_13117,0.000003
test_13118,0.016700
test_13119,0.000339
test_13120,0.000003
test_13121,0.567942
test_13122,0.000058
test_13123,0.002860
test_13124,0.995915
test_13125,0.999994
test_13126,0.023472
test_13127,0.999878
test_13128,0.751801
test_13129,0.061899
test_13130,0.951915
test_13131,0.025599
test_13132,0.999708
test_13133,0.000015
test_13134,0.000000
test_13135,0.000000
test_13136,0.006615
test_13137,0.999660
test_13138,0.904283
test_13139,0.270271
test_13140,0.048804
test_13141,0.999932
test_13142,0.000077
test_13143,0.999999
test_13144,0.000033
test_13145,0.687454
test_13146,0.999998
test_13147,0.998486
test_13148,0.000974
test_13149,0.279176
test_13150,0.092055
test_13151,0.999980
test_13152,0.000043
test_13153,1.000000
test_13154,0.314835
test_13155,1.000000
test_13156,0.000154
test_13157,0.998699
test_13158,0.997419
test_13159,0.976837
test_13160,0.230444
test_13161,0.117389
test_13162,0.999795
test_13163,0.999993
test_13164,0.000000
test_13165,0.653888
test_13166,0.323996
test_13167,0.000001
test_13168,0.099053
test_13169,0.000491
test_13170,0.337559
test_13171,0.196333
test_13172,0.999898
test_13173,0.000000
test_13174,0.999946
test_13175,0.000000
test_13176,0.001985
test_13177,0.266208
test_13178,0.000111
test_13179,0.000569
test_13180,0.941001
test_13181,0.000215
test_13182,0.989454
test_13183,1.000000
test_13184,0.016821
test_13185,1.000000
test_13186,0.783500
test_13187,0.999511
test_13188,0.000067
test_13189,0.002313
test_13190,0.015797
test_13191,0.000111
test_13192,0.999988
test_13193,0.124599
test_13194,1.000000
test_13195,0.000048
test_13196,0.999980
test_13197,0.000847
test_13198,0.040480
test_13199,0.999961
test_13200,0.020580
test_13201,0.001017
test_13202,0.831405
test_13203,0.999951
test_13204,0.069085
test_13205,0.047140
test_13206,0.000034
test_13207,0.444064
test_13208,0.003718
test_13209,0.001030
test_13210,0.999905
test_13211,0.999886
test_13212,0.999946
test_13213,0.000036
test_13214,0.000005
test_13215,0.022377
test_13216,0.992999
test_13217,1.000000
test_13218,0.999998
test_13219,0.001166
test_13220,0.999943
test_13221,0.000340
test_13222,0.999807
test_13223,0.022114
test_13224,0.999999
test_13225,0.008156
test_13226,0.994761
test_13227,0.999933
test_13228,0.080086
test_13229,0.005713
test_13230,0.028659
test_13231,0.993004
test_13232,0.999748
test_13233,0.000005
test_13234,1.000000
test_13235,0.000003
test_13236,0.419024
test_13237,0.000812
test_13238,1.000000
test_13239,0.276688
test_13240,0.000597
test_13241,0.000045
test_13242,0.001036
test_13243,0.998502
test_13244,0.999967
test_13245,0.286596
test_13246,0.999728
test_13247,0.999885
test_13248,0.972689
test_13249,0.138235
test_13250,0.999992
test_13251,0.017864
test_13252,0.000001
test_13253,0.000678
test_13254,0.001193
test_13255,0.785514
test_13256,0.000000
test_13257,0.000000
test_13258,0.962121
test_13259,1.000000
test_13260,0.032116
test_13261,0.000001
test_13262,0.000193
test_13263,0.000066
test_13264,0.398878
test_13265,0.999999
test_13266,0.999971
test_13267,0.658179
test_13268,0.035009
test_13269,0.000059
test_13270,0.002831
test_13271,0.000001
test_13272,0.000001
test_13273,0.995616
test_13274,0.000495
test_13275,0.000004
test_13276,0.133213
test_13277,0.006923
test_13278,0.016817
test_13279,0.004132
test_13280,0.002249
test_13281,0.999906
test_13282,0.000040
test_13283,0.815263
test_13284,0.954130
test_13285,0.000402
test_13286,0.999823
test_13287,0.000000
test_13288,0.999381
test_13289,0.000062
test_13290,0.999871
test_13291,0.999967
test_13292,1.000000
test_13293,0.994209
test_13294,0.881126
test_13295,1.000000
test_13296,0.999934
test_13297,0.000002
test_13298,0.995406
test_13299,0.999602
test_13300,0.546116
test_13301,0.952238
test_13302,0.999974
test_13303,0.001030
test_13304,0.957435
test_13305,0.001596
test_13306,0.006153
test_13307,0.012037
test_13308,0.999853
test_13309,0.999993
test_13310,1.000000
test_13311,0.294330
test_13312,0.079390
test_13313,0.448094
test_13314,0.997874
test_13315,1.000000
test_13316,0.083467
test_13317,1.000000
test_13318,0.018479
test_13319,0.968672
test_13320,0.001614
test_13321,0.997053
test_13322,0.000027
test_13323,0.918992
test_13324,0.001867
test_13325,0.000000
test_13326,0.003154
test_13327,0.999941
test_13328,0.000001
test_13329,0.000000
test_13330,0.000036
test_13331,0.670345
test_13332,0.000037
test_13333,0.999916
test_13334,0.007042
test_13335,0.000143
test_13336,0.019480
test_13337,0.999998
test_13338,0.555675
test_13339,0.968359
test_13340,0.489290
test_13341,0.999993
test_13342,0.020440
test_13343,0.998299
test_13344,0.999998
test_13345,0.908898
test_13346,0.999896
test_13347,0.000044
test_13348,0.056010
test_13349,0.000000
test_13350,0.016251
test_13351,0.903120
test_13352,0.000036
test_13353,0.000897
test_13354,0.989056
test_13355,0.521154
test_13356,0.979933
test_13357,0.000100
test_13358,0.999996
test_13359,0.919687
test_13360,0.999993
test_13361,0.001562
test_13362,0.982415
test_13363,0.000481
test_13364,0.999920
test_13365,0.991593
test_13366,1.000000
test_13367,1.000000
test_13368,0.868891
test_13369,0.015494
test_13370,0.523067
test_13371,0.999983
test_13372,0.999917
test_13373,0.511036
test_13374,0.958266
test_13375,0.999720
test_13376,1.000000
test_13377,0.999981
test_13378,0.000022
test_13379,0.000092
test_13380,0.868458
test_13381,0.000058
test_13382,0.994720
test_13383,1.000000
test_13384,0.973488
test_13385,0.152476
test_13386,0.000688
test_13387,0.000000
test_13388,0.000000
test_13389,0.000000
test_13390,0.000209
test_13391,1.000000
test_13392,0.000373
test_13393,0.554742
test_13394,0.980716
test_13395,0.999986
test_13396,0.774167
test_13397,0.938004
test_13398,0.149068
test_13399,0.993409
test_13400,0.999998
test_13401,0.002433
test_13402,0.951222
test_13403,0.902741
test_13404,0.994901
test_13405,1.000000
test_13406,0.994478
test_13407,0.000018
test_13408,0.003956
test_13409,0.810644
test_13410,0.029476
test_13411,0.999917
test_13412,0.994124
test_13413,0.027034
test_13414,0.040253
test_13415,0.998628
test_13416,1.000000
test_13417,0.000047
test_13418,0.011714
test_13419,0.989931
test_13420,1.000000
test_13421,0.000281
test_13422,0.000004
test_13423,0.920572
test_13424,0.686704
test_13425,0.005014
test_13426,0.000000
test_13427,0.999999
test_13428,0.999904
test_13429,0.393348
test_13430,0.011222
test_13431,1.000000
test_13432,0.041434
test_13433,0.001830
test_13434,0.999997
test_13435,0.068193
test_13436,0.001062
test_13437,0.000000
test_13438,0.998535
test_13439,0.999781
test_13440,0.980918
test_13441,0.930051
test_13442,0.999991
test_13443,0.790026
test_13444,0.999809
test_13445,0.999999
test_13446,0.000000
test_13447,0.398166
test_13448,0.000069
test_13449,0.000000
test_13450,0.892490
test_13451,0.000049
test_13452,0.953690
test_13453,0.998502
test_13454,0.000000
test_13455,0.035494
test_13456,0.999998
test_13457,0.758808
test_13458,0.911713
test_13459,0.999259
test_13460,0.027222
test_13461,0.000031
test_13462,0.986153
test_13463,0.000381
test_13464,0.000013
test_13465,0.017852
test_13466,0.805794
test_13467,0.000003
test_13468,0.003095
test_13469,0.999751
test_13470,0.138100
test_13471,1.000000
test_13472,0.999334
test_13473,1.000000
test_13474,0.851970
test_13475,0.999794
test_13476,0.021665
test_13477,0.983823
test_13478,0.999792
test_13479,0.999946
test_13480,1.000000
test_13481,0.999870
test_13482,0.533471
test_13483,0.993254
test_13484,0.176780
test_13485,0.998570
test_13486,0.160998
test_13487,0.037855
test_13488,0.000017
test_13489,0.994466
test_13490,0.000000
test_13491,0.000228
test_13492,0.999992
test_13493,0.976325
test_13494,0.000000
test_13495,0.002175
test_13496,0.993984
test_13497,0.000000
test_13498,0.083971
test_13499,0.027672
test_13500,0.875607
test_13501,0.000107
test_13502,0.160735
test_13503,0.226786
test_13504,0.000013
test_13505,0.146667
test_13506,0.686204
test_13507,0.000011
test_13508,1.000000
test_13509,0.000357
test_13510,0.228840
test_13511,0.486050
test_13512,0.999768
test_13513,0.002083
test_13514,0.011119
test_13515,0.001281
test_13516,0.006514
test_13517,0.045989
test_13518,0.000829
test_13519,0.726204
test_13520,0.760302
test_13521,1.000000
test_13522,0.002028
test_13523,0.999992
test_13524,0.998943
test_13525,0.995110
test_13526,0.000072
test_13527,0.997415
test_13528,0.397229
test_13529,0.999986
test_13530,1.000000
test_13531,0.000009
test_13532,0.000010
test_13533,0.987131
test_13534,0.030080
test_13535,1.000000
test_13536,0.028708
test_13537,0.000000
test_13538,0.000118
test_13539,0.011498
test_13540,0.985682
test_13541,0.996071
test_13542,0.000799
test_13543,0.070806
test_13544,1.000000
test_13545,0.992068
test_13546,0.983685
test_13547,0.000423
test_13548,0.822439
test_13549,0.054276
test_13550,0.003649
test_13551,0.444481
test_13552,0.000007
test_13553,0.590298
test_13554,0.999325
test_13555,0.000009
test_13556,0.799039
test_13557,0.999969
test_13558,0.000043
test_13559,0.000022
test_13560,0.006675
test_13561,0.000017
test_13562,0.144993
test_13563,0.999565
test_13564,0.718330
test_13565,0.999994
test_13566,0.884570
test_13567,0.990519
test_13568,0.889948
test_13569,0.998502
test_13570,0.908900
test_13571,0.488300
test_13572,0.990197
test_13573,0.999879
test_13574,0.290057
test_13575,0.999828
test_13576,0.000183
test_13577,0.019947
test_13578,0.994908
test_13579,0.054908
test_13580,0.005106
test_13581,0.990579
test_13582,0.999551
test_13583,0.000000
test_13584,1.000000
test_13585,1.000000
test_13586,0.999999
test_13587,0.001110
test_13588,0.999881
test_13589,0.999999
test_13590,0.004709
test_13591,0.001180
test_13592,0.771597
test_13593,0.999990
test_13594,0.000656
test_13595,0.000001
test_13596,0.000000
test_13597,0.000009
test_13598,0.000000
test_13599,0.932712
test_13600,0.000363
test_13601,0.901545
test_13602,0.998939
test_13603,0.999845
test_13604,1.000000
test_13605,0.229709
test_13606,0.999976
test_13607,0.017347
test_13608,0.000000
test_13609,0.996636
test_13610,0.999809
test_13611,0.967801
test_13612,0.999811
test_13613,0.907512
test_13614,0.999994
test_13615,0.721708
test_13616,0.000759
test_13617,0.999392
test_13618,0.000000
test_13619,0.998893
test_13620,0.013771
test_13621,0.880113
test_13622,0.999938
test_13623,0.000012
test_13624,0.226275
test_13625,0.940913
test_13626,0.109987
test_13627,0.000000
test_13628,0.107211
test_13629,0.000368
test_13630,0.000150
test_13631,0.002406
test_13632,0.999970
test_13633,0.010653
test_13634,0.958483
test_13635,0.996086
test_13636,0.999981
test_13637,0.728543
test_13638,0.999996
test_13639,0.999914
test_13640,0.533648
test_13641,0.983156
test_13642,0.051084
test_13643,0.000447
test_13644,0.000000
test_13645,1.000000
test_13646,0.997958
test_13647,0.890141
test_13648,0.465893
test_13649,0.005171
test_13650,0.000001
test_13651,0.519715
test_13652,0.003304
test_13653,0.997640
test_13654,0.000592
test_13655,0.000000
test_13656,0.000273
test_13657,0.005548
test_13658,0.689107
test_13659,0.999267
test_13660,0.000004
test_13661,0.422331
test_13662,0.942184
test_13663,0.000000
test_13664,1.000000
test_13665,0.000184
test_13666,0.999934
test_13667,0.000000
test_13668,0.000000
test_13669,0.844660
test_13670,0.004137
test_13671,0.039363
test_13672,0.000000
test_13673,0.000007
test_13674,0.570077
test_13675,0.414669
test_13676,0.303214
test_13677,0.000507
test_13678,0.000000
test_13679,0.000393
test_13680,0.016677
test_13681,0.999999
test_13682,0.978576
test_13683,0.999891
test_13684,0.005362
test_13685,0.950727
test_13686,0.000048
test_13687,0.999970
test_13688,0.997818
test_13689,0.999166
test_13690,0.064122
test_13691,0.999992
test_13692,0.584647
test_13693,0.001225
test_13694,0.005405
test_13695,0.999881
test_13696,0.998641
test_13697,0.201643
test_13698,0.999652
test_13699,0.998701
test_13700,1.000000
test_13701,0.000010
test_13702,0.999827
test_13703,0.021813
test_13704,0.000230
test_13705,0.944956
test_13706,0.000432
test_13707,0.000020
test_13708,0.003311
test_13709,0.861549
test_13710,0.803173
test_13711,0.063421
test_13712,0.868092
test_13713,0.905078
test_13714,0.000447
test_13715,0.124448
test_13716,0.131709
test_13717,0.999898
test_13718,0.852481
test_13719,0.703258
test_13720,0.029941
test_13721,0.937971
test_13722,0.757679
test_13723,0.001346
test_13724,0.000616
test_13725,0.999927
test_13726,0.000016
test_13727,0.996895
test_13728,0.000000
test_13729,0.999998
test_13730,0.000197
test_13731,0.000000
test_13732,1.000000
test_13733,0.421364
test_13734,0.004244
test_13735,0.999846
test_13736,0.999839
test_13737,0.000000
test_13738,0.986331
test_13739,0.999953
test_13740,0.091413
test_13741,0.100239
test_13742,0.000585
test_13743,0.010855
test_13744,0.416725
test_13745,0.124147
test_13746,0.455547
test_13747,0.000007
test_13748,0.000000
test_13749,0.045396
test_13750,0.000097
test_13751,0.999422
test_13752,0.022746
test_13753,0.998990
test_13754,0.955711
test_13755,0.029249
test_13756,0.999999
test_13757,0.665710
test_13758,0.000650
test_13759,0.596350
test_13760,0.000000
test_13761,0.000000
test_13762,0.000003
test_13763,1.000000
test_13764,0.999962
test_13765,0.999995
test_13766,0.000261
test_13767,0.052493
test_13768,1.000000
test_13769,0.998965
test_13770,0.127705
test_13771,0.176247
test_13772,0.000023
test_13773,0.875332
test_13774,0.001723
test_13775,0.000314
test_13776,0.995607
test_13777,0.958480
test_13778,0.999998
test_13779,0.315553
test_13780,0.999841
test_13781,0.001120
test_13782,1.000000
test_13783,0.467076
test_13784,0.000886
test_13785,0.999979
test_13786,0.014030
test_13787,0.999869
test_13788,0.053315
test_13789,0.425966
test_13790,0.191208
test_13791,0.000746
test_13792,0.999952
test_13793,0.017001
test_13794,0.001777
test_13795,0.000087
test_13796,0.999997
test_13797,0.999287
test_13798,0.001439
test_13799,0.002926
test_13800,1.000000
test_13801,0.953889
test_13802,0.001754
test_13803,0.000010
test_13804,0.000552
test_13805,0.024589
test_13806,0.116951
test_13807,0.000007
test_13808,0.999975
test_13809,0.022395
test_13810,1.000000
test_13811,0.097287
test_13812,0.985252
test_13813,0.964879
test_13814,0.000010
test_13815,0.921565
test_13816,0.999998
test_13817,0.851321
test_13818,0.001201
test_13819,0.976991
test_13820,0.255599
test_13821,0.018730
test_13822,0.001706
test_13823,1.000000
test_13824,0.000252
test_13825,0.000012
test_13826,0.997852
test_13827,0.999889
test_13828,0.977917
test_13829,1.000000
test_13830,0.000164
test_13831,0.001749
test_13832,0.998584
test_13833,0.928149
test_13834,0.004789
test_13835,0.999966
test_13836,0.996575
test_13837,0.011018
test_13838,0.086940
test_13839,0.999997
test_13840,0.996819
test_13841,0.000033
test_13842,0.999148
test_13843,0.001918
test_13844,0.015508
test_13845,0.954651
test_13846,0.967899
test_13847,0.000025
test_13848,1.000000
test_13849,0.005857
test_13850,0.992007
test_13851,0.950211
test_13852,0.000072
test_13853,0.994154
test_13854,0.917343
test_13855,0.012785
test_13856,0.000000
test_13857,0.999973
test_13858,0.896408
test_13859,0.999851
test_13860,0.002144
test_13861,0.999842
test_13862,0.998565
test_13863,0.999668
test_13864,0.278817
test_13865,0.999998
test_13866,0.000003
test_13867,0.005010
test_13868,0.000273
test_13869,0.951633
test_13870,0.355032
test_13871,0.000174
test_13872,0.004053
test_13873,0.913765
test_13874,1.000000
test_13875,0.000505
test_13876,0.999999
test_13877,0.006004
test_13878,0.997819
test_13879,0.007200
test_13880,0.999945
test_13881,0.999998
test_13882,0.000000
test_13883,0.999823
test_13884,0.000001
test_13885,0.000187
test_13886,0.003203
test_13887,0.373991
test_13888,0.956319
test_13889,0.443757
test_13890,0.196635
test_13891,0.971781
test_13892,0.999185
test_13893,0.008690
test_13894,0.000042
test_13895,0.000216
test_13896,0.999232
test_13897,0.000023
test_13898,0.999030
test_13899,0.997734
test_13900,0.995834
test_13901,0.000020
test_13902,0.005708
test_13903,0.999328
test_13904,0.999793
test_13905,0.034863
test_13906,0.999601
test_13907,1.000000
test_13908,0.000000
test_13909,0.948072
test_13910,1.000000
test_13911,0.065990
test_13912,0.994516
test_13913,0.000000
test_13914,0.105764
test_13915,0.000198
test_13916,0.985270
test_13917,0.001398
test_13918,0.004057
test_13919,0.999983
test_13920,0.026726
test_13921,1.000000
test_13922,0.993656
test_13923,1.000000
test_13924,0.999262
test_13925,0.996467
test_13926,0.950324
test_13927,0.000028
test_13928,0.998402
test_13929,0.786673
test_13930,1.000000
test_13931,0.950666
test_13932,0.997828
test_13933,0.167966
test_13934,0.059934
test_13935,0.000055
test_13936,0.997299
test_13937,0.894589
test_13938,0.983020
test_13939,1.000000
test_13940,0.999897
test_13941,0.000037
test_13942,0.000022
test_13943,0.894826
test_13944,1.000000
test_13945,0.000104
test_13946,0.073396
test_13947,0.998810
test_13948,0.000122
test_13949,0.000003
test_13950,0.000003
test_13951,0.000352
test_13952,0.812503
test_13953,0.981143
test_13954,0.995376
test_13955,0.999781
test_13956,0.996884
test_13957,0.005686
test_13958,0.999999
test_13959,0.000045
test_13960,0.992891
test_13961,1.000000
test_13962,0.951489
test_13963,0.998571
test_13964,0.865991
test_13965,0.488824
test_13966,0.000001
test_13967,0.996848
test_13968,0.409349
test_13969,0.128846
test_13970,0.065267
test_13971,0.552116
test_13972,0.000001
test_13973,1.000000
test_13974,0.829151
test_13975,0.999995
test_13976,0.876681
test_13977,0.996528
test_13978,0.975602
test_13979,0.000042
test_13980,0.005443
test_13981,0.262958
test_13982,0.435678
test_13983,0.994989
test_13984,0.764405
test_13985,1.000000
test_13986,0.999620
test_13987,0.004669
test_13988,0.999779
test_13989,0.976684
test_13990,0.962362
test_13991,0.045505
test_13992,0.999777
test_13993,0.000001
test_13994,0.005290
test_13995,0.986204
test_13996,0.994841
test_13997,0.006589
test_13998,0.002773
test_13999,0.999998
test_14000,0.000000
test_14001,0.000388
test_14002,0.000000
test_14003,0.429097
test_14004,0.999735
test_14005,0.000345
test_14006,1.000000
test_14007,0.999936
test_14008,0.998991
test_14009,0.999478
test_14010,0.000000
test_14011,0.999938
test_14012,1.000000
test_14013,0.999996
test_14014,0.000019
test_14015,0.986052
test_14016,1.000000
test_14017,0.000000
test_14018,0.073819
test_14019,0.992855
test_14020,0.186102
test_14021,0.172605
test_14022,0.999834
test_14023,0.000001
test_14024,0.000005
test_14025,0.998294
test_14026,0.000751
test_14027,0.000000
test_14028,0.911840
test_14029,0.002432
test_14030,0.989534
test_14031,0.961617
test_14032,0.000001
test_14033,0.000001
test_14034,0.000035
test_14035,0.306044
test_14036,0.000003
test_14037,0.088723
test_14038,0.000052
test_14039,0.992852
test_14040,0.193985
test_14041,0.000082
test_14042,1.000000
test_14043,0.828325
test_14044,0.877741
test_14045,0.000022
test_14046,0.809816
test_14047,0.994853
test_14048,0.000015
test_14049,0.005920
test_14050,0.130511
test_14051,0.022265
test_14052,0.993257
test_14053,0.999999
test_14054,0.999530
test_14055,0.000993
test_14056,0.000000
test_14057,0.955651
test_14058,0.979085
test_14059,0.837158
test_14060,0.000653
test_14061,0.892270
test_14062,0.005181
test_14063,0.000000
test_14064,0.999178
test_14065,1.000000
test_14066,0.002175
test_14067,0.075508
test_14068,1.000000
test_14069,0.000005
test_14070,0.013822
test_14071,0.000399
test_14072,0.001332
test_14073,0.506172
test_14074,0.999998
test_14075,0.041375
test_14076,0.002790
test_14077,1.000000
test_14078,0.999602
test_14079,0.999875
test_14080,0.480301
test_14081,0.994220
test_14082,0.024018
test_14083,0.026716
test_14084,0.966284
test_14085,0.999948
test_14086,0.081216
test_14087,1.000000
test_14088,0.999997
test_14089,0.116329
test_14090,0.198468
test_14091,0.000025
test_14092,0.817185
test_14093,0.339917
test_14094,0.999786
test_14095,0.999220
test_14096,0.999967
test_14097,0.989434
test_14098,0.925467
test_14099,0.026792
test_14100,0.127457
test_14101,0.999999
test_14102,0.068726
test_14103,0.002177
test_14104,0.987553
test_14105,0.016548
test_14106,0.998519
test_14107,0.004792
test_14108,0.000002
test_14109,0.000013
test_14110,0.004248
test_14111,1.000000
test_14112,0.002798
test_14113,0.002996
test_14114,0.004288
test_14115,0.000088
test_14116,0.998968
test_14117,0.996933
test_14118,0.020392
test_14119,0.999313
test_14120,0.000000
test_14121,0.000000
test_14122,0.960949
test_14123,0.581583
test_14124,0.000036
test_14125,0.998200
test_14126,0.999035
test_14127,0.619200
test_14128,0.000000
test_14129,0.890567
test_14130,0.008351
test_14131,0.007011
test_14132,0.992039
test_14133,0.121156
test_14134,0.000011
test_14135,0.681801
test_14136,0.300347
test_14137,0.000039
test_14138,0.035200
test_14139,0.245313
test_14140,0.999653
test_14141,0.419564
test_14142,0.000000
test_14143,0.000113
test_14144,0.015342
test_14145,0.370264
test_14146,0.918991
test_14147,0.999994
test_14148,0.000000
test_14149,0.989375
test_14150,0.025419
test_14151,0.918083
test_14152,0.996674
test_14153,0.000000
test_14154,0.998064
test_14155,0.329337
test_14156,0.000325
test_14157,0.000085
test_14158,0.978041
test_14159,0.000421
test_14160,0.000004
test_14161,0.000947
test_14162,0.999997
test_14163,0.999999
test_14164,0.087875
test_14165,0.999943
test_14166,0.000035
test_14167,0.989481
test_14168,0.000001
test_14169,0.000000
test_14170,1.000000
test_14171,0.934303
test_14172,0.002387
test_14173,0.000268
test_14174,0.817923
test_14175,1.000000
test_14176,0.088442
test_14177,0.000001
test_14178,0.000094
test_14179,0.998525
test_14180,0.071964
test_14181,0.157605
test_14182,0.000042
test_14183,0.932962
test_14184,0.552320
test_14185,1.000000
test_14186,0.000000
test_14187,0.000001
test_14188,0.026463
test_14189,0.000001
test_14190,0.999996
test_14191,1.000000
test_14192,0.999996
test_14193,0.000000
test_14194,0.020522
test_14195,0.999438
test_14196,1.000000
test_14197,0.949991
test_14198,0.945402
test_14199,0.000232
test_14200,0.010559
test_14201,0.000000
test_14202,0.100444
test_14203,0.456027
test_14204,0.211894
test_14205,0.509384
test_14206,0.624759
test_14207,0.001015
test_14208,0.999921
test_14209,0.133188
test_14210,1.000000
test_14211,0.018887
test_14212,0.999979
test_14213,0.001724
test_14214,0.978539
test_14215,0.975326
test_14216,0.045943
test_14217,0.000017
test_14218,0.001082
test_14219,0.185897
test_14220,0.000000
test_14221,0.999997
test_14222,0.000083
test_14223,0.000680
test_14224,0.147318
test_14225,0.999996
test_14226,0.014328
test_14227,0.995211
test_14228,0.003418
test_14229,0.999997
test_14230,0.999997
test_14231,0.102076
test_14232,0.000002
test_14233,0.999999
test_14234,0.002222
test_14235,0.000000
test_14236,0.000006
test_14237,1.000000
test_14238,0.062800
test_14239,0.737457
test_14240,0.000001
test_14241,0.996519
test_14242,0.000034
test_14243,0.994911
test_14244,0.883364
test_14245,0.994899
test_14246,0.997453
test_14247,0.581125
test_14248,0.999146
test_14249,0.174978
test_14250,0.999981
test_14251,0.999934
test_14252,0.826821
test_14253,0.999996
test_14254,0.999623
test_14255,0.016465
test_14256,0.000210
test_14257,0.999202
test_14258,0.000815
test_14259,1.000000
test_14260,0.000002
test_14261,0.001791
test_14262,0.999410
test_14263,0.010118
test_14264,0.999988
test_14265,0.000004
test_14266,0.000085
test_14267,0.515239
test_14268,0.000000
test_14269,0.083290
test_14270,0.083961
test_14271,0.000029
test_14272,0.929674
test_14273,0.013920
test_14274,1.000000
test_14275,0.000017
test_14276,0.000112
test_14277,0.000003
test_14278,0.990471
test_14279,1.000000
test_14280,0.883450
test_14281,0.997257
test_14282,0.000566
test_14283,0.000000
test_14284,0.999993
test_14285,0.254074
test_14286,0.994449
test_14287,0.006823
test_14288,0.850555
test_14289,1.000000
test_14290,0.034307
test_14291,0.999999
test_14292,0.073876
test_14293,0.999332
test_14294,0.000006
test_14295,0.999999
test_14296,1.000000
test_14297,0.995990
test_14298,1.000000
test_14299,0.973781
test_14300,0.010317
test_14301,0.000007
test_14302,0.000009
test_14303,0.999989
test_14304,0.125921
test_14305,0.027686
test_14306,0.572437
test_14307,0.999999
test_14308,0.999964
test_14309,0.000146
test_14310,0.000003
test_14311,0.999993
test_14312,0.745376
test_14313,0.962902
test_14314,0.967000
test_14315,0.000000
test_14316,0.000002
test_14317,0.513378
test_14318,0.000003
test_14319,1.000000
test_14320,0.000253
test_14321,1.000000
test_14322,0.958714
test_14323,0.004434
test_14324,0.999907
test_14325,0.067572
test_14326,0.001513
test_14327,0.000000
test_14328,0.996387
test_14329,0.000610
test_14330,0.011737
test_14331,0.634279
test_14332,0.915597
test_14333,0.016541
test_14334,0.999605
test_14335,0.999969
test_14336,0.999864
test_14337,0.000058
test_14338,0.000001
test_14339,0.999920
test_14340,0.764684
test_14341,0.999944
test_14342,0.016502
test_14343,0.995415
test_14344,0.000089
test_14345,0.000002
test_14346,0.881717
test_14347,0.999999
test_14348,0.000282
test_14349,0.991174
test_14350,0.112649
test_14351,0.000000
test_14352,0.000208
test_14353,0.999939
test_14354,0.000350
test_14355,0.846310
test_14356,0.857745
test_14357,0.060497
test_14358,0.993400
test_14359,0.999404
test_14360,0.999203
test_14361,0.000000
test_14362,0.999584
test_14363,0.000394
test_14364,0.998419
test_14365,0.043371
test_14366,0.996971
test_14367,0.999878
test_14368,0.996601
test_14369,0.975849
test_14370,0.999998
test_14371,0.909036
test_14372,0.000472
test_14373,0.074164
test_14374,0.769219
test_14375,0.667961
test_14376,0.005143
test_14377,0.000443
test_14378,0.991612
test_14379,0.000000
test_14380,0.995637
test_14381,0.530956
test_14382,0.014956
test_14383,0.995767
test_14384,0.019633
test_14385,0.001529
test_14386,0.514644
test_14387,0.669565
test_14388,0.000031
test_14389,0.023038
test_14390,0.999982
test_14391,0.966919
test_14392,1.000000
test_14393,0.027021
test_14394,0.995285
test_14395,0.684787
test_14396,1.000000
test_14397,0.999999
test_14398,0.999934
test_14399,0.995005
test_14400,0.998993
test_14401,0.068465
test_14402,0.000000
test_14403,0.999976
test_14404,0.650910
test_14405,0.999958
test_14406,0.534047
test_14407,0.076243
test_14408,0.078381
test_14409,0.967133
test_14410,0.982419
test_14411,0.000043
test_14412,0.999555
test_14413,0.998185
test_14414,0.000005
test_14415,0.571188
test_14416,0.999994
test_14417,0.007853
test_14418,0.006858
test_14419,0.000002
test_14420,0.000000
test_14421,0.999645
test_14422,0.005558
test_14423,0.006981
test_14424,0.000556
test_14425,0.619506
test_14426,0.002509
test_14427,0.999251
test_14428,0.000000
test_14429,0.999986
test_14430,0.005916
test_14431,0.944820
test_14432,0.000000
test_14433,0.999920
test_14434,1.000000
test_14435,0.024867
test_14436,0.637292
test_14437,0.999610
test_14438,0.999999
test_14439,0.000185
test_14440,0.127042
test_14441,0.999997
test_14442,0.000010
test_14443,0.999928
test_14444,0.610162
test_14445,0.000000
test_14446,0.030665
test_14447,1.000000
test_14448,0.000654
test_14449,0.000099
test_14450,0.938267
test_14451,0.926269
test_14452,0.000000
test_14453,0.021390
test_14454,0.000000
test_14455,0.390945
test_14456,0.859830
test_14457,0.001187
test_14458,0.976800
test_14459,0.000010
test_14460,0.000002
test_14461,0.000113
test_14462,0.992818
test_14463,0.295990
test_14464,0.999039
test_14465,0.999999
test_14466,0.171106
test_14467,0.281426
test_14468,0.505899
test_14469,0.000309
test_14470,0.444879
test_14471,0.008980
test_14472,0.002147
test_14473,0.136606
test_14474,0.827228
test_14475,0.818934
test_14476,0.998931
test_14477,0.903940
test_14478,1.000000
test_14479,0.588392
test_14480,0.999355
test_14481,0.309337
test_14482,0.999958
test_14483,0.052651
test_14484,0.999904
test_14485,0.015081
test_14486,0.000000
test_14487,0.891404
test_14488,0.927539
test_14489,0.000000
test_14490,0.090199
test_14491,0.825632
test_14492,0.151885
test_14493,0.091483
test_14494,0.327228
test_14495,0.000000
test_14496,0.000760
test_14497,0.999992
test_14498,1.000000
test_14499,0.000000
test_14500,0.000225
test_14501,0.000000
test_14502,1.000000
test_14503,0.994920
test_14504,0.000038
test_14505,0.000000
test_14506,0.000000
test_14507,0.995232
test_14508,0.000322
test_14509,0.002188
test_14510,0.895020
test_14511,0.998764
test_14512,1.000000
test_14513,0.000005
test_14514,0.000097
test_14515,0.001680
test_14516,0.992136
test_14517,0.000000
test_14518,0.999985
test_14519,0.914986
test_14520,0.000001
test_14521,0.999131
test_14522,0.000005
test_14523,1.000000
test_14524,0.999995
test_14525,0.862108
test_14526,0.000005
test_14527,0.671034
test_14528,0.999925
test_14529,0.000765
test_14530,0.959227
test_14531,0.656065
test_14532,0.004298
test_14533,0.000001
test_14534,0.999035
test_14535,0.000002
test_14536,1.000000
test_14537,0.000001
test_14538,0.175629
test_14539,0.000651
test_14540,0.729820
test_14541,0.000000
test_14542,0.999998
test_14543,0.009494
test_14544,0.000022
test_14545,0.998398
test_14546,0.844106
test_14547,0.982130
test_14548,0.001951
test_14549,0.349390
test_14550,0.991743
test_14551,0.784103
test_14552,0.567787
test_14553,0.999968
test_14554,0.008340
test_14555,0.004132
test_14556,0.685794
test_14557,0.999989
test_14558,0.215568
test_14559,0.006733
test_14560,0.000002
test_14561,0.999999
test_14562,1.000000
test_14563,0.999215
test_14564,0.002532
test_14565,0.997675
test_14566,0.095404
test_14567,0.992944
test_14568,1.000000
test_14569,0.003343
test_14570,0.992886
test_14571,0.001064
test_14572,0.402718
test_14573,0.999999
test_14574,0.999947
test_14575,0.000143
test_14576,0.015930
test_14577,0.978195
test_14578,0.000001
test_14579,0.000152
test_14580,0.999635
test_14581,0.998954
test_14582,0.999996
test_14583,0.999392
test_14584,0.946028
test_14585,0.988397
test_14586,0.000304
test_14587,0.366968
test_14588,0.988495
test_14589,0.031022
test_14590,1.000000
test_14591,0.999964
test_14592,0.888353
test_14593,0.999586
test_14594,0.974711
test_14595,0.999980
test_14596,0.000003
test_14597,0.219992
test_14598,0.000005
test_14599,0.999841
test_14600,0.999958
test_14601,1.000000
test_14602,0.161821
test_14603,0.388109
test_14604,0.730237
test_14605,0.003409
test_14606,0.898619
test_14607,0.000039
test_14608,0.999993
test_14609,0.975551
test_14610,0.235057
test_14611,0.377863
test_14612,0.000001
test_14613,0.998620
test_14614,0.999975
test_14615,0.755456
test_14616,0.456168
test_14617,0.999937
test_14618,1.000000
test_14619,0.999852
test_14620,0.999467
test_14621,0.999993
test_14622,0.999987
test_14623,1.000000
test_14624,0.999782
test_14625,0.997300
test_14626,0.999974
test_14627,0.435360
test_14628,0.042779
test_14629,0.999997
test_14630,0.000008
test_14631,0.000194
test_14632,0.000102
test_14633,0.957846
test_14634,0.463196
test_14635,0.973818
test_14636,0.002671
test_14637,0.004349
test_14638,0.998955
test_14639,0.000000
test_14640,0.022010
test_14641,0.000000
test_14642,0.000000
test_14643,0.921648
test_14644,0.231903
test_14645,0.555188
test_14646,0.189315
test_14647,0.017987
test_14648,0.000022
test_14649,0.985695
test_14650,0.819301
test_14651,0.957407
test_14652,0.007410
test_14653,0.999432
test_14654,0.000000
test_14655,0.742056
test_14656,0.012271
test_14657,0.795974
test_14658,0.000016
test_14659,0.978712
test_14660,0.000064
test_14661,0.036177
test_14662,0.835660
test_14663,0.925353
test_14664,0.999988
test_14665,0.000863
test_14666,1.000000
test_14667,0.924857
test_14668,0.948470
test_14669,0.000671
test_14670,0.999391
test_14671,0.028611
test_14672,0.583149
test_14673,0.815121
test_14674,0.999093
test_14675,0.829828
test_14676,0.999115
test_14677,0.001065
test_14678,0.818015
test_14679,0.993159
test_14680,0.013240
test_14681,1.000000
test_14682,0.762636
test_14683,0.000000
test_14684,0.998759
test_14685,0.992931
test_14686,0.247595
test_14687,0.096749
test_14688,0.999818
test_14689,0.000000
test_14690,0.932560
test_14691,0.622700
test_14692,0.000896
test_14693,0.999955
test_14694,0.840655
test_14695,0.988477
test_14696,1.000000
test_14697,0.001593
test_14698,0.999937
test_14699,0.999999
test_14700,0.999761
test_14701,0.001943
test_14702,1.000000
test_14703,0.017534
test_14704,0.999989
test_14705,0.019771
test_14706,0.426996
test_14707,0.000434
test_14708,0.000000
test_14709,0.998794
test_14710,1.000000
test_14711,0.000018
test_14712,0.000010
test_14713,0.999998
test_14714,0.977596
test_14715,0.591138
test_14716,0.997947
test_14717,0.993989
test_14718,0.000000
test_14719,0.164295
test_14720,0.999899
test_14721,0.966100
test_14722,1.000000
test_14723,0.999998
test_14724,0.597288
test_14725,0.999799
test_14726,0.997724
test_14727,0.950409
test_14728,0.000453
test_14729,0.943148
test_14730,0.995985
test_14731,1.000000
test_14732,0.999301
test_14733,0.669039
test_14734,0.000000
test_14735,0.996996
test_14736,1.000000
test_14737,0.998284
test_14738,0.000004
test_14739,0.959981
test_14740,0.994976
test_14741,0.000338
test_14742,0.000045
test_14743,0.999992
test_14744,0.999992
test_14745,1.000000
test_14746,0.998938
test_14747,0.466262
test_14748,0.000120
test_14749,0.792440
test_14750,0.030636
test_14751,0.921556
test_14752,0.000000
test_14753,0.000925
test_14754,0.999349
test_14755,0.111343
test_14756,0.997299
test_14757,0.999991
test_14758,0.999836
test_14759,0.003526
test_14760,0.674239
test_14761,0.915474
test_14762,0.000000
test_14763,0.221471
test_14764,0.999300
test_14765,0.000000
test_14766,0.999669
test_14767,1.000000
test_14768,0.999499
test_14769,0.999999
test_14770,1.000000
test_14771,0.999106
test_14772,0.578934
test_14773,0.000000
test_14774,0.931138
test_14775,0.001646
test_14776,0.645280
test_14777,0.988702
test_14778,0.917295
test_14779,0.116651
test_14780,1.000000
test_14781,0.013711
test_14782,0.686583
test_14783,0.000384
test_14784,0.559755
test_14785,0.972711
test_14786,0.007834
test_14787,0.002498
test_14788,0.947921
test_14789,0.043605
test_14790,0.298782
test_14791,0.981801
test_14792,0.598551
test_14793,0.999977
test_14794,0.000087
test_14795,0.995428
test_14796,0.984327
test_14797,0.999996
test_14798,0.999998
test_14799,0.005344
test_14800,0.233925
test_14801,0.000046
test_14802,0.234387
test_14803,0.847759
test_14804,0.000001
test_14805,0.033456
test_14806,0.000001
test_14807,0.000301
test_14808,0.928283
test_14809,0.877318
test_14810,0.032663
test_14811,0.094069
test_14812,0.999695
test_14813,0.999987
test_14814,0.999998
test_14815,1.000000
test_14816,0.000108
test_14817,0.166283
test_14818,0.000118
test_14819,1.000000
test_14820,0.003283
test_14821,0.001044
test_14822,0.993089
test_14823,0.032220
test_14824,0.811610
test_14825,0.007169
test_14826,0.989282
test_14827,0.996642
test_14828,0.000036
test_14829,0.999966
test_14830,0.707771
test_14831,0.989166
test_14832,0.062668
test_14833,0.001396
test_14834,0.657548
test_14835,0.000000
test_14836,0.994026
test_14837,0.000000
test_14838,0.000060
test_14839,0.384087
test_14840,0.007794
test_14841,1.000000
test_14842,1.000000
test_14843,0.000227
test_14844,0.931722
test_14845,1.000000
test_14846,0.999979
test_14847,0.999849
test_14848,0.999996
test_14849,1.000000
test_14850,0.022158
test_14851,0.999780
test_14852,0.012638
test_14853,0.000084
test_14854,0.000005
test_14855,0.982012
test_14856,0.000005
test_14857,0.999825
test_14858,0.878484
test_14859,0.534172
test_14860,0.999889
test_14861,0.186475
test_14862,0.994845
test_14863,0.629699
test_14864,0.000002
test_14865,0.983078
test_14866,0.000719
test_14867,0.001397
test_14868,0.032471
test_14869,1.000000
test_14870,0.000055
test_14871,0.995952
test_14872,0.946220
test_14873,0.382045
test_14874,0.041776
test_14875,0.812931
test_14876,0.000722
test_14877,0.000008
test_14878,0.998321
test_14879,0.952674
test_14880,0.999742
test_14881,0.309846
test_14882,0.000219
test_14883,0.963591
test_14884,0.422671
test_14885,0.950886
test_14886,0.137223
test_14887,0.058820
test_14888,0.999954
test_14889,0.040209
test_14890,0.000076
test_14891,0.991942
test_14892,0.000000
test_14893,0.000077
test_14894,0.999953
test_14895,0.817744
test_14896,0.000692
test_14897,0.122650
test_14898,0.999999
test_14899,0.001166
test_14900,0.248000
test_14901,0.001647
test_14902,0.001493
test_14903,0.999098
test_14904,0.978690
test_14905,0.999998
test_14906,0.999912
test_14907,0.505014
test_14908,0.034342
test_14909,0.000000
test_14910,0.226254
test_14911,0.999998
test_14912,0.885272
test_14913,0.999999
test_14914,0.999366
test_14915,0.000028
test_14916,0.999976
test_14917,0.993294
test_14918,0.277622
test_14919,0.000003
test_14920,0.028637
test_14921,0.001232
test_14922,0.000003
test_14923,0.000000
test_14924,1.000000
test_14925,1.000000
test_14926,0.004465
test_14927,0.001193
test_14928,1.000000
test_14929,0.000274
test_14930,0.012701
test_14931,0.996464
test_14932,0.474666
test_14933,0.056340
test_14934,0.000030
test_14935,0.000005
test_14936,0.730181
test_14937,0.977254
test_14938,0.466566
test_14939,0.000012
test_14940,0.071377
test_14941,0.985704
test_14942,0.992844
test_14943,0.000007
test_14944,0.776183
test_14945,0.026953
test_14946,0.000193
test_14947,0.589050
test_14948,0.838621
test_14949,0.563686
test_14950,0.999623
test_14951,0.128319
test_14952,0.492150
test_14953,1.000000
test_14954,0.000000
test_14955,0.000001
test_14956,0.309948
test_14957,0.909552
test_14958,0.000000
test_14959,0.000004
test_14960,0.671996
test_14961,0.935152
test_14962,0.985934
test_14963,0.929780
test_14964,0.017677
test_14965,1.000000
test_14966,0.999910
test_14967,0.000645
test_14968,0.000000
test_14969,0.000189
test_14970,0.000008
test_14971,0.000220
test_14972,0.032671
test_14973,0.493807
test_14974,0.999843
test_14975,0.812435
test_14976,0.009849
test_14977,0.000000
test_14978,0.888196
test_14979,0.000001
test_14980,0.932449
test_14981,0.997824
test_14982,0.953916
test_14983,0.998899
test_14984,0.000006
test_14985,0.075851
test_14986,0.890368
test_14987,0.000086
test_14988,0.017953
test_14989,1.000000
test_14990,0.000031
test_14991,0.999781
test_14992,0.999962
test_14993,1.000000
test_14994,0.986056
test_14995,0.035288
test_14996,0.999546
test_14997,0.131015
test_14998,0.999978
test_14999,0.999897
test_15000,0.973169
test_15001,0.999915
test_15002,0.000009
test_15003,0.000000
test_15004,0.144063
test_15005,0.004467
test_15006,0.000004
test_15007,0.016033
test_15008,0.999985
test_15009,0.000015
test_15010,0.000001
test_15011,0.000149
test_15012,0.002856
test_15013,0.999948
test_15014,0.900447
test_15015,0.844985
test_15016,0.001862
test_15017,0.044274
test_15018,0.999948
test_15019,0.262123
test_15020,0.999999
test_15021,0.133778
test_15022,0.000000
test_15023,0.999984
test_15024,0.999794
test_15025,0.001002
test_15026,0.000460
test_15027,0.000031
test_15028,0.001210
test_15029,0.987215
test_15030,0.000480
test_15031,0.000000
test_15032,0.029519
test_15033,0.000038
test_15034,0.999984
test_15035,0.708803
test_15036,0.000041
test_15037,0.002293
test_15038,0.993540
test_15039,0.020870
test_15040,0.979255
test_15041,0.001201
test_15042,0.960976
test_15043,0.000000
test_15044,1.000000
test_15045,0.056390
test_15046,0.000003
test_15047,0.999520
test_15048,0.999985
test_15049,1.000000
test_15050,1.000000
test_15051,0.999700
test_15052,0.812485
test_15053,0.000005
test_15054,0.000004
test_15055,0.000065
test_15056,0.999782
test_15057,0.774207
test_15058,0.975301
test_15059,0.999991
test_15060,0.347364
test_15061,0.999738
test_15062,0.999844
test_15063,0.999961
test_15064,0.001013
test_15065,0.992890
test_15066,0.000000
test_15067,0.998965
test_15068,0.452752
test_15069,0.002280
test_15070,0.993663
test_15071,0.432884
test_15072,0.999904
test_15073,0.001887
test_15074,0.000209
test_15075,0.000006
test_15076,0.930192
test_15077,0.816639
test_15078,0.127199
test_15079,0.082532
test_15080,0.043873
test_15081,0.883497
test_15082,0.989458
test_15083,1.000000
test_15084,0.997000
test_15085,1.000000
test_15086,0.002749
test_15087,0.945494
test_15088,0.629438
test_15089,0.001062
test_15090,0.009204
test_15091,0.999195
test_15092,0.999528
test_15093,0.000110
test_15094,0.884886
test_15095,0.061964
test_15096,0.007092
test_15097,1.000000
test_15098,0.000010
test_15099,0.998957
test_15100,0.995459
test_15101,0.000000
test_15102,0.999972
test_15103,0.428377
test_15104,0.999993
test_15105,0.998481
test_15106,0.970993
test_15107,0.000050
test_15108,0.000295
test_15109,0.520958
test_15110,0.999040
test_15111,0.998488
test_15112,0.999130
test_15113,0.168669
test_15114,0.999960
test_15115,0.999987
test_15116,1.000000
test_15117,0.574566
test_15118,0.179262
test_15119,0.000022
test_15120,0.002219
test_15121,0.000000
test_15122,0.227795
test_15123,0.542752
test_15124,0.000010
test_15125,0.015747
test_15126,0.121486
test_15127,0.971513
test_15128,0.136284
test_15129,0.011104
test_15130,0.000189
test_15131,0.160359
test_15132,0.009811
test_15133,1.000000
test_15134,0.999383
test_15135,0.999998
test_15136,0.999769
test_15137,0.825233
test_15138,0.999698
test_15139,0.971444
test_15140,0.000015
test_15141,1.000000
test_15142,0.999970
test_15143,0.040690
test_15144,0.000001
test_15145,0.999998
test_15146,0.997994
test_15147,0.006931
test_15148,0.097601
test_15149,0.002405
test_15150,0.135239
test_15151,0.999979
test_15152,0.000895
test_15153,0.000015
test_15154,1.000000
test_15155,0.033788
test_15156,0.224578
test_15157,0.935583
test_15158,0.000001
test_15159,0.000025
test_15160,0.952101
test_15161,0.993742
test_15162,0.988968
test_15163,0.000000
test_15164,0.999886
test_15165,0.000001
test_15166,0.000018
test_15167,0.759028
test_15168,0.045353
test_15169,0.000774
test_15170,0.389567
test_15171,0.999919
test_15172,0.002581
test_15173,0.000003
test_15174,0.000000
test_15175,0.919054
test_15176,0.939591
test_15177,0.855879
test_15178,0.007477
test_15179,0.003597
test_15180,0.999981
test_15181,0.000000
test_15182,0.836462
test_15183,0.000726
test_15184,0.954540
test_15185,0.999972
test_15186,0.971709
test_15187,0.273383
test_15188,0.999965
test_15189,0.999869
test_15190,0.000006
test_15191,0.030829
test_15192,0.004967
test_15193,0.250091
test_15194,0.115616
test_15195,0.000001
test_15196,0.000086
test_15197,0.999998
test_15198,0.000093
test_15199,0.000005
test_15200,0.000000
test_15201,0.878571
test_15202,0.999841
test_15203,0.000021
test_15204,0.999482
test_15205,0.991871
test_15206,0.999923
test_15207,0.997988
test_15208,0.002355
test_15209,0.000000
test_15210,0.000000
test_15211,0.022200
test_15212,0.000181
test_15213,1.000000
test_15214,0.823135
test_15215,0.999998
test_15216,0.999338
test_15217,0.089466
test_15218,0.999999
test_15219,0.999236
test_15220,0.014530
test_15221,0.000000
test_15222,0.999811
test_15223,0.132806
test_15224,0.072795
test_15225,0.002417
test_15226,0.001213
test_15227,0.000007
test_15228,0.988791
test_15229,0.000078
test_15230,1.000000
test_15231,0.999502
test_15232,0.022680
test_15233,0.266391
test_15234,0.518592
test_15235,0.000001
test_15236,0.998429
test_15237,0.025309
test_15238,0.999991
test_15239,0.467292
test_15240,0.999972
test_15241,0.587111
test_15242,0.000032
test_15243,0.010002
test_15244,0.000000
test_15245,0.995117
test_15246,0.030586
test_15247,0.998756
test_15248,0.953456
test_15249,0.875100
test_15250,0.875377
test_15251,1.000000
test_15252,0.988741
test_15253,0.999872
test_15254,0.000008
test_15255,0.002956
test_15256,0.001564
test_15257,0.767455
test_15258,0.000004
test_15259,0.005338
test_15260,0.982001
test_15261,0.977117
test_15262,0.958035
test_15263,0.999957
test_15264,0.000000
test_15265,0.025858
test_15266,0.999995
test_15267,0.000796
test_15268,0.000002
test_15269,0.997400
test_15270,0.995852
test_15271,0.002686
test_15272,0.819938
test_15273,0.337200
test_15274,0.011375
test_15275,0.001713
test_15276,0.941337
test_15277,0.000000
test_15278,0.999999
test_15279,0.996859
test_15280,0.999921
test_15281,0.000779
test_15282,0.999989
test_15283,0.999772
test_15284,0.164670
test_15285,0.054177
test_15286,0.941947
test_15287,0.989529
test_15288,0.001487
test_15289,0.006911
test_15290,0.448268
test_15291,0.577887
test_15292,0.007549
test_15293,0.012740
test_15294,0.999849
test_15295,0.833754
test_15296,0.999819
test_15297,0.999418
test_15298,0.000000
test_15299,0.000146
test_15300,0.000000
test_15301,0.000039
test_15302,0.000001
test_15303,0.151370
test_15304,0.997554
test_15305,0.999990
test_15306,0.999987
test_15307,0.972297
test_15308,0.248835
test_15309,1.000000
test_15310,0.002984
test_15311,0.000012
test_15312,0.000000
test_15313,0.000629
test_15314,0.309012
test_15315,0.465637
test_15316,0.975874
test_15317,0.024819
test_15318,0.000000
test_15319,0.003812
test_15320,0.007738
test_15321,0.999981
test_15322,0.249652
test_15323,0.999940
test_15324,0.437951
test_15325,0.994222
test_15326,0.025723
test_15327,0.967928
test_15328,0.178738
test_15329,0.998498
test_15330,0.000089
test_15331,1.000000
test_15332,0.999978
test_15333,0.000000
test_15334,0.533286
test_15335,0.000032
test_15336,0.863634
test_15337,0.997324
test_15338,0.000004
test_15339,0.278173
test_15340,0.980442
test_15341,0.996612
test_15342,0.012885
test_15343,0.000000
test_15344,1.000000
test_15345,0.999610
test_15346,0.001098
test_15347,0.998939
test_15348,0.004721
test_15349,0.999931
test_15350,0.000001
test_15351,0.013622
test_15352,0.000302
test_15353,0.758002
test_15354,0.986836
test_15355,0.866117
test_15356,0.004284
test_15357,0.000000
test_15358,0.157419
test_15359,0.998679
test_15360,0.999998
test_15361,0.992190
test_15362,0.000089
test_15363,0.459938
test_15364,0.975283
test_15365,0.156696
test_15366,0.038830
test_15367,0.999705
test_15368,0.982681
test_15369,0.996800
test_15370,0.010724
test_15371,0.004567
test_15372,0.000000
test_15373,0.123740
test_15374,0.880571
test_15375,0.013345
test_15376,0.998892
test_15377,0.995891
test_15378,0.856532
test_15379,0.998692
test_15380,0.994491
test_15381,0.999996
test_15382,0.110522
test_15383,0.012604
test_15384,0.071235
test_15385,0.059405
test_15386,0.838788
test_15387,1.000000
test_15388,1.000000
test_15389,0.994850
test_15390,0.000339
test_15391,1.000000
test_15392,0.104402
test_15393,0.919123
test_15394,0.027527
test_15395,0.999931
test_15396,0.000012
test_15397,0.976380
test_15398,0.999989
test_15399,0.233636
test_15400,0.987011
test_15401,0.000000
test_15402,0.426143
test_15403,0.000045
test_15404,0.000094
test_15405,0.999812
test_15406,0.399837
test_15407,1.000000
test_15408,0.302413
test_15409,0.892790
test_15410,0.986024
test_15411,0.945561
test_15412,0.999996
test_15413,0.999996
test_15414,0.999969
test_15415,0.955572
test_15416,0.000429
test_15417,0.999918
test_15418,1.000000
test_15419,0.999760
test_15420,0.999974
test_15421,0.518953
test_15422,0.412751
test_15423,0.697866
test_15424,0.999971
test_15425,0.999974
test_15426,0.328311
test_15427,0.998950
test_15428,0.999948
test_15429,0.998893
test_15430,0.999998
test_15431,1.000000
test_15432,0.004302
test_15433,0.050699
test_15434,0.961906
test_15435,0.994299
test_15436,0.002102
test_15437,0.999978
test_15438,0.000072
test_15439,0.999983
test_15440,0.008385
test_15441,0.843270
test_15442,0.000000
test_15443,0.054375
test_15444,0.000000
test_15445,0.999559
test_15446,0.995325
test_15447,0.003169
test_15448,0.961999
test_15449,0.000110
test_15450,0.957402
test_15451,0.000006
test_15452,0.998961
test_15453,0.612441
test_15454,0.257452
test_15455,1.000000
test_15456,0.956554
test_15457,0.380685
test_15458,0.021711
test_15459,0.080341
test_15460,0.955866
test_15461,0.976106
test_15462,0.967843
test_15463,0.000000
test_15464,0.006404
test_15465,0.998632
test_15466,0.999946
test_15467,0.734813
test_15468,0.864381
test_15469,0.000000
test_15470,0.975962
test_15471,0.000113
test_15472,0.000009
test_15473,0.059951
test_15474,0.028346
test_15475,0.033998
test_15476,0.000010
test_15477,0.999943
test_15478,1.000000
test_15479,0.999993
test_15480,0.983182
test_15481,1.000000
test_15482,0.386902
test_15483,0.997749
test_15484,0.002698
test_15485,0.946141
test_15486,0.687139
test_15487,0.000000
test_15488,0.875015
test_15489,0.002226
test_15490,0.000500
test_15491,0.000001
test_15492,0.999998
test_15493,0.000000
test_15494,0.990198
test_15495,0.514215
test_15496,0.000096
test_15497,0.989321
test_15498,0.958916
test_15499,0.999999
test_15500,0.000000
test_15501,0.999997
test_15502,1.000000
test_15503,0.999966
test_15504,0.999835
test_15505,0.994765
test_15506,0.999502
test_15507,0.001193
test_15508,0.999050
test_15509,0.000107
test_15510,0.252794
test_15511,0.999998
test_15512,0.001315
test_15513,0.761537
test_15514,0.999935
test_15515,0.996528
test_15516,0.949881
test_15517,0.066158
test_15518,0.000534
test_15519,0.999371
test_15520,0.000102
test_15521,0.993705
test_15522,0.968270
test_15523,0.227171
test_15524,0.000000
test_15525,0.003725
test_15526,1.000000
test_15527,0.999966
test_15528,0.000110
test_15529,0.014885
test_15530,0.876697
test_15531,0.152576
test_15532,0.007340
test_15533,0.059212
test_15534,0.000360
test_15535,0.000161
test_15536,0.000038
test_15537,0.994475
test_15538,0.791850
test_15539,0.284754
test_15540,0.000020
test_15541,0.999992
test_15542,0.043458
test_15543,0.359378
test_15544,0.142913
test_15545,0.088753
test_15546,0.000081
test_15547,0.000000
test_15548,0.000003
test_15549,0.045002
test_15550,0.989375
test_15551,0.000202
test_15552,0.000239
test_15553,0.933931
test_15554,0.177332
test_15555,0.998881
test_15556,0.989509
test_15557,0.000000
test_15558,0.697505
test_15559,0.394164
test_15560,0.999990
test_15561,1.000000
test_15562,0.999907
test_15563,1.000000
test_15564,0.000071
test_15565,0.314944
test_15566,0.999664
test_15567,0.000013
test_15568,0.987851
test_15569,0.019686
test_15570,0.999540
test_15571,0.474840
test_15572,0.424904
test_15573,0.994965
test_15574,0.999267
test_15575,0.001371
test_15576,1.000000
test_15577,0.736026
test_15578,0.999947
test_15579,0.950455
test_15580,0.999998
test_15581,0.000740
test_15582,0.969892
test_15583,0.000085
test_15584,0.000235
test_15585,0.999703
test_15586,0.996092
test_15587,0.113139
test_15588,0.954791
test_15589,0.999900
test_15590,0.000000
test_15591,0.119858
test_15592,0.998926
test_15593,0.993961
test_15594,0.944750
test_15595,0.038363
test_15596,1.000000
test_15597,0.995693
test_15598,0.646986
test_15599,0.001080
test_15600,0.288270
test_15601,0.995292
test_15602,0.000011
test_15603,0.000527
test_15604,0.435765
test_15605,0.000172
test_15606,0.236597
test_15607,0.994535
test_15608,0.431701
test_15609,0.999994
test_15610,0.437917
test_15611,0.050204
test_15612,0.998996
test_15613,0.916028
test_15614,0.310904
test_15615,0.000451
test_15616,0.013909
test_15617,0.462316
test_15618,0.050115
test_15619,0.998381
test_15620,0.005314
test_15621,1.000000
test_15622,0.000003
test_15623,0.057521
test_15624,0.000010
test_15625,0.169903
test_15626,0.999219
test_15627,0.999999
test_15628,0.071089
test_15629,0.000000
test_15630,0.000010
test_15631,0.997729
test_15632,0.921402
test_15633,0.977438
test_15634,0.000094
test_15635,0.000439
test_15636,0.999984
test_15637,0.999918
test_15638,0.999831
test_15639,0.135728
test_15640,0.999993
test_15641,0.994868
test_15642,0.999947
test_15643,0.999999
test_15644,0.012676
test_15645,0.999927
test_15646,0.999999
test_15647,0.000000
test_15648,0.654917
test_15649,0.002826
test_15650,0.999992
test_15651,0.044346
test_15652,0.999525
test_15653,0.000011
test_15654,0.999999
test_15655,0.078600
test_15656,0.338560
test_15657,0.784465
test_15658,0.999515
test_15659,0.242956
test_15660,0.063126
test_15661,0.000306
test_15662,0.022011
test_15663,0.999999
test_15664,0.000000
test_15665,0.998501
test_15666,1.000000
test_15667,0.000003
test_15668,0.999821
test_15669,0.999998
test_15670,0.007983
test_15671,0.820722
test_15672,1.000000
test_15673,0.000202
test_15674,0.460376
test_15675,0.999438
test_15676,0.000019
test_15677,0.000020
test_15678,0.999995
test_15679,0.826441
test_15680,1.000000
test_15681,0.000008
test_15682,0.012571
test_15683,0.619161
test_15684,0.896546
test_15685,0.000002
test_15686,0.999936
test_15687,0.984180
test_15688,0.999997
test_15689,0.425095
test_15690,0.019933
test_15691,0.000000
test_15692,0.000564
test_15693,0.999616
test_15694,0.002108
test_15695,0.006846
test_15696,0.880944
test_15697,0.997286
test_15698,0.000000
test_15699,1.000000
test_15700,0.000032
test_15701,0.981968
test_15702,0.995049
test_15703,0.542655
test_15704,0.000027
test_15705,0.174520
test_15706,0.999994
test_15707,0.999998
test_15708,0.886098
test_15709,0.999981
test_15710,0.999689
test_15711,0.986452
test_15712,0.000000
test_15713,0.998632
test_15714,0.075910
test_15715,0.999994
test_15716,0.000721
test_15717,0.056726
test_15718,0.999434
test_15719,0.000000
test_15720,0.993865
test_15721,0.999933
test_15722,1.000000
test_15723,1.000000
test_15724,0.982598
test_15725,0.513919
test_15726,0.998935
test_15727,0.153353
test_15728,0.000735
test_15729,0.009197
test_15730,0.000256
test_15731,0.009271
test_15732,0.966955
test_15733,1.000000
test_15734,0.023408
test_15735,0.025507
test_15736,0.000005
test_15737,0.972692
test_15738,0.006715
test_15739,0.469277
test_15740,0.000249
test_15741,0.999993
test_15742,0.878459
test_15743,1.000000
test_15744,0.067082
test_15745,0.952577
test_15746,1.000000
test_15747,1.000000
test_15748,0.030166
test_15749,0.991186
test_15750,0.999988
test_15751,0.993622
test_15752,0.046664
test_15753,0.977676
test_15754,0.000000
test_15755,0.999988
test_15756,0.000103
test_15757,0.998705
test_15758,0.999921
test_15759,0.068256
test_15760,0.999992
test_15761,0.998729
test_15762,0.753454
test_15763,0.769548
test_15764,0.993212
test_15765,0.854437
test_15766,0.003234
test_15767,0.999500
test_15768,0.105024
test_15769,0.002179
test_15770,0.869822
test_15771,0.000001
test_15772,0.944636
test_15773,0.000000
test_15774,0.999299
test_15775,1.000000
test_15776,0.000040
test_15777,0.000001
test_15778,0.000019
test_15779,0.000042
test_15780,0.185051
test_15781,0.013489
test_15782,0.734893
test_15783,0.823888
test_15784,0.134317
test_15785,0.209879
test_15786,0.986414
test_15787,0.000000
test_15788,0.004850
test_15789,0.006149
test_15790,0.996919
test_15791,0.007249
test_15792,0.999839
test_15793,0.730724
test_15794,0.999942
test_15795,0.000000
test_15796,0.377939
test_15797,0.011880
test_15798,0.026154
test_15799,0.018024
test_15800,0.938856
test_15801,0.999455
test_15802,0.236509
test_15803,0.005510
test_15804,0.000000
test_15805,0.999222
test_15806,0.002761
test_15807,0.999885
test_15808,0.988135
test_15809,0.999977
test_15810,0.001774
test_15811,0.966085
test_15812,0.008268
test_15813,0.999819
test_15814,0.890372
test_15815,0.000581
test_15816,0.873085
test_15817,0.125552
test_15818,0.041689
test_15819,0.982861
test_15820,0.000181
test_15821,0.999993
test_15822,0.962357
test_15823,0.000006
test_15824,0.469071
test_15825,0.000329
test_15826,0.000724
test_15827,0.999097
test_15828,0.988550
test_15829,0.996991
test_15830,0.000000
test_15831,0.000001
test_15832,1.000000
test_15833,0.662046
test_15834,0.008764
test_15835,0.003896
test_15836,0.993390
test_15837,0.999033
test_15838,0.000141
test_15839,1.000000
test_15840,0.999983
test_15841,0.000004
test_15842,0.999022
test_15843,0.516300
test_15844,0.002079
test_15845,0.935470
test_15846,0.870338
test_15847,0.020873
test_15848,0.036293
test_15849,0.895024
test_15850,0.164950
test_15851,0.998446
test_15852,0.000000
test_15853,0.999548
test_15854,0.929487
test_15855,0.948745
test_15856,0.578942
test_15857,0.000007
test_15858,0.854207
test_15859,0.999999
test_15860,0.000000
test_15861,0.995394
test_15862,0.000019
test_15863,1.000000
test_15864,0.999130
test_15865,0.999992
test_15866,0.935613
test_15867,1.000000
test_15868,0.426544
test_15869,0.554645
test_15870,0.000035
test_15871,0.999894
test_15872,0.027218
test_15873,0.000000
test_15874,0.119671
test_15875,0.000022
test_15876,0.000067
test_15877,0.000002
test_15878,0.999654
test_15879,0.996134
test_15880,0.286781
test_15881,0.000000
test_15882,0.824602
test_15883,0.000076
test_15884,1.000000
test_15885,0.998850
test_15886,0.042555
test_15887,0.960729
test_15888,0.940562
test_15889,0.611765
test_15890,0.083141
test_15891,0.816954
test_15892,0.991402
test_15893,0.005373
test_15894,0.000001
test_15895,0.987032
test_15896,0.969440
test_15897,0.936212
test_15898,0.999418
test_15899,0.000039
test_15900,0.999948
test_15901,0.993380
test_15902,0.022114
test_15903,0.504102
test_15904,0.000310
test_15905,0.981509
test_15906,0.000000
test_15907,0.999977
test_15908,0.000000
test_15909,0.999985
test_15910,0.999374
test_15911,0.016407
test_15912,0.964011
test_15913,0.997875
test_15914,0.997573
test_15915,0.000260
test_15916,0.000001
test_15917,0.000322
test_15918,0.000000
test_15919,0.997356
test_15920,0.999004
test_15921,0.999997
test_15922,0.000144
test_15923,0.916707
test_15924,0.009286
test_15925,0.070155
test_15926,0.999933
test_15927,1.000000
test_15928,0.961843
test_15929,0.999999
test_15930,0.019804
test_15931,0.001067
test_15932,0.991346
test_15933,0.995678
test_15934,0.041729
test_15935,1.000000
test_15936,0.684620
test_15937,0.998418
test_15938,1.000000
test_15939,0.999598
test_15940,0.973342
test_15941,0.999861
test_15942,0.000000
test_15943,0.938162
test_15944,0.000779
test_15945,0.999993
test_15946,0.147201
test_15947,0.301354
test_15948,0.993931
test_15949,0.988141
test_15950,0.009911
test_15951,0.000000
test_15952,0.976139
test_15953,0.035574
test_15954,0.999998
test_15955,0.000007
test_15956,0.004575
test_15957,0.000000
test_15958,0.938825
test_15959,0.999999
test_15960,0.113496
test_15961,0.995319
test_15962,0.999666
test_15963,0.046354
test_15964,0.993122
test_15965,0.000083
test_15966,0.999999
test_15967,0.007482
test_15968,0.000295
test_15969,0.102881
test_15970,0.977934
test_15971,0.000000
test_15972,0.017614
test_15973,0.111623
test_15974,0.000324
test_15975,0.001281
test_15976,0.826197
test_15977,0.733709
test_15978,0.914219
test_15979,0.951189
test_15980,0.053209
test_15981,1.000000
test_15982,0.000001
test_15983,1.000000
test_15984,0.926426
test_15985,0.000000
test_15986,0.000112
test_15987,0.000000
test_15988,0.999983
test_15989,0.000000
test_15990,0.996768
test_15991,0.855169
test_15992,0.000002
test_15993,0.998537
test_15994,0.000000
test_15995,0.924200
test_15996,0.540839
test_15997,0.003818
test_15998,0.192770
test_15999,0.999887
test_16000,0.000013
test_16001,0.000000
test_16002,0.001324
test_16003,0.986114
test_16004,0.001169
test_16005,0.000994
test_16006,0.803591
test_16007,0.972425
test_16008,0.514916
test_16009,0.000008
test_16010,0.243911
test_16011,0.006181
test_16012,0.005172
test_16013,0.995791
test_16014,0.000000
test_16015,0.000004
test_16016,0.486317
test_16017,0.000011
test_16018,0.999999
test_16019,0.000000
test_16020,0.999970
test_16021,0.999999
test_16022,0.997258
test_16023,0.003635
test_16024,0.000028
test_16025,0.000003
test_16026,0.998539
test_16027,0.917864
test_16028,0.000145
test_16029,0.000001
test_16030,0.000004
test_16031,0.454325
test_16032,0.993123
test_16033,0.000004
test_16034,0.999990
test_16035,0.000001
test_16036,0.000000
test_16037,0.000000
test_16038,0.000001
test_16039,0.000042
test_16040,0.000250
test_16041,1.000000
test_16042,0.944368
test_16043,0.999999
test_16044,0.999738
test_16045,0.956585
test_16046,0.000010
test_16047,0.472362
test_16048,0.921777
test_16049,0.000061
test_16050,0.973401
test_16051,0.997328
test_16052,0.006290
test_16053,0.987783
test_16054,0.000004
test_16055,0.000012
test_16056,0.577544
test_16057,0.999024
test_16058,0.267112
test_16059,1.000000
test_16060,0.999977
test_16061,0.995342
test_16062,0.065242
test_16063,0.882763
test_16064,0.950576
test_16065,1.000000
test_16066,0.999645
test_16067,0.997630
test_16068,0.000111
test_16069,0.499518
test_16070,0.759997
test_16071,0.934095
test_16072,0.985740
test_16073,0.000003
test_16074,0.001969
test_16075,0.997370
test_16076,0.709304
test_16077,0.637991
test_16078,0.895725
test_16079,0.777228
test_16080,0.999999
test_16081,0.954508
test_16082,0.967571
test_16083,0.000309
test_16084,0.000000
test_16085,0.000401
test_16086,0.999794
test_16087,0.999992
test_16088,0.998752
test_16089,0.000648
test_16090,0.000101
test_16091,0.471292
test_16092,0.004721
test_16093,0.362311
test_16094,1.000000
test_16095,0.998116
test_16096,0.999985
test_16097,0.003023
test_16098,0.566627
test_16099,0.664032
test_16100,0.000156
test_16101,0.000023
test_16102,1.000000
test_16103,0.001416
test_16104,0.011579
test_16105,0.246480
test_16106,0.986359
test_16107,0.999921
test_16108,0.019922
test_16109,1.000000
test_16110,0.000004
test_16111,0.966476
test_16112,0.999997
test_16113,0.999540
test_16114,0.999810
test_16115,0.000004
test_16116,0.087483
test_16117,0.999987
test_16118,0.670449
test_16119,0.758651
test_16120,0.000000
test_16121,0.999918
test_16122,0.000069
test_16123,0.999977
test_16124,0.988022
test_16125,0.999973
test_16126,0.601985
test_16127,0.989402
test_16128,0.025602
test_16129,0.243895
test_16130,0.963331
test_16131,0.086703
test_16132,0.999931
test_16133,0.006291
test_16134,0.994660
test_16135,0.999999
test_16136,0.991428
test_16137,0.999828
test_16138,0.425824
test_16139,0.990092
test_16140,0.058223
test_16141,0.000849
test_16142,0.010206
test_16143,0.498616
test_16144,0.816679
test_16145,0.003502
test_16146,0.000000
test_16147,0.300326
test_16148,0.074480
test_16149,0.009232
test_16150,0.844896
test_16151,0.942402
test_16152,0.000027
test_16153,1.000000
test_16154,0.040599
test_16155,0.999980
test_16156,0.999993
test_16157,0.004424
test_16158,0.001747
test_16159,0.101262
test_16160,0.283278
test_16161,0.999550
test_16162,0.918591
test_16163,0.000012
test_16164,0.552902
test_16165,0.024104
test_16166,0.000000
test_16167,0.097489
test_16168,0.000000
test_16169,0.999994
test_16170,0.955655
test_16171,0.007948
test_16172,0.000006
test_16173,0.969333
test_16174,0.001188
test_16175,0.992630
test_16176,0.008833
test_16177,0.000493
test_16178,0.000000
test_16179,0.000014
test_16180,0.681183
test_16181,0.999999
test_16182,0.000198
test_16183,0.000296
test_16184,1.000000
test_16185,1.000000
test_16186,0.002375
test_16187,0.002069
test_16188,0.141500
test_16189,0.999993
test_16190,0.043701
test_16191,0.249936
test_16192,0.883617
test_16193,0.999975
test_16194,0.009319
test_16195,0.999999
test_16196,0.003667
test_16197,0.998329
test_16198,0.000027
test_16199,0.496785
test_16200,0.052634
test_16201,0.000000
test_16202,0.999999
test_16203,0.951973
test_16204,0.999492
test_16205,0.999903
test_16206,0.998727
test_16207,0.994558
test_16208,0.000207
test_16209,0.072360
test_16210,0.989977
test_16211,0.999633
test_16212,0.999974
test_16213,0.989968
test_16214,0.000000
test_16215,0.437171
test_16216,0.998234
test_16217,0.001723
test_16218,1.000000
test_16219,0.999911
test_16220,0.999998
test_16221,0.548927
test_16222,0.481898
test_16223,0.807381
test_16224,0.978801
test_16225,0.995855
test_16226,0.981099
test_16227,0.000220
test_16228,0.041494
test_16229,0.996463
test_16230,0.901916
test_16231,0.999451
test_16232,0.025444
test_16233,0.000043
test_16234,0.659459
test_16235,0.999645
test_16236,0.006273
test_16237,0.999997
test_16238,0.015332
test_16239,0.040571
test_16240,0.990846
test_16241,0.000230
test_16242,0.281581
test_16243,0.646947
test_16244,0.094531
test_16245,0.997751
test_16246,0.933765
test_16247,0.000000
test_16248,0.999892
test_16249,0.000000
test_16250,1.000000
test_16251,0.999997
test_16252,0.006999
test_16253,0.480867
test_16254,0.505655
test_16255,0.008195
test_16256,0.326906
test_16257,0.425125
test_16258,0.000123
test_16259,0.998881
test_16260,0.458918
test_16261,0.993653
test_16262,1.000000
test_16263,0.048868
test_16264,0.000672
test_16265,0.999957
test_16266,0.999941
test_16267,0.001396
test_16268,0.999997
test_16269,0.000000
test_16270,0.977141
test_16271,0.999999
test_16272,0.999954
test_16273,1.000000
test_16274,0.999999
test_16275,0.000006
test_16276,0.000087
test_16277,1.000000
test_16278,0.000066
test_16279,0.000012
test_16280,0.967316
test_16281,0.984632
test_16282,0.999975
test_16283,0.000016
test_16284,0.268828
test_16285,0.638516
test_16286,0.016644
test_16287,1.000000
test_16288,0.000000
test_16289,0.883106
test_16290,0.090980
test_16291,0.989009
test_16292,0.982720
test_16293,0.999928
test_16294,0.000004
test_16295,0.990349
test_16296,0.000139
test_16297,0.999993
test_16298,0.967195
test_16299,0.954261
test_16300,0.000000
test_16301,0.000000
test_16302,0.000280
test_16303,1.000000
test_16304,0.000945
test_16305,0.999992
test_16306,0.732867
test_16307,1.000000
test_16308,0.999977
test_16309,0.999999
test_16310,0.000776
test_16311,0.997028
test_16312,0.000021
test_16313,0.000004
test_16314,0.737793
test_16315,0.138393
test_16316,0.523189
test_16317,0.998922
test_16318,0.976044
test_16319,0.000000
test_16320,1.000000
test_16321,0.676631
test_16322,0.000605
test_16323,0.005408
test_16324,0.998114
test_16325,0.051752
test_16326,0.963518
test_16327,0.008308
test_16328,0.063289
test_16329,0.001694
test_16330,0.964435
test_16331,0.015767
test_16332,0.797323
test_16333,0.000000
test_16334,0.997968
test_16335,1.000000
test_16336,0.034429
test_16337,0.963267
test_16338,0.999925
test_16339,0.997933
test_16340,0.998598
test_16341,1.000000
test_16342,0.848961
test_16343,0.986973
test_16344,0.988471
test_16345,0.005200
test_16346,0.994488
test_16347,0.000446
test_16348,1.000000
test_16349,1.000000
test_16350,0.900310
test_16351,0.757601
test_16352,0.000000
test_16353,0.996233
test_16354,0.417974
test_16355,0.999991
test_16356,0.273945
test_16357,0.203278
test_16358,0.008390
test_16359,0.999909
test_16360,0.002297
test_16361,0.000000
test_16362,0.995309
test_16363,0.772106
test_16364,0.194428
test_16365,0.999972
test_16366,0.797705
test_16367,1.000000
test_16368,0.010103
test_16369,0.005395
test_16370,0.002110
test_16371,0.653540
test_16372,1.000000
test_16373,0.997940
test_16374,0.249839
test_16375,0.999739
test_16376,0.990684
test_16377,0.999919
test_16378,0.165285
test_16379,0.000014
test_16380,0.000001
test_16381,0.062128
test_16382,0.000006
test_16383,0.600949
test_16384,0.999989
test_16385,0.000000
test_16386,0.975778
test_16387,0.995181
test_16388,0.970993
test_16389,0.983036
test_16390,0.999998
test_16391,0.014593
test_16392,1.000000
test_16393,0.020874
test_16394,0.921294
test_16395,0.009108
test_16396,0.999999
test_16397,0.000003
test_16398,0.999940
test_16399,0.000540
test_16400,0.000000
test_16401,0.978727
test_16402,0.999996
test_16403,0.978643
test_16404,0.999991
test_16405,0.000060
test_16406,0.010609
test_16407,0.999496
test_16408,0.098239
test_16409,0.000000
test_16410,0.000537
test_16411,0.010458
test_16412,0.004009
test_16413,0.000000
test_16414,0.926042
test_16415,0.999739
test_16416,0.000028
test_16417,0.299600
test_16418,0.000001
test_16419,0.000014
test_16420,0.000024
test_16421,0.999989
test_16422,0.999996
test_16423,0.999219
test_16424,0.042494
test_16425,0.098623
test_16426,0.181408
test_16427,0.101567
test_16428,0.000000
test_16429,0.999982
test_16430,0.999994
test_16431,0.979718
test_16432,0.104526
test_16433,0.000138
test_16434,0.000000
test_16435,0.006145
test_16436,0.077879
test_16437,0.481100
test_16438,0.999993
test_16439,0.999994
test_16440,1.000000
test_16441,0.000003
test_16442,0.999709
test_16443,0.000693
test_16444,0.999980
test_16445,0.895769
test_16446,0.000000
test_16447,0.999124
test_16448,0.186234
test_16449,0.999990
test_16450,0.122280
test_16451,0.001132
test_16452,0.000007
test_16453,0.973792
test_16454,0.000000
test_16455,0.999974
test_16456,0.981874
test_16457,0.497083
test_16458,0.022144
test_16459,0.028567
test_16460,0.004149
test_16461,0.999875
test_16462,0.354296
test_16463,0.999999
test_16464,0.634496
test_16465,0.999982
test_16466,0.539267
test_16467,0.999094
test_16468,0.974767
test_16469,0.999999
test_16470,1.000000
test_16471,0.297274
test_16472,0.000009
test_16473,0.540837
test_16474,0.042790
test_16475,0.009177
test_16476,0.000150
test_16477,0.000088
test_16478,0.999995
test_16479,0.630229
test_16480,0.950855
test_16481,0.002622
test_16482,0.999712
test_16483,0.000000
test_16484,0.660053
test_16485,0.000163
test_16486,0.628661
test_16487,0.500163
test_16488,0.000517
test_16489,0.000070
test_16490,0.798085
test_16491,0.152450
test_16492,0.000177
test_16493,0.000005
test_16494,0.004083
test_16495,0.174922
test_16496,0.868013
test_16497,0.000001
test_16498,0.000344
test_16499,0.382661
test_16500,0.003267
test_16501,0.909497
test_16502,0.006760
test_16503,0.000037
test_16504,0.000060
test_16505,0.999839
test_16506,0.000044
test_16507,0.996179
test_16508,0.999997
test_16509,0.009050
test_16510,0.099864
test_16511,0.999974
test_16512,0.000788
test_16513,0.000002
test_16514,0.000035
test_16515,0.844950
test_16516,0.999980
test_16517,0.000669
test_16518,0.978467
test_16519,0.999571
test_16520,0.035711
test_16521,0.038541
test_16522,0.860477
test_16523,0.589434
test_16524,0.186954
test_16525,0.000300
test_16526,0.999740
test_16527,0.000078
test_16528,0.024863
test_16529,0.994309
test_16530,0.041059
test_16531,0.003041
test_16532,0.998796
test_16533,0.000006
test_16534,0.999073
test_16535,0.999953
test_16536,0.000000
test_16537,0.640393
test_16538,0.999890
test_16539,0.981140
test_16540,0.000014
test_16541,0.000259
test_16542,0.999994
test_16543,0.921836
test_16544,0.484896
test_16545,0.002791
test_16546,1.000000
test_16547,0.603070
test_16548,0.253660
test_16549,0.043192
test_16550,0.999980
test_16551,0.999965
test_16552,0.992777
test_16553,0.000026
test_16554,0.001164
test_16555,0.197599
test_16556,0.758441
test_16557,0.994813
test_16558,0.999417
test_16559,0.901792
test_16560,0.044601
test_16561,0.997111
test_16562,0.534900
test_16563,0.000739
test_16564,0.979914
test_16565,0.998598
test_16566,0.000005
test_16567,0.999999
test_16568,0.997249
test_16569,0.002130
test_16570,0.741948
test_16571,0.977385
test_16572,0.845518
test_16573,0.000008
test_16574,0.003529
test_16575,0.004271
test_16576,0.000001
test_16577,0.000001
test_16578,1.000000
test_16579,0.003114
test_16580,0.000000
test_16581,0.000001
test_16582,0.790188
test_16583,0.999997
test_16584,0.982170
test_16585,0.000000
test_16586,0.752549
test_16587,0.846927
test_16588,0.000013
test_16589,0.995603
test_16590,0.000603
test_16591,1.000000
test_16592,0.002708
test_16593,0.000516
test_16594,0.000000
test_16595,0.097955
test_16596,0.001424
test_16597,1.000000
test_16598,0.978747
test_16599,0.759154
test_16600,0.694269
test_16601,0.000002
test_16602,0.999123
test_16603,0.798317
test_16604,0.999999
test_16605,0.000024
test_16606,0.046565
test_16607,0.038042
test_16608,1.000000
test_16609,1.000000
test_16610,0.000202
test_16611,0.865269
test_16612,0.002813
test_16613,0.607058
test_16614,0.972127
test_16615,0.004001
test_16616,0.000282
test_16617,0.002143
test_16618,0.322589
test_16619,0.000069
test_16620,0.999925
test_16621,0.999703
test_16622,0.999751
test_16623,0.215559
test_16624,0.999896
test_16625,0.000501
test_16626,0.001046
test_16627,0.000000
test_16628,0.002072
test_16629,0.001296
test_16630,0.000046
test_16631,0.001689
test_16632,0.999840
test_16633,0.000035
test_16634,0.776090
test_16635,0.000083
test_16636,0.987717
test_16637,0.002802
test_16638,0.999967
test_16639,0.976913
test_16640,0.515348
test_16641,0.822686
test_16642,0.997950
test_16643,0.997420
test_16644,0.999999
test_16645,0.973828
test_16646,0.999994
test_16647,0.577229
test_16648,0.614944
test_16649,0.974717
test_16650,0.065274
test_16651,0.000000
test_16652,0.003363
test_16653,0.942385
test_16654,1.000000
test_16655,0.000047
test_16656,0.326454
test_16657,0.999644
test_16658,0.999861
test_16659,0.621607
test_16660,1.000000
test_16661,0.000000
test_16662,0.995286
test_16663,0.009815
test_16664,1.000000
test_16665,0.118699
test_16666,0.999991
test_16667,0.001507
test_16668,0.999980
test_16669,0.000125
test_16670,0.024090
test_16671,0.218886
test_16672,1.000000
test_16673,0.007657
test_16674,0.023729
test_16675,0.111709
test_16676,0.248639
test_16677,0.808369
test_16678,0.896014
test_16679,0.040425
test_16680,0.182101
test_16681,0.000267
test_16682,0.999997
test_16683,0.246159
test_16684,0.374989
test_16685,0.000000
test_16686,0.033957
test_16687,0.999941
test_16688,0.975716
test_16689,0.313800
test_16690,0.999995
test_16691,0.000643
test_16692,0.999891
test_16693,0.000001
test_16694,0.999998
test_16695,0.001449
test_16696,0.000000
test_16697,0.000000
test_16698,0.555137
test_16699,0.005495
test_16700,0.060288
test_16701,0.000001
test_16702,0.002016
test_16703,0.999999
test_16704,0.004418
test_16705,0.999108
test_16706,0.999525
test_16707,0.322011
test_16708,0.999997
test_16709,0.999808
test_16710,0.000001
test_16711,0.710178
test_16712,0.029287
test_16713,0.082799
test_16714,0.000041
test_16715,0.000006
test_16716,0.000001
test_16717,0.890243
test_16718,0.001989
test_16719,0.937345
test_16720,0.000012
test_16721,0.995782
test_16722,0.992693
test_16723,0.999979
test_16724,0.061218
test_16725,0.022248
test_16726,0.000012
test_16727,0.640331
test_16728,0.000070
test_16729,0.242906
test_16730,0.584411
test_16731,0.049784
test_16732,0.074189
test_16733,0.003895
test_16734,0.977915
test_16735,0.000010
test_16736,0.995048
test_16737,0.999990
test_16738,0.999996
test_16739,0.999997
test_16740,0.990405
test_16741,0.000840
test_16742,0.000002
test_16743,0.000023
test_16744,0.770104
test_16745,0.000381
test_16746,0.087096
test_16747,0.815058
test_16748,0.998335
test_16749,0.905241
test_16750,0.583334
test_16751,1.000000
test_16752,0.111029
test_16753,1.000000
test_16754,0.097357
test_16755,0.003811
test_16756,0.999997
test_16757,0.000007
test_16758,0.998488
test_16759,0.188073
test_16760,0.997195
test_16761,0.999999
test_16762,0.937499
test_16763,0.987815
test_16764,0.000477
test_16765,0.973982
test_16766,0.999998
test_16767,0.044572
test_16768,0.000401
test_16769,0.857783
test_16770,0.299501
test_16771,0.819196
test_16772,0.000000
test_16773,0.810682
test_16774,0.976061
test_16775,0.000004
test_16776,0.019610
test_16777,0.821089
test_16778,0.013790
test_16779,0.000000
test_16780,0.999970
test_16781,0.000965
test_16782,0.999998
test_16783,0.999633
test_16784,0.991423
test_16785,0.998727
test_16786,0.000001
test_16787,0.356521
test_16788,0.771190
test_16789,0.999999
test_16790,0.049396
test_16791,0.000000
test_16792,0.998359
test_16793,0.000822
test_16794,0.999990
test_16795,0.000002
test_16796,0.620999
test_16797,0.023282
test_16798,0.190168
test_16799,0.999822
test_16800,0.992908
test_16801,1.000000
test_16802,0.896468
test_16803,0.000007
test_16804,1.000000
test_16805,0.916243
test_16806,0.999979
test_16807,0.050629
test_16808,0.000000
test_16809,0.000305
test_16810,0.000000
test_16811,0.998706
test_16812,0.005142
test_16813,0.000009
test_16814,0.450836
test_16815,0.995647
test_16816,0.000000
test_16817,0.991471
test_16818,0.000035
test_16819,0.999995
test_16820,0.001516
test_16821,0.942996
test_16822,0.999685
test_16823,1.000000
test_16824,0.999998
test_16825,0.121903
test_16826,0.924636
test_16827,0.026570
test_16828,0.032659
test_16829,0.005498
test_16830,0.000039
test_16831,0.999998
test_16832,0.990485
test_16833,0.833478
test_16834,0.886929
test_16835,0.999991
test_16836,0.000668
test_16837,0.999997
test_16838,0.000026
test_16839,0.539580
test_16840,0.970493
test_16841,0.998422
test_16842,0.924841
test_16843,0.000010
test_16844,0.999796
test_16845,0.000050
test_16846,0.000000
test_16847,0.614505
test_16848,0.999999
test_16849,1.000000
test_16850,0.000003
test_16851,0.000562
test_16852,0.070270
test_16853,0.245258
test_16854,0.000448
test_16855,0.000049
test_16856,0.805354
test_16857,0.999090
test_16858,0.990751
test_16859,0.008608
test_16860,0.999891
test_16861,0.400181
test_16862,0.000141
test_16863,1.000000
test_16864,0.999593
test_16865,0.074221
test_16866,0.011562
test_16867,0.558440
test_16868,0.998624
test_16869,0.889116
test_16870,0.999999
test_16871,0.999962
test_16872,1.000000
test_16873,0.000019
test_16874,0.507786
test_16875,0.018139
test_16876,0.995739
test_16877,0.000077
test_16878,0.031012
test_16879,0.841653
test_16880,0.955778
test_16881,0.051475
test_16882,0.132142
test_16883,0.999974
test_16884,0.999998
test_16885,0.030786
test_16886,0.820977
test_16887,0.999992
test_16888,0.984946
test_16889,0.998039
test_16890,0.936587
test_16891,0.322371
test_16892,0.999944
test_16893,0.806714
test_16894,0.997094
test_16895,0.037259
test_16896,0.999510
test_16897,0.022341
test_16898,0.000838
test_16899,0.205286
test_16900,0.000102
test_16901,0.000036
test_16902,0.000049
test_16903,1.000000
test_16904,0.999995
test_16905,0.000248
test_16906,0.277178
test_16907,0.989305
test_16908,0.000000
test_16909,0.802708
test_16910,0.066180
test_16911,0.003867
test_16912,0.999952
test_16913,0.292419
test_16914,0.001104
test_16915,0.999060
test_16916,1.000000
test_16917,0.000000
test_16918,0.988050
test_16919,0.000710
test_16920,0.978002
test_16921,0.999999
test_16922,0.867028
test_16923,0.000044
test_16924,0.145601
test_16925,0.654495
test_16926,0.000004
test_16927,0.003067
test_16928,0.359671
test_16929,0.000382
test_16930,0.013633
test_16931,0.979787
test_16932,0.027614
test_16933,0.999139
test_16934,0.999709
test_16935,0.989270
test_16936,0.761355
test_16937,0.358262
test_16938,0.207930
test_16939,0.649514
test_16940,1.000000
test_16941,0.906747
test_16942,1.000000
test_16943,0.915777
test_16944,0.000000
test_16945,0.000016
test_16946,0.940130
test_16947,0.000002
test_16948,0.667416
test_16949,0.999803
test_16950,0.999997
test_16951,0.999915
test_16952,0.997826
test_16953,0.999997
test_16954,0.000002
test_16955,0.906021
test_16956,0.000000
test_16957,0.106004
test_16958,0.999994
test_16959,0.085621
test_16960,1.000000
test_16961,0.001320
test_16962,0.175695
test_16963,0.999878
test_16964,0.000755
test_16965,0.999999
test_16966,0.000014
test_16967,0.073835
test_16968,0.000000
test_16969,0.959386
test_16970,0.276817
test_16971,0.999969
test_16972,0.103258
test_16973,0.999982
test_16974,0.609809
test_16975,0.072315
test_16976,0.078395
test_16977,0.007298
test_16978,0.984997
test_16979,0.020075
test_16980,1.000000
test_16981,0.998929
test_16982,0.000298
test_16983,0.999999
test_16984,0.000613
test_16985,0.000000
test_16986,0.186209
test_16987,0.000004
test_16988,0.000014
test_16989,0.000039
test_16990,0.000695
test_16991,0.014132
test_16992,0.735331
test_16993,0.040282
test_16994,0.072822
test_16995,0.381387
test_16996,0.823760
test_16997,0.631657
test_16998,0.000020
test_16999,0.997710
test_17000,0.400788
test_17001,0.869737
test_17002,0.999350
test_17003,0.000005
test_17004,0.999985
test_17005,0.435699
test_17006,0.999738
test_17007,0.334565
test_17008,0.999591
test_17009,0.000000
test_17010,0.000007
test_17011,0.116657
test_17012,0.975593
test_17013,0.257954
test_17014,0.000000
test_17015,0.525693
test_17016,0.897274
test_17017,0.888931
test_17018,0.007442
test_17019,0.000000
test_17020,0.999214
test_17021,0.999998
test_17022,0.000069
test_17023,0.000002
test_17024,0.992786
test_17025,0.000346
test_17026,0.005304
test_17027,0.989709
test_17028,1.000000
test_17029,0.153132
test_17030,0.999999
test_17031,0.041194
test_17032,0.999992
test_17033,0.981512
test_17034,0.000000
test_17035,0.724731
test_17036,0.999986
test_17037,0.000019
test_17038,0.074239
test_17039,0.000002
test_17040,0.171696
test_17041,0.465249
test_17042,0.003916
test_17043,0.000000
test_17044,0.241968
test_17045,0.000035
test_17046,0.999923
test_17047,0.954484
test_17048,0.428163
test_17049,1.000000
test_17050,0.275805
test_17051,0.967583
test_17052,0.000002
test_17053,0.997994
test_17054,0.999095
test_17055,0.002428
test_17056,0.999999
test_17057,0.999828
test_17058,0.000666
test_17059,0.000004
test_17060,0.372349
test_17061,0.002103
test_17062,0.999190
test_17063,0.973519
test_17064,0.008839
test_17065,0.997208
test_17066,0.000283
test_17067,0.999717
test_17068,0.000629
test_17069,0.995221
test_17070,0.000004
test_17071,0.990319
test_17072,0.921564
test_17073,0.106390
test_17074,0.908767
test_17075,0.990962
test_17076,0.000005
test_17077,0.775055
test_17078,0.502316
test_17079,0.999995
test_17080,0.998272
test_17081,0.004026
test_17082,0.999887
test_17083,0.874082
test_17084,0.027107
test_17085,0.000073
test_17086,0.852274
test_17087,0.801558
test_17088,0.999998
test_17089,0.000829
test_17090,0.022929
test_17091,0.000132
test_17092,0.007233
test_17093,0.481449
test_17094,0.059329
test_17095,0.999982
test_17096,0.410087
test_17097,0.999992
test_17098,0.141910
test_17099,0.999977
test_17100,0.000230
test_17101,0.036842
test_17102,1.000000
test_17103,0.001702
test_17104,0.781667
test_17105,0.999871
test_17106,1.000000
test_17107,0.000532
test_17108,0.017447
test_17109,0.999005
test_17110,0.785211
test_17111,0.530516
test_17112,0.999447
test_17113,0.973375
test_17114,0.997259
test_17115,0.058494
test_17116,0.999413
test_17117,0.007461
test_17118,0.590190
test_17119,0.999943
test_17120,0.830523
test_17121,0.718848
test_17122,0.999618
test_17123,0.008548
test_17124,0.000010
test_17125,0.971495
test_17126,0.996183
test_17127,0.000000
test_17128,0.021654
test_17129,1.000000
test_17130,0.998582
test_17131,0.004409
test_17132,0.965365
test_17133,0.000000
test_17134,0.000798
test_17135,0.000048
test_17136,0.999998
test_17137,0.593796
test_17138,0.450841
test_17139,0.358642
test_17140,0.000040
test_17141,0.678995
test_17142,0.997260
test_17143,0.999630
test_17144,0.002552
test_17145,0.000006
test_17146,0.999984
test_17147,0.999622
test_17148,0.000000
test_17149,0.774750
test_17150,0.071712
test_17151,0.999906
test_17152,0.002042
test_17153,0.000796
test_17154,0.031220
test_17155,0.000000
test_17156,0.000073
test_17157,0.999725
test_17158,0.853560
test_17159,0.000015
test_17160,0.999570
test_17161,0.938233
test_17162,0.000000
test_17163,0.982459
test_17164,0.999872
test_17165,0.998364
test_17166,0.000014
test_17167,0.017873
test_17168,0.999358
test_17169,1.000000
test_17170,0.305127
test_17171,0.000007
test_17172,0.975667
test_17173,0.888356
test_17174,0.999847
test_17175,0.205760
test_17176,0.140385
test_17177,0.999700
test_17178,0.999202
test_17179,0.898307
test_17180,0.930915
test_17181,0.989877
test_17182,0.058751
test_17183,0.522031
test_17184,0.380061
test_17185,0.999940
test_17186,0.997015
test_17187,0.999678
test_17188,0.000107
test_17189,0.000296
test_17190,0.000290
test_17191,0.021777
test_17192,0.249641
test_17193,0.000525
test_17194,0.997382
test_17195,0.009236
test_17196,0.028080
test_17197,0.001061
test_17198,0.000004
test_17199,0.000309
test_17200,0.999817
test_17201,0.009850
test_17202,0.000004
test_17203,1.000000
test_17204,0.999993
test_17205,0.001216
test_17206,1.000000
test_17207,0.000000
test_17208,0.999992
test_17209,0.387711
test_17210,0.921823
test_17211,0.006613
test_17212,0.999807
test_17213,0.544780
test_17214,0.999920
test_17215,0.998741
test_17216,0.000048
test_17217,0.009164
test_17218,0.000000
test_17219,0.000855
test_17220,0.000351
test_17221,0.000000
test_17222,0.964948
test_17223,0.000131
test_17224,0.014896
test_17225,0.013671
test_17226,0.068283
test_17227,0.994749
test_17228,0.958646
test_17229,1.000000
test_17230,0.999983
test_17231,0.998695
test_17232,0.000000
test_17233,0.000012
test_17234,0.197483
test_17235,1.000000
test_17236,0.000006
test_17237,0.999970
test_17238,0.021467
test_17239,0.615056
test_17240,0.000761
test_17241,0.000589
test_17242,0.998768
test_17243,0.000000
test_17244,0.951292
test_17245,0.001264
test_17246,0.319771
test_17247,0.000072
test_17248,0.129354
test_17249,0.999202
test_17250,0.019790
test_17251,0.988751
test_17252,0.999627
test_17253,0.404602
test_17254,0.033976
test_17255,0.999988
test_17256,0.000653
test_17257,0.007818
test_17258,0.799287
test_17259,0.999911
test_17260,0.003757
test_17261,0.989708
test_17262,0.000072
test_17263,0.873250
test_17264,0.999990
test_17265,1.000000
test_17266,0.000000
test_17267,0.206261
test_17268,0.100006
test_17269,0.006520
test_17270,0.983945
test_17271,0.142013
test_17272,0.988288
test_17273,0.999368
test_17274,0.881353
test_17275,0.357107
test_17276,0.963556
test_17277,0.999752
test_17278,0.037219
test_17279,0.007753
test_17280,0.500993
test_17281,0.000301
test_17282,0.997598
test_17283,0.000026
test_17284,0.998895
test_17285,1.000000
test_17286,1.000000
test_17287,0.000000
test_17288,0.999706
test_17289,0.807606
test_17290,0.000134
test_17291,0.868497
test_17292,0.999976
test_17293,0.003135
test_17294,0.933524
test_17295,0.004890
test_17296,0.963641
test_17297,0.995736
test_17298,0.011133
test_17299,0.999077
test_17300,0.010800
test_17301,0.995256
test_17302,0.004254
test_17303,0.000000
test_17304,0.000319
test_17305,0.918091
test_17306,0.997000
test_17307,0.918300
test_17308,0.303648
test_17309,0.000001
test_17310,0.998923
test_17311,0.000000
test_17312,0.250880
test_17313,0.938401
test_17314,0.879626
test_17315,0.422082
test_17316,0.000101
test_17317,0.996163
test_17318,0.219782
test_17319,0.999963
test_17320,1.000000
test_17321,0.999998
test_17322,0.007239
test_17323,0.919421
test_17324,0.000000
test_17325,0.014425
test_17326,1.000000
test_17327,0.000025
test_17328,0.740506
test_17329,0.007780
test_17330,0.000002
test_17331,0.743214
test_17332,0.994383
test_17333,0.816802
test_17334,0.000000
test_17335,0.849067
test_17336,0.259882
test_17337,0.000537
test_17338,0.968568
test_17339,0.000173
test_17340,0.010317
test_17341,0.000000
test_17342,0.000476
test_17343,0.013047
test_17344,0.999979
test_17345,0.994541
test_17346,0.997369
test_17347,0.004414
test_17348,0.938857
test_17349,0.000066
test_17350,0.000221
test_17351,0.985548
test_17352,0.999998
test_17353,0.999997
test_17354,0.999225
test_17355,0.000009
test_17356,0.315050
test_17357,0.986052
test_17358,0.000001
test_17359,1.000000
test_17360,0.999769
test_17361,0.999833
test_17362,0.290175
test_17363,0.033479
test_17364,0.002358
test_17365,0.000136
test_17366,0.000124
test_17367,0.978615
test_17368,0.000001
test_17369,0.945250
test_17370,0.999058
test_17371,0.999198
test_17372,0.843434
test_17373,0.005527
test_17374,0.999999
test_17375,0.000075
test_17376,0.987326
test_17377,0.000001
test_17378,0.000663
test_17379,0.999623
test_17380,0.999535
test_17381,0.000009
test_17382,0.126170
test_17383,0.978745
test_17384,0.000007
test_17385,0.022370
test_17386,0.000101
test_17387,0.874810
test_17388,0.000002
test_17389,0.000000
test_17390,0.000013
test_17391,0.039701
test_17392,0.000000
test_17393,0.905088
test_17394,0.000001
test_17395,0.004368
test_17396,0.993428
test_17397,0.002139
test_17398,0.997554
test_17399,0.925547
test_17400,0.000012
test_17401,0.999954
test_17402,0.999995
test_17403,0.996479
test_17404,0.999977
test_17405,0.988464
test_17406,0.003354
test_17407,0.999955
test_17408,0.000242
test_17409,0.572758
test_17410,1.000000
test_17411,1.000000
test_17412,0.015107
test_17413,0.999472
test_17414,0.066345
test_17415,0.013054
test_17416,0.996852
test_17417,1.000000
test_17418,0.004866
test_17419,0.007796
test_17420,0.999997
test_17421,0.985669
test_17422,0.962258
test_17423,0.980520
test_17424,0.274885
test_17425,0.467090
test_17426,0.999708
test_17427,0.999974
test_17428,0.000094
test_17429,0.114623
test_17430,0.998110
test_17431,0.000005
test_17432,0.414125
test_17433,0.009537
test_17434,0.667552
test_17435,0.535686
test_17436,0.000818
test_17437,0.132179
test_17438,0.999849
test_17439,0.000000
test_17440,0.000254
test_17441,0.998828
test_17442,0.000000
test_17443,0.990920
test_17444,0.000088
test_17445,0.000000
test_17446,0.966928
test_17447,0.181257
test_17448,0.976174
test_17449,0.992903
test_17450,0.999393
test_17451,0.001485
test_17452,0.025446
test_17453,0.999994
test_17454,0.994107
test_17455,0.008668
test_17456,0.342327
test_17457,0.933703
test_17458,0.165510
test_17459,0.106161
test_17460,0.118258
test_17461,0.993401
test_17462,0.288786
test_17463,0.000000
test_17464,0.000012
test_17465,0.000000
test_17466,0.201804
test_17467,1.000000
test_17468,1.000000
test_17469,0.002199
test_17470,0.559894
test_17471,0.999612
test_17472,0.942542
test_17473,1.000000
test_17474,0.999999
test_17475,0.041870
test_17476,0.989257
test_17477,0.104303
test_17478,0.018649
test_17479,0.000018
test_17480,0.997500
test_17481,0.694376
test_17482,0.977275
test_17483,0.000240
test_17484,0.007972
test_17485,0.976337
test_17486,0.044243
test_17487,0.918036
test_17488,0.686147
test_17489,0.999388
test_17490,0.001350
test_17491,0.972144
test_17492,0.000011
test_17493,1.000000
test_17494,0.015639
test_17495,0.056853
test_17496,0.030859
test_17497,0.001516
test_17498,0.125770
test_17499,0.999997
test_17500,0.000044
test_17501,0.453409
test_17502,0.000000
test_17503,1.000000
test_17504,0.000009
test_17505,0.000416
test_17506,0.000001
test_17507,0.999745
test_17508,1.000000
test_17509,0.999795
test_17510,0.000000
test_17511,0.994749
test_17512,0.176221
test_17513,0.815070
test_17514,1.000000
test_17515,0.999989
test_17516,0.000000
test_17517,0.744856
test_17518,0.044225
test_17519,0.000006
test_17520,0.060339
test_17521,1.000000
test_17522,0.825264
test_17523,0.000022
test_17524,0.890319
test_17525,0.964762
test_17526,0.999995
test_17527,0.031025
test_17528,0.999003
test_17529,0.460603
test_17530,0.999480
test_17531,0.000170
test_17532,0.001847
test_17533,0.999722
test_17534,0.769881
test_17535,0.996349
test_17536,0.999549
test_17537,0.736598
test_17538,0.999988
test_17539,0.000377
test_17540,0.063267
test_17541,0.999954
test_17542,0.998257
test_17543,0.999679
test_17544,0.000268
test_17545,0.999776
test_17546,0.999993
test_17547,0.002481
test_17548,0.997812
test_17549,0.000000
test_17550,0.807175
test_17551,0.001126
test_17552,1.000000
test_17553,0.000264
test_17554,0.999906
test_17555,0.000000
test_17556,0.000000
test_17557,0.999487
test_17558,0.999993
test_17559,1.000000
test_17560,0.144164
test_17561,0.106937
test_17562,0.000122
test_17563,0.000000
test_17564,0.000041
test_17565,0.000231
test_17566,0.000343
test_17567,0.999981
test_17568,0.995135
test_17569,0.177330
test_17570,0.852208
test_17571,0.134700
test_17572,0.999375
test_17573,0.861117
test_17574,0.000017
test_17575,0.001437
test_17576,0.976476
test_17577,0.998310
test_17578,0.000000
test_17579,0.169911
test_17580,0.104011
test_17581,0.002214
test_17582,0.962003
test_17583,0.858684
test_17584,0.971817
test_17585,0.991400
test_17586,0.000010
test_17587,0.049052
test_17588,0.160931
test_17589,0.998842
test_17590,0.000175
test_17591,0.982930
test_17592,0.040094
test_17593,0.999995
test_17594,0.000199
test_17595,0.996516
test_17596,0.982924
test_17597,0.999423
test_17598,0.894992
test_17599,0.999999
test_17600,0.056839
test_17601,0.019122
test_17602,0.098150
test_17603,0.059341
test_17604,0.000049
test_17605,0.000000
test_17606,0.018949
test_17607,0.000302
test_17608,0.041469
test_17609,0.999999
test_17610,0.882359
test_17611,0.999248
test_17612,0.278757
test_17613,0.010016
test_17614,0.999982
test_17615,0.000000
test_17616,0.998411
test_17617,0.000061
test_17618,0.000000
test_17619,0.999840
test_17620,0.973443
test_17621,0.000000
test_17622,0.000113
test_17623,0.848677
test_17624,0.999075
test_17625,0.999995
test_17626,0.000006
test_17627,0.003186
test_17628,0.991879
test_17629,0.948031
test_17630,0.999146
test_17631,0.891464
test_17632,0.238457
test_17633,0.999998
test_17634,0.000022
test_17635,0.366336
test_17636,0.000095
test_17637,0.013565
test_17638,0.912604
test_17639,0.649816
test_17640,0.405213
test_17641,0.011585
test_17642,0.929666
test_17643,0.000000
test_17644,0.894304
test_17645,1.000000
test_17646,0.721666
test_17647,0.000004
test_17648,0.761242
test_17649,0.000221
test_17650,0.001288
test_17651,0.338290
test_17652,0.118776
test_17653,0.882874
test_17654,0.000000
test_17655,0.005199
test_17656,1.000000
test_17657,0.946323
test_17658,0.441401
test_17659,0.000004
test_17660,0.999980
test_17661,0.722544
test_17662,0.000222
test_17663,0.999628
test_17664,0.000051
test_17665,0.383675
test_17666,0.036300
test_17667,0.999956
test_17668,0.000900
test_17669,0.510462
test_17670,0.000000
test_17671,0.000000
test_17672,0.999999
test_17673,0.004216
test_17674,0.000097
test_17675,1.000000
test_17676,0.999746
test_17677,0.992738
test_17678,0.000936
test_17679,0.974460
test_17680,0.000501
test_17681,0.229922
test_17682,0.811769
test_17683,0.911927
test_17684,0.999418
test_17685,0.995547
test_17686,0.000190
test_17687,0.000068
test_17688,0.000000
test_17689,0.999542
test_17690,0.076173
test_17691,0.396244
test_17692,0.992701
test_17693,0.365349
test_17694,0.798815
test_17695,0.999998
test_17696,0.999999
test_17697,0.999973
test_17698,0.000020
test_17699,0.000043
test_17700,0.097072
test_17701,0.993703
test_17702,0.022591
test_17703,0.008704
test_17704,0.000005
test_17705,0.001024
test_17706,0.350209
test_17707,0.000198
test_17708,1.000000
test_17709,0.052043
test_17710,0.575790
test_17711,0.115136
test_17712,0.279894
test_17713,0.024250
test_17714,0.031126
test_17715,0.559122
test_17716,0.000401
test_17717,0.999999
test_17718,0.036609
test_17719,0.000018
test_17720,0.103239
test_17721,0.499839
test_17722,0.000258
test_17723,0.647599
test_17724,0.999899
test_17725,0.000000
test_17726,0.692146
test_17727,0.977605
test_17728,0.959558
test_17729,0.970358
test_17730,0.999672
test_17731,0.111246
test_17732,0.999970
test_17733,1.000000
test_17734,0.000136
test_17735,0.896991
test_17736,0.999986
test_17737,0.001120
test_17738,0.780400
test_17739,0.941921
test_17740,0.000268
test_17741,1.000000
test_17742,0.000132
test_17743,0.999502
test_17744,0.999997
test_17745,0.000007
test_17746,0.000003
test_17747,0.013360
test_17748,0.796735
test_17749,1.000000
test_17750,0.043245
test_17751,0.318212
test_17752,0.000000
test_17753,0.697364
test_17754,0.000266
test_17755,1.000000
test_17756,0.084026
test_17757,0.712553
test_17758,0.000000
test_17759,1.000000
test_17760,0.725959
test_17761,0.463343
test_17762,0.091487
test_17763,0.002840
test_17764,0.001434
test_17765,0.999826
test_17766,0.002173
test_17767,0.062155
test_17768,1.000000
test_17769,0.000001
test_17770,0.998541
test_17771,0.265240
test_17772,0.834883
test_17773,0.048339
test_17774,0.000929
test_17775,0.141553
test_17776,0.999960
test_17777,0.000021
test_17778,0.018884
test_17779,0.000110
test_17780,1.000000
test_17781,0.000000
test_17782,1.000000
test_17783,0.000001
test_17784,0.993622
test_17785,1.000000
test_17786,0.953503
test_17787,0.982433
test_17788,0.998914
test_17789,0.003106
test_17790,0.012881
test_17791,0.996742
test_17792,0.000005
test_17793,0.008957
test_17794,0.000450
test_17795,0.005449
test_17796,0.008296
test_17797,0.999999
test_17798,0.000053
test_17799,0.131629
test_17800,0.348498
test_17801,0.000000
test_17802,0.275239
test_17803,0.001246
test_17804,0.999881
test_17805,0.563477
test_17806,0.996108
test_17807,0.000078
test_17808,0.210301
test_17809,0.000047
test_17810,0.433228
test_17811,0.621754
test_17812,0.002804
test_17813,0.145944
test_17814,0.755404
test_17815,0.907544
test_17816,0.998256
test_17817,0.984588
test_17818,0.358200
test_17819,0.999989
test_17820,0.000037
test_17821,0.999882
test_17822,0.000065
test_17823,0.000451
test_17824,0.920541
test_17825,0.000045
test_17826,0.569259
test_17827,0.882878
test_17828,0.999999
test_17829,0.396010
test_17830,0.999446
test_17831,0.000001
test_17832,0.000005
test_17833,0.539590
test_17834,0.027906
test_17835,0.998693
test_17836,0.999443
test_17837,0.999727
test_17838,0.998643
test_17839,0.999797
test_17840,0.698352
test_17841,1.000000
test_17842,0.997763
test_17843,0.004441
test_17844,0.601238
test_17845,0.701509
test_17846,0.000025
test_17847,0.992972
test_17848,0.999953
test_17849,0.000001
test_17850,0.000041
test_17851,0.357556
test_17852,0.998129
test_17853,0.981563
test_17854,0.000007
test_17855,0.000014
test_17856,1.000000
test_17857,0.000014
test_17858,0.997920
test_17859,0.999996
test_17860,0.000002
test_17861,0.997928
test_17862,0.999998
test_17863,0.000317
test_17864,0.000168
test_17865,0.989210
test_17866,0.002998
test_17867,0.882429
test_17868,0.345465
test_17869,0.002162
test_17870,0.999679
test_17871,0.756296
test_17872,0.024432
test_17873,0.999996
test_17874,0.032795
test_17875,0.986425
test_17876,0.000151
test_17877,0.000159
test_17878,0.403945
test_17879,0.999998
test_17880,0.000375
test_17881,0.879051
test_17882,0.000999
test_17883,0.957250
test_17884,0.930966
test_17885,0.999669
test_17886,0.000002
test_17887,1.000000
test_17888,0.231605
test_17889,0.998730
test_17890,0.999996
test_17891,0.783650
test_17892,0.999741
test_17893,0.976335
test_17894,0.985500
test_17895,0.505955
test_17896,1.000000
test_17897,0.004177
test_17898,0.893891
test_17899,0.000684
test_17900,0.997731
test_17901,0.001031
test_17902,0.072580
test_17903,0.999819
test_17904,0.999882
test_17905,0.398386
test_17906,1.000000
test_17907,0.755289
test_17908,0.571047
test_17909,0.724472
test_17910,0.000001
test_17911,0.000000
test_17912,0.999832
test_17913,0.618595
test_17914,0.077308
test_17915,0.999586
test_17916,0.004782
test_17917,0.001427
test_17918,0.000064
test_17919,0.006643
test_17920,0.000089
test_17921,0.998870
test_17922,0.963743
test_17923,0.999990
test_17924,0.006101
test_17925,0.221952
test_17926,0.000000
test_17927,0.042673
test_17928,0.999904
test_17929,0.107088
test_17930,1.000000
test_17931,0.984113
test_17932,0.111005
test_17933,0.993646
test_17934,0.019238
test_17935,0.087336
test_17936,0.999917
test_17937,0.000680
test_17938,0.000022
test_17939,0.999630
test_17940,1.000000
test_17941,0.426985
test_17942,1.000000
test_17943,0.997708
test_17944,1.000000
test_17945,0.000639
test_17946,0.498635
test_17947,0.283833
test_17948,0.012005
test_17949,0.462552
test_17950,0.998543
test_17951,0.018933
test_17952,0.239320
test_17953,0.999114
test_17954,0.032181
test_17955,0.000000
test_17956,0.999986
test_17957,0.000001
test_17958,0.000063
test_17959,0.000084
test_17960,0.000001
test_17961,0.001024
test_17962,0.000387
test_17963,0.986667
test_17964,0.976417
test_17965,1.000000
test_17966,0.999824
test_17967,0.000026
test_17968,0.069830
test_17969,0.000008
test_17970,0.000009
test_17971,0.998684
test_17972,0.000245
test_17973,0.982352
test_17974,0.059584
test_17975,0.000583
test_17976,0.999509
test_17977,0.000007
test_17978,0.999872
test_17979,0.308547
test_17980,0.107005
test_17981,0.756590
test_17982,0.999929
test_17983,0.943661
test_17984,0.001122
test_17985,0.507150
test_17986,0.030751
test_17987,0.999983
test_17988,0.999990
test_17989,0.999841
test_17990,0.047851
test_17991,0.998671
test_17992,0.986627
test_17993,0.000256
test_17994,0.339779
test_17995,0.093418
test_17996,0.999980
test_17997,0.000024
test_17998,0.006598
test_17999,0.995266
test_18000,0.701294
test_18001,0.000501
test_18002,0.999867
test_18003,0.999999
test_18004,0.032551
test_18005,0.972095
test_18006,0.191629
test_18007,0.980504
test_18008,0.822822
test_18009,0.999495
test_18010,0.415415
test_18011,0.999988
test_18012,0.000001
test_18013,0.633089
test_18014,0.000001
test_18015,0.001042
test_18016,0.026284
test_18017,0.001073
test_18018,0.563927
test_18019,0.000003
test_18020,0.873825
test_18021,0.136646
test_18022,0.999966
test_18023,0.999048
test_18024,0.000003
test_18025,0.000120
test_18026,0.592121
test_18027,0.000003
test_18028,0.975307
test_18029,0.025985
test_18030,0.999958
test_18031,0.992105
test_18032,0.091302
test_18033,0.997447
test_18034,0.997602
test_18035,0.117915
test_18036,0.999999
test_18037,0.000284
test_18038,0.488608
test_18039,0.999790
test_18040,1.000000
test_18041,0.999998
test_18042,1.000000
test_18043,0.000000
test_18044,1.000000
test_18045,0.000057
test_18046,0.998633
test_18047,0.153467
test_18048,0.023165
test_18049,0.997895
test_18050,0.999955
test_18051,0.000002
test_18052,0.052837
test_18053,0.341686
test_18054,0.021930
test_18055,0.975472
test_18056,0.000139
test_18057,0.368856
test_18058,0.672161
test_18059,0.306545
test_18060,0.996539
test_18061,0.991544
test_18062,1.000000
test_18063,0.061802
test_18064,0.952848
test_18065,0.998880
test_18066,0.000058
test_18067,0.997422
test_18068,0.999884
test_18069,0.649510
test_18070,0.999979
test_18071,0.000000
test_18072,0.918725
test_18073,0.523166
test_18074,0.337895
test_18075,0.999994
test_18076,0.999080
test_18077,0.000000
test_18078,0.980800
test_18079,1.000000
test_18080,1.000000
test_18081,0.983705
test_18082,1.000000
test_18083,0.994585
test_18084,1.000000
test_18085,0.000298
test_18086,0.999999
test_18087,0.002982
test_18088,0.998430
test_18089,0.000013
test_18090,0.000000
test_18091,0.997359
test_18092,1.000000
test_18093,0.997661
test_18094,0.031291
test_18095,0.786197
test_18096,0.579541
test_18097,0.997924
test_18098,1.000000
test_18099,0.999990
test_18100,0.020517
test_18101,0.000476
test_18102,0.999965
test_18103,0.010677
test_18104,0.810743
test_18105,0.999851
test_18106,0.569893
test_18107,0.400077
test_18108,0.020813
test_18109,0.000256
test_18110,0.675446
test_18111,0.554628
test_18112,0.280387
test_18113,0.251169
test_18114,0.594949
test_18115,1.000000
test_18116,0.995755
test_18117,0.000943
test_18118,0.053048
test_18119,0.039690
test_18120,0.000482
test_18121,0.149031
test_18122,0.064312
test_18123,0.998128
test_18124,0.021279
test_18125,0.743990
test_18126,0.999449
test_18127,0.000000
test_18128,0.018326
test_18129,0.000001
test_18130,0.000002
test_18131,0.999841
test_18132,0.000000
test_18133,0.000447
test_18134,0.000288
test_18135,0.241095
test_18136,0.000673
test_18137,0.000095
test_18138,0.341726
test_18139,0.000000
test_18140,0.000000
test_18141,0.000963
test_18142,0.006379
test_18143,0.966890
test_18144,0.000016
test_18145,0.987538
test_18146,0.999594
test_18147,0.000003
test_18148,0.000657
test_18149,0.999117
test_18150,0.997343
test_18151,0.999357
test_18152,0.999999
test_18153,0.000001
test_18154,0.997664
test_18155,1.000000
test_18156,0.000575
test_18157,0.006743
test_18158,0.653505
test_18159,0.644672
test_18160,0.999989
test_18161,0.798673
test_18162,0.659940
test_18163,0.000033
test_18164,0.995159
test_18165,0.028158
test_18166,0.031705
test_18167,0.999995
test_18168,1.000000
test_18169,0.897397
test_18170,0.999269
test_18171,0.608041
test_18172,0.986450
test_18173,1.000000
test_18174,0.999971
test_18175,0.000039
test_18176,0.999209
test_18177,0.999990
test_18178,0.999027
test_18179,0.996129
test_18180,0.006769
test_18181,0.614702
test_18182,0.999998
test_18183,0.990493
test_18184,0.942483
test_18185,0.916800
test_18186,0.000036
test_18187,0.000001
test_18188,0.247230
test_18189,0.012758
test_18190,1.000000
test_18191,0.997134
test_18192,0.999994
test_18193,0.840130
test_18194,0.048379
test_18195,0.999946
test_18196,0.652533
test_18197,0.999900
test_18198,0.266070
test_18199,0.999763
test_18200,0.000956
test_18201,0.999776
test_18202,0.998662
test_18203,0.999794
test_18204,0.999956
test_18205,0.740647
test_18206,0.003399
test_18207,0.999858
test_18208,0.005800
test_18209,0.999997
test_18210,0.998016
test_18211,0.963713
test_18212,0.002998
test_18213,0.381998
test_18214,0.001833
test_18215,0.380402
test_18216,0.338817
test_18217,0.001355
test_18218,1.000000
test_18219,0.000000
test_18220,0.987239
test_18221,0.008203
test_18222,0.000000
test_18223,0.000003
test_18224,0.999967
test_18225,0.964527
test_18226,0.998060
test_18227,0.995752
test_18228,0.999999
test_18229,0.013425
test_18230,1.000000
test_18231,0.025501
test_18232,0.631673
test_18233,0.999999
test_18234,0.011693
test_18235,0.971510
test_18236,0.021191
test_18237,0.000056
test_18238,0.445715
test_18239,0.966262
test_18240,0.117653
test_18241,0.536384
test_18242,0.000162
test_18243,0.014626
test_18244,0.996674
test_18245,0.999893
test_18246,1.000000
test_18247,0.537227
test_18248,0.875955
test_18249,0.052216
test_18250,0.000000
test_18251,0.031517
test_18252,0.947330
test_18253,0.999875
test_18254,0.000000
test_18255,0.000015
test_18256,0.012376
test_18257,0.000012
test_18258,0.969371
test_18259,0.022138
test_18260,0.992890
test_18261,0.999994
test_18262,0.000018
test_18263,0.999974
test_18264,0.000000
test_18265,0.215254
test_18266,0.000110
test_18267,1.000000
test_18268,0.999997
test_18269,0.000001
test_18270,0.999963
test_18271,0.000013
test_18272,0.000000
test_18273,0.005309
test_18274,0.000001
test_18275,0.000004
test_18276,0.000119
test_18277,0.002175
test_18278,0.000005
test_18279,0.944872
test_18280,1.000000
test_18281,0.001972
test_18282,0.487773
test_18283,0.116475
test_18284,0.233955
test_18285,0.999986
test_18286,0.252530
test_18287,0.022211
test_18288,0.000080
test_18289,0.991646
test_18290,0.999869
test_18291,0.000006
test_18292,0.329807
test_18293,0.947586
test_18294,0.903681
test_18295,0.999995
test_18296,0.000334
test_18297,0.000486
test_18298,0.603711
test_18299,0.000004
test_18300,0.168405
test_18301,0.000297
test_18302,0.003795
test_18303,0.003467
test_18304,0.000236
test_18305,0.981751
test_18306,0.007867
test_18307,0.000039
test_18308,0.001730
test_18309,0.987845
test_18310,0.978769
test_18311,0.000182
test_18312,0.001227
test_18313,0.999999
test_18314,0.746114
test_18315,0.009892
test_18316,0.946806
test_18317,0.037110
test_18318,0.983644
test_18319,0.000464
test_18320,0.312115
test_18321,0.000000
test_18322,0.999989
test_18323,0.852359
test_18324,0.993143
test_18325,0.752887
test_18326,0.999430
test_18327,0.020797
test_18328,0.134354
test_18329,0.999995
test_18330,0.000048
test_18331,1.000000
test_18332,0.686905
test_18333,0.413897
test_18334,0.999969
test_18335,0.005940
test_18336,0.000092
test_18337,0.999978
test_18338,0.974301
test_18339,0.008990
test_18340,0.999386
test_18341,0.000072
test_18342,0.000044
test_18343,0.999901
test_18344,0.999998
test_18345,0.000190
test_18346,0.000000
test_18347,0.351621
test_18348,0.000001
test_18349,0.153387
test_18350,0.991831
test_18351,0.000919
test_18352,0.017621
test_18353,0.001736
test_18354,0.599374
test_18355,0.814397
test_18356,0.156633
test_18357,0.999932
test_18358,0.000183
test_18359,0.029080
test_18360,1.000000
test_18361,0.999999
test_18362,0.129261
test_18363,0.999522
test_18364,0.130322
test_18365,0.999898
test_18366,0.921683
test_18367,0.200927
test_18368,0.999978
test_18369,0.999886
test_18370,0.999840
test_18371,0.054349
test_18372,0.952732
test_18373,0.030220
test_18374,0.998531
test_18375,1.000000
test_18376,0.000934
test_18377,0.946761
test_18378,0.513824
test_18379,0.991779
test_18380,0.006950
test_18381,0.998190
test_18382,0.959138
test_18383,0.997942
test_18384,0.088247
test_18385,0.999188
test_18386,0.651050
test_18387,0.050067
test_18388,0.999293
test_18389,0.996332
test_18390,0.999301
test_18391,0.000022
test_18392,0.963148
test_18393,0.615317
test_18394,0.000006
test_18395,0.000345
test_18396,0.101265
test_18397,0.999914
test_18398,0.249378
test_18399,0.998697
test_18400,0.000002
test_18401,0.992760
test_18402,0.995278
test_18403,0.999981
test_18404,0.966442
test_18405,0.003932
test_18406,0.992648
test_18407,0.993215
test_18408,0.999989
test_18409,0.003880
test_18410,0.999996
test_18411,0.936837
test_18412,0.843732
test_18413,0.997362
test_18414,0.000000
test_18415,0.000000
test_18416,1.000000
test_18417,0.000003
test_18418,0.859087
test_18419,1.000000
test_18420,0.529858
test_18421,0.592655
test_18422,0.858536
test_18423,0.999999
test_18424,0.999998
test_18425,0.001702
test_18426,1.000000
test_18427,0.984812
test_18428,0.027777
test_18429,0.000197
test_18430,0.997879
test_18431,0.995311
test_18432,0.002108
test_18433,0.999999
test_18434,0.968886
test_18435,0.988795
test_18436,0.867380
test_18437,0.232685
test_18438,0.000001
test_18439,0.999940
test_18440,0.054414
test_18441,0.377186
test_18442,0.999997
test_18443,0.006321
test_18444,0.000000
test_18445,0.999982
test_18446,0.999922
test_18447,0.005192
test_18448,0.000237
test_18449,0.000036
test_18450,0.569111
test_18451,0.006481
test_18452,0.030251
test_18453,0.999411
test_18454,0.000015
test_18455,0.982490
test_18456,0.649771
test_18457,0.000035
test_18458,0.999999
test_18459,0.865893
test_18460,0.999602
test_18461,0.976278
test_18462,0.903257
test_18463,0.663480
test_18464,0.997484
test_18465,0.000020
test_18466,0.999980
test_18467,0.649045
test_18468,0.000069
test_18469,0.067584
test_18470,0.408775
test_18471,0.999717
test_18472,0.038067
test_18473,1.000000
test_18474,0.271996
test_18475,0.027459
test_18476,0.997165
test_18477,0.006601
test_18478,0.025716
test_18479,0.979775
test_18480,0.813215
test_18481,0.003627
test_18482,0.000031
test_18483,0.999915
test_18484,0.670902
test_18485,0.999780
test_18486,0.000221
test_18487,0.099690
test_18488,0.962399
test_18489,0.033414
test_18490,0.996862
test_18491,0.000000
test_18492,0.000008
test_18493,0.000855
test_18494,0.001249
test_18495,0.999979
test_18496,0.540858
test_18497,0.999839
test_18498,1.000000
test_18499,0.000000
test_18500,0.011947
test_18501,1.000000
test_18502,0.998473
test_18503,0.000000
test_18504,0.547830
test_18505,0.004828
test_18506,0.999893
test_18507,1.000000
test_18508,0.027838
test_18509,0.935751
test_18510,0.999718
test_18511,0.511327
test_18512,0.998889
test_18513,0.000021
test_18514,0.812527
test_18515,0.128505
test_18516,1.000000
test_18517,0.950966
test_18518,0.465542
test_18519,0.999990
test_18520,0.060955
test_18521,0.000002
test_18522,0.000108
test_18523,0.838293
test_18524,0.084676
test_18525,0.556672
test_18526,0.900407
test_18527,0.000168
test_18528,0.000885
test_18529,1.000000
test_18530,0.999999
test_18531,0.999962
test_18532,0.000000
test_18533,0.995258
test_18534,0.000000
test_18535,0.000822
test_18536,0.973825
test_18537,0.853938
test_18538,0.999998
test_18539,0.351038
test_18540,0.374358
test_18541,0.380408
test_18542,0.006167
test_18543,0.998185
test_18544,0.192233
test_18545,0.999598
test_18546,1.000000
test_18547,0.987285
test_18548,0.999889
test_18549,0.567675
test_18550,0.999730
test_18551,0.999819
test_18552,0.000315
test_18553,0.000972
test_18554,0.999862
test_18555,0.973863
test_18556,0.859237
test_18557,0.637662
test_18558,0.249585
test_18559,0.999988
test_18560,0.000006
test_18561,0.800441
test_18562,0.999530
test_18563,1.000000
test_18564,0.000018
test_18565,0.837834
test_18566,0.360397
test_18567,0.188754
test_18568,0.975214
test_18569,0.995437
test_18570,0.001840
test_18571,0.000661
test_18572,0.000219
test_18573,0.990994
test_18574,0.994153
test_18575,0.000021
test_18576,0.064296
test_18577,0.000123
test_18578,0.775791
test_18579,1.000000
test_18580,0.133413
test_18581,0.000001
test_18582,0.997487
test_18583,0.000931
test_18584,0.001703
test_18585,0.142459
test_18586,0.999977
test_18587,0.997815
test_18588,0.999996
test_18589,0.384568
test_18590,1.000000
test_18591,0.065428
test_18592,0.000005
test_18593,0.003148
test_18594,0.000001
test_18595,0.664256
test_18596,0.999280
test_18597,0.975519
test_18598,1.000000
test_18599,0.999999
test_18600,0.998605
test_18601,0.986399
test_18602,0.999717
test_18603,0.854752
test_18604,0.191353
test_18605,0.000192
test_18606,0.955429
test_18607,0.999999
test_18608,0.120919
test_18609,0.001052
test_18610,0.701572
test_18611,0.924955
test_18612,1.000000
test_18613,0.937420
test_18614,0.000025
test_18615,0.999976
test_18616,0.000018
test_18617,0.982822
test_18618,0.075144
test_18619,0.900640
test_18620,1.000000
test_18621,0.895499
test_18622,0.120087
test_18623,0.995615
test_18624,0.116623
test_18625,0.998901
test_18626,0.029610
test_18627,0.839563
test_18628,0.000328
test_18629,0.000037
test_18630,0.999949
test_18631,0.035174
test_18632,0.010304
test_18633,0.001077
test_18634,1.000000
test_18635,0.959905
test_18636,0.000037
test_18637,0.998169
test_18638,0.000012
test_18639,0.999432
test_18640,0.999243
test_18641,0.081120
test_18642,0.120047
test_18643,0.000018
test_18644,0.004711
test_18645,0.000462
test_18646,0.777685
test_18647,0.364172
test_18648,0.998665
test_18649,0.004164
test_18650,0.000000
test_18651,0.999998
test_18652,0.004077
test_18653,0.000003
test_18654,0.005514
test_18655,0.996659
test_18656,0.058904
test_18657,0.000007
test_18658,0.000101
test_18659,0.938251
test_18660,0.958393
test_18661,0.000165
test_18662,0.000612
test_18663,0.407156
test_18664,0.999985
test_18665,0.022138
test_18666,0.764560
test_18667,0.894320
test_18668,1.000000
test_18669,0.998142
test_18670,0.003954
test_18671,0.037843
test_18672,0.000010
test_18673,0.902852
test_18674,0.000239
test_18675,0.121260
test_18676,0.999785
test_18677,0.000013
test_18678,0.000000
test_18679,0.996318
test_18680,0.999976
test_18681,0.995417
test_18682,0.999996
test_18683,0.999627
test_18684,0.999737
test_18685,0.837646
test_18686,0.998514
test_18687,0.999780
test_18688,0.000145
test_18689,0.999926
test_18690,0.990209
test_18691,0.999962
test_18692,0.005392
test_18693,1.000000
test_18694,0.525847
test_18695,0.999774
test_18696,0.999995
test_18697,0.000007
test_18698,0.000000
test_18699,0.308045
test_18700,0.973702
test_18701,0.551484
test_18702,0.000013
test_18703,0.000000
test_18704,0.999025
test_18705,0.059869
test_18706,0.999957
test_18707,0.000050
test_18708,0.000684
test_18709,0.999896
test_18710,0.974968
test_18711,0.998702
test_18712,0.006887
test_18713,0.999941
test_18714,0.001245
test_18715,0.967677
test_18716,0.951119
test_18717,0.743715
test_18718,0.691252
test_18719,0.999798
test_18720,0.000101
test_18721,0.804994
test_18722,0.605891
test_18723,0.047647
test_18724,0.999906
test_18725,0.795691
test_18726,0.654876
test_18727,0.999386
test_18728,0.147892
test_18729,0.886381
test_18730,0.000010
test_18731,0.999554
test_18732,0.000000
test_18733,0.999974
test_18734,0.460682
test_18735,0.007866
test_18736,0.999487
test_18737,0.999758
test_18738,0.000047
test_18739,0.882301
test_18740,0.014180
test_18741,0.203355
test_18742,0.004212
test_18743,0.999908
test_18744,0.999987
test_18745,0.999973
test_18746,1.000000
test_18747,0.000000
test_18748,0.999965
test_18749,1.000000
test_18750,0.175591
test_18751,0.304750
test_18752,0.005781
test_18753,0.999990
test_18754,0.954165
test_18755,0.541843
test_18756,0.440826
test_18757,0.143575
test_18758,0.000000
test_18759,0.954519
test_18760,0.000002
test_18761,0.956968
test_18762,0.993601
test_18763,0.999997
test_18764,0.999524
test_18765,0.000074
test_18766,0.000000
test_18767,1.000000
test_18768,0.000378
test_18769,0.000000
test_18770,0.691417
test_18771,0.020638
test_18772,0.000070
test_18773,0.464673
test_18774,0.000000
test_18775,0.000001
test_18776,0.000933
test_18777,0.000017
test_18778,0.999997
test_18779,0.612408
test_18780,0.278010
test_18781,0.018636
test_18782,0.999900
test_18783,0.000014
test_18784,0.000004
test_18785,0.467528
test_18786,0.001256
test_18787,0.999998
test_18788,0.979670
test_18789,0.000531
test_18790,0.000002
test_18791,0.000014
test_18792,0.999310
test_18793,0.000001
test_18794,0.999999
test_18795,0.000029
test_18796,0.999147
test_18797,0.999998
test_18798,0.000280
test_18799,0.999815
test_18800,0.079878
test_18801,0.974769
test_18802,0.999998
test_18803,0.139256
test_18804,0.000745
test_18805,0.002935
test_18806,0.999925
test_18807,0.087477
test_18808,0.000593
test_18809,0.000438
test_18810,0.001253
test_18811,0.943892
test_18812,0.000001
test_18813,0.999813
test_18814,0.849240
test_18815,0.000529
test_18816,0.998219
test_18817,0.000000
test_18818,0.326172
test_18819,0.999541
test_18820,0.949296
test_18821,1.000000
test_18822,0.961353
test_18823,1.000000
test_18824,0.000000
test_18825,0.566465
test_18826,0.000036
test_18827,0.011989
test_18828,0.001993
test_18829,0.000033
test_18830,0.000082
test_18831,0.999781
test_18832,0.000188
test_18833,0.004221
test_18834,0.998861
test_18835,1.000000
test_18836,0.674979
test_18837,0.999985
test_18838,0.000727
test_18839,0.999999
test_18840,0.999979
test_18841,0.076016
test_18842,0.000005
test_18843,0.612074
test_18844,0.000054
test_18845,0.989510
test_18846,0.960643
test_18847,0.092437
test_18848,0.999628
test_18849,0.665592
test_18850,0.000000
test_18851,0.999998
test_18852,0.000001
test_18853,0.028383
test_18854,0.358948
test_18855,0.000000
test_18856,0.008157
test_18857,0.000013
test_18858,1.000000
test_18859,0.004533
test_18860,0.996664
test_18861,0.031605
test_18862,0.000257
test_18863,0.000002
test_18864,0.999623
test_18865,0.000000
test_18866,0.000000
test_18867,1.000000
test_18868,0.000001
test_18869,0.863306
test_18870,1.000000
test_18871,0.024926
test_18872,0.993637
test_18873,0.430042
test_18874,0.688239
test_18875,0.931336
test_18876,0.999999
test_18877,0.047910
test_18878,0.960613
test_18879,0.033347
test_18880,0.913125
test_18881,0.999986
test_18882,0.000000
test_18883,0.068634
test_18884,0.020119
test_18885,0.015618
test_18886,0.487292
test_18887,0.689561
test_18888,0.007277
test_18889,0.000001
test_18890,0.000008
test_18891,0.000000
test_18892,1.000000
test_18893,0.905011
test_18894,0.999964
test_18895,0.998003
test_18896,0.875646
test_18897,0.643459
test_18898,0.999923
test_18899,0.220600
test_18900,0.121506
test_18901,0.996141
test_18902,0.987796
test_18903,0.000722
test_18904,0.682226
test_18905,0.371384
test_18906,0.011134
test_18907,0.000052
test_18908,0.924088
test_18909,0.999930
test_18910,0.022167
test_18911,0.001309
test_18912,0.991785
test_18913,0.001057
test_18914,0.010799
test_18915,0.002831
test_18916,0.000000
test_18917,0.000183
test_18918,1.000000
test_18919,0.998793
test_18920,0.002349
test_18921,0.999870
test_18922,0.000010
test_18923,0.958309
test_18924,0.000000
test_18925,0.000018
test_18926,0.000000
test_18927,0.623117
test_18928,0.000187
test_18929,0.662426
test_18930,1.000000
test_18931,0.999967
test_18932,0.005620
test_18933,0.040110
test_18934,1.000000
test_18935,0.029924
test_18936,0.000269
test_18937,0.999998
test_18938,0.014318
test_18939,0.115415
test_18940,0.000955
test_18941,0.999867
test_18942,0.004485
test_18943,0.000001
test_18944,0.000000
test_18945,1.000000
test_18946,0.000019
test_18947,1.000000
test_18948,0.727226
test_18949,0.961400
test_18950,0.420827
test_18951,0.000000
test_18952,0.999902
test_18953,0.594096
test_18954,0.999920
test_18955,0.003472
test_18956,0.000000
test_18957,0.999949
test_18958,0.999504
test_18959,0.000009
test_18960,0.157427
test_18961,0.482130
test_18962,0.000011
test_18963,0.000027
test_18964,0.001105
test_18965,0.009207
test_18966,0.997026
test_18967,1.000000
test_18968,0.989820
test_18969,0.999943
test_18970,0.000001
test_18971,0.999634
test_18972,0.004721
test_18973,0.996722
test_18974,1.000000
test_18975,0.999780
test_18976,0.999997
test_18977,1.000000
test_18978,0.990719
test_18979,0.999371
test_18980,0.992864
test_18981,0.022193
test_18982,0.000830
test_18983,0.999999
test_18984,0.993301
test_18985,0.139363
test_18986,0.178874
test_18987,0.999999
test_18988,0.001171
test_18989,0.999973
test_18990,0.999492
test_18991,1.000000
test_18992,0.000696
test_18993,1.000000
test_18994,0.992075
test_18995,1.000000
test_18996,0.000007
test_18997,0.012220
test_18998,1.000000
test_18999,0.038169
test_19000,0.999996
test_19001,0.003957
test_19002,0.000056
test_19003,0.000016
test_19004,0.782234
test_19005,0.000113
test_19006,0.999999
test_19007,0.149052
test_19008,0.100435
test_19009,0.016023
test_19010,0.996158
test_19011,1.000000
test_19012,0.000024
test_19013,0.005614
test_19014,0.999806
test_19015,0.000005
test_19016,0.999981
test_19017,0.000759
test_19018,0.065190
test_19019,0.916879
test_19020,0.187209
test_19021,0.278558
test_19022,0.001308
test_19023,0.000012
test_19024,0.835613
test_19025,0.999942
test_19026,0.998944
test_19027,0.004394
test_19028,0.060126
test_19029,0.994165
test_19030,0.000089
test_19031,0.999942
test_19032,0.201549
test_19033,0.999702
test_19034,0.969282
test_19035,0.000034
test_19036,0.496775
test_19037,0.999973
test_19038,0.000001
test_19039,0.014372
test_19040,0.985878
test_19041,0.262596
test_19042,0.999980
test_19043,0.999995
test_19044,0.020128
test_19045,0.000014
test_19046,0.817127
test_19047,0.596050
test_19048,0.999969
test_19049,0.999986
test_19050,0.999521
test_19051,0.031757
test_19052,0.351410
test_19053,0.991146
test_19054,0.000001
test_19055,1.000000
test_19056,0.514053
test_19057,0.999831
test_19058,0.000080
test_19059,0.000000
test_19060,0.000005
test_19061,0.609419
test_19062,0.000766
test_19063,0.999703
test_19064,0.000383
test_19065,0.015147
test_19066,0.023521
test_19067,0.905293
test_19068,0.999812
test_19069,0.000002
test_19070,0.563314
test_19071,0.479398
test_19072,0.032464
test_19073,0.999999
test_19074,1.000000
test_19075,0.998992
test_19076,1.000000
test_19077,0.135290
test_19078,0.000379
test_19079,0.896280
test_19080,0.127180
test_19081,0.998154
test_19082,0.786530
test_19083,0.995507
test_19084,0.999446
test_19085,0.143526
test_19086,0.001416
test_19087,0.000001
test_19088,0.000143
test_19089,0.999820
test_19090,0.000021
test_19091,1.000000
test_19092,0.985218
test_19093,0.000093
test_19094,0.000031
test_19095,0.000021
test_19096,1.000000
test_19097,0.001069
test_19098,0.820300
test_19099,0.999983
test_19100,0.001377
test_19101,0.996816
test_19102,0.000006
test_19103,0.001160
test_19104,0.000861
test_19105,1.000000
test_19106,0.000001
test_19107,1.000000
test_19108,0.140017
test_19109,0.000000
test_19110,0.010820
test_19111,0.000251
test_19112,1.000000
test_19113,0.016209
test_19114,0.000562
test_19115,0.000005
test_19116,0.998948
test_19117,0.713255
test_19118,0.000001
test_19119,0.436349
test_19120,0.025349
test_19121,0.999992
test_19122,0.994429
test_19123,0.999995
test_19124,0.000121
test_19125,0.999997
test_19126,0.964752
test_19127,0.000079
test_19128,0.384308
test_19129,0.001037
test_19130,0.999997
test_19131,0.781720
test_19132,0.085604
test_19133,0.000058
test_19134,0.999995
test_19135,0.000017
test_19136,0.992584
test_19137,0.999999
test_19138,0.000000
test_19139,0.030045
test_19140,1.000000
test_19141,0.001557
test_19142,0.998190
test_19143,0.000347
test_19144,0.999861
test_19145,0.999957
test_19146,0.767186
test_19147,0.999498
test_19148,1.000000
test_19149,0.834453
test_19150,0.096775
test_19151,0.005986
test_19152,0.953461
test_19153,0.422546
test_19154,0.101989
test_19155,0.996252
test_19156,0.431490
test_19157,1.000000
test_19158,0.977366
test_19159,0.997179
test_19160,0.000015
test_19161,0.001085
test_19162,0.000688
test_19163,1.000000
test_19164,0.000012
test_19165,0.002036
test_19166,0.999947
test_19167,0.914185
test_19168,0.999906
test_19169,0.000000
test_19170,0.999994
test_19171,1.000000
test_19172,0.551216
test_19173,0.971541
test_19174,0.000008
test_19175,0.410764
test_19176,0.056883
test_19177,0.999889
test_19178,0.996929
test_19179,0.519951
test_19180,0.001031
test_19181,0.703066
test_19182,0.000000
test_19183,0.999974
test_19184,0.915621
test_19185,0.001363
test_19186,0.715317
test_19187,0.998518
test_19188,0.946999
test_19189,0.913173
test_19190,0.864850
test_19191,0.000000
test_19192,0.999960
test_19193,0.020531
test_19194,0.004299
test_19195,0.000000
test_19196,0.999497
test_19197,0.321480
test_19198,0.996415
test_19199,0.000005
test_19200,0.376273
test_19201,0.971297
test_19202,0.991768
test_19203,0.999988
test_19204,0.966994
test_19205,0.717569
test_19206,0.907015
test_19207,0.056383
test_19208,0.999998
test_19209,0.999925
test_19210,0.001377
test_19211,0.000000
test_19212,0.988845
test_19213,0.915173
test_19214,0.042487
test_19215,0.005761
test_19216,0.000007
test_19217,0.999991
test_19218,0.023761
test_19219,0.571284
test_19220,0.223534
test_19221,0.036890
test_19222,0.999939
test_19223,0.998048
test_19224,0.000000
test_19225,0.000000
test_19226,0.968459
test_19227,0.080419
test_19228,0.999925
test_19229,0.000000
test_19230,0.628891
test_19231,0.999494
test_19232,0.999923
test_19233,0.999371
test_19234,0.001787
test_19235,0.000377
test_19236,0.000001
test_19237,0.000015
test_19238,0.004591
test_19239,0.000027
test_19240,0.984138
test_19241,0.442230
test_19242,0.730339
test_19243,0.999156
test_19244,0.988162
test_19245,0.999273
test_19246,1.000000
test_19247,0.000785
test_19248,1.000000
test_19249,0.000000
test_19250,1.000000
test_19251,0.988665
test_19252,0.000090
test_19253,0.001644
test_19254,0.999998
test_19255,0.999998
test_19256,0.936097
test_19257,0.006667
test_19258,0.000043
test_19259,0.000027
test_19260,0.719995
test_19261,0.854294
test_19262,0.994270
test_19263,0.224736
test_19264,0.000052
test_19265,0.662575
test_19266,0.020228
test_19267,0.999957
test_19268,0.925191
test_19269,0.001196
test_19270,0.012152
test_19271,0.002210
test_19272,0.999999
test_19273,0.999778
test_19274,0.000804
test_19275,0.999993
test_19276,0.981974
test_19277,0.000000
test_19278,0.085666
test_19279,0.452941
test_19280,0.553155
test_19281,0.808753
test_19282,0.000014
test_19283,0.106307
test_19284,0.439885
test_19285,0.943632
test_19286,0.000027
test_19287,0.999996
test_19288,0.009757
test_19289,0.000333
test_19290,0.999995
test_19291,0.000114
test_19292,0.392345
test_19293,0.000467
test_19294,0.999997
test_19295,0.999998
test_19296,0.997948
test_19297,0.000004
test_19298,0.999578
test_19299,0.442003
test_19300,0.013490
test_19301,0.266588
test_19302,0.004231
test_19303,1.000000
test_19304,0.994045
test_19305,0.000055
test_19306,0.999998
test_19307,0.999904
test_19308,0.999871
test_19309,0.050223
test_19310,0.000000
test_19311,0.000000
test_19312,0.000783
test_19313,0.000195
test_19314,0.032056
test_19315,0.999999
test_19316,1.000000
test_19317,0.004982
test_19318,0.999860
test_19319,0.013287
test_19320,0.999473
test_19321,0.481947
test_19322,0.002616
test_19323,0.999977
test_19324,0.000006
test_19325,0.312550
test_19326,0.000928
test_19327,0.981319
test_19328,0.000067
test_19329,0.052116
test_19330,0.718170
test_19331,0.000002
test_19332,1.000000
test_19333,0.000533
test_19334,0.000000
test_19335,0.001579
test_19336,0.000003
test_19337,0.000000
test_19338,0.999995
test_19339,0.038182
test_19340,0.999825
test_19341,0.045122
test_19342,0.999983
test_19343,0.999526
test_19344,0.000000
test_19345,0.999977
test_19346,0.198916
test_19347,0.375871
test_19348,0.002392
test_19349,0.000000
test_19350,0.000134
test_19351,0.000000
test_19352,0.864534
test_19353,0.000211
test_19354,0.999796
test_19355,0.000005
test_19356,0.698164
test_19357,0.417246
test_19358,0.499252
test_19359,0.999988
test_19360,0.000267
test_19361,0.001958
test_19362,0.000017
test_19363,0.000022
test_19364,0.995317
test_19365,0.023665
test_19366,0.030585
test_19367,0.256327
test_19368,0.999334
test_19369,0.669421
test_19370,0.870439
test_19371,0.000206
test_19372,0.011072
test_19373,0.295073
test_19374,0.854162
test_19375,0.555421
test_19376,1.000000
test_19377,1.000000
test_19378,0.750996
test_19379,0.000000
test_19380,0.969622
test_19381,0.987430
test_19382,0.000000
test_19383,0.999332
test_19384,0.999436
test_19385,0.999540
test_19386,0.996900
test_19387,0.020438
test_19388,0.952003
test_19389,0.699511
test_19390,0.999997
test_19391,0.997364
test_19392,0.027994
test_19393,0.629150
test_19394,0.999995
test_19395,0.000000
test_19396,0.999154
test_19397,0.001048
test_19398,0.540599
test_19399,0.413531
test_19400,0.001010
test_19401,0.999754
test_19402,0.064050
test_19403,0.000004
test_19404,0.000000
test_19405,0.999988
test_19406,0.999999
test_19407,0.107337
test_19408,0.266943
test_19409,0.000039
test_19410,0.000220
test_19411,0.014449
test_19412,0.011757
test_19413,0.999629
test_19414,0.000219
test_19415,0.001020
test_19416,0.999975
test_19417,0.562689
test_19418,0.000000
test_19419,0.974988
test_19420,0.000141
test_19421,0.999994
test_19422,0.700140
test_19423,0.954985
test_19424,0.112365
test_19425,0.000018
test_19426,0.005473
test_19427,0.004308
test_19428,0.999998
test_19429,0.892261
test_19430,0.893688
test_19431,1.000000
test_19432,0.984623
test_19433,0.000000
test_19434,0.998784
test_19435,1.000000
test_19436,0.997301
test_19437,0.938579
test_19438,0.000003
test_19439,0.994610
test_19440,0.000031
test_19441,0.998434
test_19442,0.895135
test_19443,0.001285
test_19444,0.000489
test_19445,0.000083
test_19446,0.999969
test_19447,0.007861
test_19448,0.997843
test_19449,0.999999
test_19450,0.976171
test_19451,0.999920
test_19452,0.999984
test_19453,0.971413
test_19454,0.997742
test_19455,0.549982
test_19456,0.000085
test_19457,0.999972
test_19458,0.992496
test_19459,0.951743
test_19460,0.000000
test_19461,0.000000
test_19462,0.999923
test_19463,0.076911
test_19464,0.501760
test_19465,0.352519
test_19466,0.934862
test_19467,0.995407
test_19468,0.990994
test_19469,0.999999
test_19470,0.005075
test_19471,0.000001
test_19472,0.999493
test_19473,1.000000
test_19474,0.702215
test_19475,0.999999
test_19476,0.989452
test_19477,0.000970
test_19478,0.024853
test_19479,1.000000
test_19480,0.999991
test_19481,0.988500
test_19482,0.000382
test_19483,0.999717
test_19484,0.981234
test_19485,0.180297
test_19486,0.107221
test_19487,0.875799
test_19488,0.998967
test_19489,0.612207
test_19490,0.000004
test_19491,0.185629
test_19492,0.000316
test_19493,0.999431
test_19494,0.999998
test_19495,1.000000
test_19496,0.962628
test_19497,0.155382
test_19498,0.999957
test_19499,0.987756
test_19500,0.000004
test_19501,0.946088
test_19502,0.000285
test_19503,0.176786
test_19504,0.000001
test_19505,0.980632
test_19506,0.364072
test_19507,0.787542
test_19508,0.999717
test_19509,0.994413
test_19510,0.989392
test_19511,0.607646
test_19512,0.504089
test_19513,0.252387
test_19514,0.985817
test_19515,0.000180
test_19516,0.964553
test_19517,0.164663
test_19518,0.999800
test_19519,0.999903
test_19520,0.003814
test_19521,0.447783
test_19522,0.004610
test_19523,0.924150
test_19524,0.269482
test_19525,0.000032
test_19526,0.000005
test_19527,0.935212
test_19528,0.002518
test_19529,0.343978
test_19530,0.000097
test_19531,0.408881
test_19532,0.919845
test_19533,0.000030
test_19534,0.998573
test_19535,0.070442
test_19536,0.892779
test_19537,0.999642
test_19538,0.995140
test_19539,1.000000
test_19540,0.434991
test_19541,0.893573
test_19542,0.822032
test_19543,0.000073
test_19544,0.999439
test_19545,0.999743
test_19546,0.999581
test_19547,0.000460
test_19548,0.999689
test_19549,0.000006
test_19550,0.007437
test_19551,0.978896
test_19552,0.969042
test_19553,0.000099
test_19554,0.000019
test_19555,0.999978
test_19556,0.000013
test_19557,0.084424
test_19558,0.003592
test_19559,0.000421
test_19560,0.999997
test_19561,0.998198
test_19562,0.849108
test_19563,0.983152
test_19564,0.002292
test_19565,0.000021
test_19566,0.009506
test_19567,0.995209
test_19568,0.000415
test_19569,0.018043
test_19570,0.645357
test_19571,0.443948
test_19572,0.999982
test_19573,0.498957
test_19574,0.000362
test_19575,0.000002
test_19576,0.999962
test_19577,0.987767
test_19578,0.939793
test_19579,0.000282
test_19580,0.000019
test_19581,0.489849
test_19582,0.995284
test_19583,0.000000
test_19584,0.000418
test_19585,1.000000
test_19586,0.956339
test_19587,0.103654
test_19588,1.000000
test_19589,0.000001
test_19590,0.980276
test_19591,0.983283
test_19592,0.946959
test_19593,0.969338
test_19594,0.000566
test_19595,0.000017
test_19596,0.999997
test_19597,0.002306
test_19598,0.003506
test_19599,0.470087
test_19600,0.025878
test_19601,0.000004
test_19602,0.003272
test_19603,0.999998
test_19604,0.979414
test_19605,0.000050
test_19606,0.999707
test_19607,0.003287
test_19608,0.000126
test_19609,0.193184
test_19610,0.862093
test_19611,0.563296
test_19612,0.200317
test_19613,1.000000
test_19614,0.094019
test_19615,1.000000
test_19616,0.000000
test_19617,0.291178
test_19618,0.941122
test_19619,0.999798
test_19620,0.314304
test_19621,0.000000
test_19622,0.000046
test_19623,0.000017
test_19624,0.000000
test_19625,0.999980
test_19626,0.000005
test_19627,0.000000
test_19628,0.872100
test_19629,0.001874
test_19630,0.999999
test_19631,0.622690
test_19632,0.971229
test_19633,0.999839
test_19634,0.454374
test_19635,1.000000
test_19636,0.927068
test_19637,0.000000
test_19638,0.996710
test_19639,0.014782
test_19640,0.000000
test_19641,0.616598
test_19642,0.000005
test_19643,0.000000
test_19644,0.000001
test_19645,0.334102
test_19646,0.084447
test_19647,0.999999
test_19648,0.007021
test_19649,0.140333
test_19650,0.008737
test_19651,0.024084
test_19652,0.012152
test_19653,0.188288
test_19654,0.012062
test_19655,0.115659
test_19656,0.000267
test_19657,0.080860
test_19658,0.082360
test_19659,0.997205
test_19660,0.999970
test_19661,0.008459
test_19662,0.973083
test_19663,0.045740
test_19664,0.994274
test_19665,0.999586
test_19666,0.921684
test_19667,0.999560
test_19668,0.000737
test_19669,0.034113
test_19670,0.940436
test_19671,0.000938
test_19672,0.922969
test_19673,0.003160
test_19674,0.007276
test_19675,0.113827
test_19676,0.999450
test_19677,0.998390
test_19678,0.000193
test_19679,0.587549
test_19680,0.996559
test_19681,0.020831
test_19682,0.063994
test_19683,0.999889
test_19684,0.000055
test_19685,0.816059
test_19686,0.999956
test_19687,0.000105
test_19688,0.575095
test_19689,0.999982
test_19690,0.368623
test_19691,0.999995
test_19692,0.995160
test_19693,0.273853
test_19694,0.563988
test_19695,0.542446
test_19696,0.999996
test_19697,0.002532
test_19698,0.986810
test_19699,0.999957
test_19700,0.144839
test_19701,0.000167
test_19702,0.009833
test_19703,0.000000
test_19704,0.999477
test_19705,0.000316
test_19706,0.000099
test_19707,0.674782
test_19708,0.356963
test_19709,0.000014
test_19710,0.998148
test_19711,0.000128
test_19712,0.996328
test_19713,0.999999
test_19714,0.000142
test_19715,0.000328
test_19716,0.005038
test_19717,0.999016
test_19718,0.915695
test_19719,0.999990
test_19720,1.000000
test_19721,0.891655
test_19722,0.000023
test_19723,0.998736
test_19724,0.000000
test_19725,0.999967
test_19726,0.997185
test_19727,0.000039
test_19728,0.999227
test_19729,0.010626
test_19730,0.000002
test_19731,0.027719
test_19732,1.000000
test_19733,0.000001
test_19734,0.957610
test_19735,0.999624
test_19736,0.989700
test_19737,0.015277
test_19738,0.942505
test_19739,0.000009
test_19740,0.999620
test_19741,0.999998
test_19742,0.000009
test_19743,0.000000
test_19744,0.995431
test_19745,0.993688
test_19746,0.000015
test_19747,0.478901
test_19748,0.000320
test_19749,0.569319
test_19750,0.999999
test_19751,0.000000
test_19752,0.999709
test_19753,0.000094
test_19754,0.000343
test_19755,0.941427
test_19756,0.961745
test_19757,1.000000
test_19758,0.000002
test_19759,0.999400
test_19760,0.974554
test_19761,0.002160
test_19762,0.000042
test_19763,0.015766
test_19764,0.247282
test_19765,0.998940
test_19766,0.001045
test_19767,0.127162
test_19768,0.000638
test_19769,0.016764
test_19770,0.000004
test_19771,0.979174
test_19772,0.999819
test_19773,0.003404
test_19774,0.000149
test_19775,0.000765
test_19776,0.998783
test_19777,0.000128
test_19778,0.999182
test_19779,0.868149
test_19780,0.944156
test_19781,0.000001
test_19782,0.958500
test_19783,0.001935
test_19784,1.000000
test_19785,0.858866
test_19786,0.999788
test_19787,0.000000
test_19788,0.993831
test_19789,0.810142
test_19790,0.999993
test_19791,0.072187
test_19792,0.824044
test_19793,0.007116
test_19794,0.013960
test_19795,0.000026
test_19796,0.003048
test_19797,0.656711
test_19798,0.000001
test_19799,0.999955
test_19800,0.000001
test_19801,0.000009
test_19802,0.000245
test_19803,0.999799
test_19804,0.310944
test_19805,0.000011
test_19806,0.423272
test_19807,0.999976
test_19808,0.000000
test_19809,0.043217
test_19810,0.646490
test_19811,0.999212
test_19812,0.331088
test_19813,0.180233
test_19814,0.999091
test_19815,0.001210
test_19816,0.935989
test_19817,0.976662
test_19818,0.000259
test_19819,0.998330
test_19820,0.001569
test_19821,0.965827
test_19822,0.996720
test_19823,0.587307
test_19824,0.268295
test_19825,0.994631
test_19826,0.027600
test_19827,0.999986
test_19828,0.000026
test_19829,0.000000
test_19830,0.999771
test_19831,0.005278
test_19832,0.998158
test_19833,0.458042
test_19834,0.444788
test_19835,0.440115
test_19836,0.000393
test_19837,0.982974
test_19838,1.000000
test_19839,0.845861
test_19840,0.766738
test_19841,0.000044
test_19842,0.000974
test_19843,0.000018
test_19844,0.000006
test_19845,0.014818
test_19846,0.999959
test_19847,0.999590
test_19848,0.029825
test_19849,0.094947
test_19850,0.922033
test_19851,0.019373
test_19852,0.220244
test_19853,0.007081
test_19854,0.986431
test_19855,0.929636
test_19856,0.999120
test_19857,0.655350
test_19858,0.281980
test_19859,0.574721
test_19860,0.000000
test_19861,0.000744
test_19862,0.000103
test_19863,0.825602
test_19864,0.000000
test_19865,0.817917
test_19866,0.000508
test_19867,1.000000
test_19868,0.639387
test_19869,0.000011
test_19870,0.000279
test_19871,1.000000
test_19872,0.999998
test_19873,0.999986
test_19874,0.000070
test_19875,0.000105
test_19876,0.000003
test_19877,0.412893
test_19878,0.452543
test_19879,0.886109
test_19880,0.384483
test_19881,0.090988
test_19882,0.993095
test_19883,0.657851
test_19884,0.136014
test_19885,0.493915
test_19886,0.999971
test_19887,0.999950
test_19888,0.000012
test_19889,0.995129
test_19890,0.999974
test_19891,0.387871
test_19892,0.977186
test_19893,0.640994
test_19894,0.000005
test_19895,0.999990
test_19896,0.001765
test_19897,0.242682
test_19898,0.000117
test_19899,0.000000
test_19900,0.999920
test_19901,0.000034
test_19902,0.999895
test_19903,0.750788
test_19904,1.000000
test_19905,0.541823
test_19906,0.719998
test_19907,0.001278
test_19908,0.442620
test_19909,0.000637
test_19910,0.000791
test_19911,0.000787
test_19912,0.018253
test_19913,0.999677
test_19914,0.009362
test_19915,0.002092
test_19916,0.000048
test_19917,0.000140
test_19918,0.027681
test_19919,0.008425
test_19920,0.650018
test_19921,0.988227
test_19922,1.000000
test_19923,0.999953
test_19924,0.004699
test_19925,0.685574
test_19926,0.025982
test_19927,0.392737
test_19928,0.002887
test_19929,0.999871
test_19930,0.519564
test_19931,1.000000
test_19932,0.971134
test_19933,0.000009
test_19934,0.997816
test_19935,0.000000
test_19936,0.999870
test_19937,0.935023
test_19938,0.999935
test_19939,0.001093
test_19940,0.000096
test_19941,0.020848
test_19942,0.000428
test_19943,0.941867
test_19944,0.999995
test_19945,0.000022
test_19946,0.000308
test_19947,0.000238
test_19948,0.999969
test_19949,0.000442
test_19950,0.788931
test_19951,0.999870
test_19952,0.952577
test_19953,0.000000
test_19954,0.000000
test_19955,0.000476
test_19956,0.000000
test_19957,0.000143
test_19958,0.391703
test_19959,0.999974
test_19960,0.328708
test_19961,0.689864
test_19962,0.000000
test_19963,0.000045
test_19964,0.436275
test_19965,0.060838
test_19966,0.999997
test_19967,0.480258
test_19968,0.842422
test_19969,0.019830
test_19970,0.143827
test_19971,0.015631
test_19972,0.046781
test_19973,0.999993
test_19974,0.877854
test_19975,0.000000
test_19976,0.985533
test_19977,0.000365
test_19978,0.273442
test_19979,0.000011
test_19980,0.528631
test_19981,1.000000
test_19982,0.999993
test_19983,0.999980
test_19984,0.349238
test_19985,0.000000
test_19986,0.061674
test_19987,0.996366
test_19988,0.999919
test_19989,0.005145
test_19990,0.454121
test_19991,0.999999
test_19992,0.000000
test_19993,0.423006
test_19994,0.350422
test_19995,0.914318
test_19996,0.000871
test_19997,0.000002
test_19998,0.000000
test_19999,0.521846
